0,1,2,3,4,5,6,7,8,9,Semestre,Area_Origen
Selecciona el semestre a consultar  ----------- 1er Semestre 	3er Semestre 	5to Semestre 	7mo Semestre  OPTATIVAS DE GENERO (Plan 2008)  OPTATIVAS,Selecciona el tipo de busqueda  ----------- Grupo,Selecciona el campo del conocimiento  ----------- Todos,,,,,,,,1er Semestre,Todos
,,,,,,,,,,1er Semestre,Todos
,,,,,,,,,,1er Semestre,Todos
"Grupo 1001  CLAVE  ASIGNATURA  LUNES  MARTES  MIERCOLES  JUEVES  VIERNES  SABADO  PROFESOR  OBSERVACIONES  1100  BASES BIOLOGICAS DE LA CONDUCTA  07:00 a 08:30 A 303  07:00 a 08:30 A 303  SANCHEZ DINORIN GERARDO  1101  HISTORIA DE LA PSICOLOGIA  07:00 a 08:30 A 303  07:00 a 08:30 A 303  PROFESOR PENDIENTE LA CLASE LA IMPARTIRá EL PROFESOR SANTIAGO VILLASEñOR 1102  IDENTIDAD UNIVERSITARIA  08:30 a 10:30 A 305  LOPEZ HERNANDEZ RENATA  1103  MODELOS EN PSICOLOGIA CLINICA  08:30 a 11:30 A 303  MONJARÁS RODRÍGUEZ MARÍA TERESA  1104  PSICOLOGIA SOCIAL DE LA INTERACC.  08:30 a 10:30 A 303  08:30 a 10:30 A 303  SANCHEZ ARAGON ROZZANA  1105  TEORIA COMPUTACIONAL DE LA MENTE  07:00 a 10:00 A 303  TRIGO CLAPES ANA LAURA  8000  GENERO, FIMINIS. VIOLENC. DCHOS. HUMAN  11:00 a 14:00 A 208  NAVARRO CORONA CLAUDIA IVETTE  Grupo 1002  CLAVE  ASIGNATURA  LUNES  MARTES  MIERCOLES  JUEVES  VIERNES  SABADO  PROFESOR  OBSERVACIONES  1100  BASES BIOLOGICAS DE LA CONDUCTA  07:00 a 08:30 A 305  07:00 a 08:30 A 305  OROZCO CALDERON GABRIELA  1101  HISTORIA DE LA PSICOLOGIA  07:00 a 08:30 A 305  07:00 a 08:30 A 305  SASTRE RODRIGUEZ VICTOR FIDEL  1102  IDENTIDAD UNIVERSITARIA  08:30 a 10:30 A 303  LOZADA VAZQUEZ RICARDO ALBERTO  1103  MODELOS EN PSICOLOGIA CLINICA  08:30 a 11:30 A 305  PROFESOR PENDIENTE IMPARTIRá LA ASIGNATURA EL DR. MARTíN MANZANARES RUIZ INVITADO DEL INSTITUTO DE INVESTIGACIONES SOCIALES, UNAM  1104  PSICOLOGIA SOCIAL DE LA INTERACC.  08:30 a 10:30 A 305  08:30 a 10:30 A 305  FLORES MORALES ROGELIO  1105  TEORIA COMPUTACIONAL DE LA MENTE  07:00 a 10:00 A 305  LUNA IZQUIERDO MIGUEL ANGEL  8000  GENERO, FIMINIS. VIOLENC. DCHOS. HUMAN  11:00 a 14:00 A 303  CHAVARRIA LUNA SALVADOR  Grupo 1003  CLAVE  ASIGNATURA  LUNES  MARTES  MIERCOLES  JUEVES  VIERNES  SABADO  PROFESOR  OBSERVACIONES  1100  BASES BIOLOGICAS DE LA CONDUCTA  09:00 a 10:30 A 104  09:00 a 10:30 A 104  GALAN LOPEZ ITZEL GRACIELA  1101  HISTORIA DE LA PSICOLOGIA  12:00 a 13:30 A 105  10:30 a 12:00 A 203  PALAFOX PALAFOX GERMAN  1102  IDENTIDAD UNIVERSITARIA  12:00 a 14:00 A 203  REYES CONTRERAS RAUL  1103  MODELOS EN PSICOLOGIA CLINICA  09:00 a 12:00 A 307  LOPEZ MONTOYA ALEJANDRA  1104  PSICOLOGIA SOCIAL DE LA INTERACC.  09:00 a 13:00 A 306  FLORES MORALES ROGELIO  1105  TEORIA COMPUTACIONAL DE LA MENTE  10:00 a 13:00 A 305  ALATORRE RICO JAVIER  8000  GENERO, FIMINIS. VIOLENC. DCHOS. HUMAN  11:00 a 14:00 A 209  GARCIA VIGIL MARIA HORTENSIA  Grupo 1004  CLAVE  ASIGNATURA  LUNES  MARTES  MIERCOLES  JUEVES  VIERNES  SABADO  PROFESOR  OBSERVACIONES  1100  BASES BIOLOGICAS DE LA CONDUCTA  09:00 a 10:30 A 306  09:00 a 10:30 A 306  ROJAS RAMOS OLGA ARACELI  1101  HISTORIA DE LA PSICOLOGIA  12:00 a 13:30 A 307  10:30 a 12:00 A 306  MOLINA AVILES JORGE ORLANDO  1102  IDENTIDAD UNIVERSITARIA  12:00 a 14:00 A 105  LARIOS DELGADO ANGELICA  1103  MODELOS EN PSICOLOGIA CLINICA  09:00 a 12:00 A 105  MANCILLA GOMEZ BLANCA ELENA  1104  PSICOLOGIA SOCIAL DE LA INTERACC.  09:00 a 13:00 A 203  DOMINGUEZ ZUÑIGA TANIA FABIOLA ORTIZ HERNANDEZ CITLALI QUETZALLI  1105  TEORIA COMPUTACIONAL DE LA MENTE  10:00 a 13:00 A 303  LOPEZ RAMIREZ JOSE LUIS  8000  GENERO, FIMINIS. VIOLENC. DCHOS. HUMAN  11:00 a 14:00 A 208  CHAPA ROMERO ANA CELIA  Grupo 1005  CLAVE  ASIGNATURA  LUNES  MARTES  MIERCOLES  JUEVES  VIERNES  SABADO  PROFESOR  OBSERVACIONES  1100  BASES BIOLOGICAS DE LA CONDUCTA  09:00 a 10:30 A 104  09:00 a 10:30 A 104  LAGARDE LOZANO B. MARGARITA REGINA  1101  HISTORIA DE LA PSICOLOGIA  12:00 a 14:00 A 207  10:30 a 11:30 A 306  VELAZQUEZ MARTINEZ DAVID NATHANAEL  1102  IDENTIDAD UNIVERSITARIA  08:00 a 10:00 A 210  CRUZ CRUZ ALEJANDRA  1103  MODELOS EN PSICOLOGIA CLINICA  09:00 a 12:00 A 207  PROFESOR PENDIENTE LA CLASE SERÁ IMPARTIDA POR MA MTRA. MARIA GUADALUPE VITAL CEDILLO  1104  PSICOLOGIA SOCIAL DE LA INTERACC.  11:30 a 13:30 A 203  11:00 a 13:00 A 303  NIÑO CALIXTO ENA ERENDIRA  1105  TEORIA COMPUTACIONAL DE LA MENTE  10:30 a 13:30 A 306  LUNA IZQUIERDO MIGUEL ANGEL  8000  GENERO, FIMINIS. VIOLENC. DCHOS. HUMAN  10:00 a 13:00 A 210  HERNANDEZ CRESPO TANIA JIMENA  Grupo 1006  CLAVE  ASIGNATURA  LUNES  MARTES  MIERCOLES  JUEVES  VIERNES  SABADO  PROFESOR  OBSERVACIONES  1100  BASES BIOLOGICAS DE LA CONDUCTA  09:00 a 10:30 A 306  09:00 a 10:30 A 306  SANCHEZ DINORIN GERARDO  1101  HISTORIA DE LA PSICOLOGIA  12:00 a 14:00 A 210  10:30 a 11:30 A 104  BERNAL GAMBOA LUIS RODOLFO  1102  IDENTIDAD UNIVERSITARIA  08:00 a 10:00 A 209  PROFESOR PENDIENTE LA CLASE LA IMPARTIRA EL PROFESOR BRUNO VELAZQUEZ  1103  MODELOS EN PSICOLOGIA CLINICA  09:00 a 12:00 A 307  PROFESOR PENDIENTE LA CLASE SERá IMPARTIDA POR LA MTRA. ÁNGELES SáNCHEZ GARDUñO (DOCTORANTE)  1104  PSICOLOGIA SOCIAL DE LA INTERACC.  11:30 a 13:30 A 306  11:00 a 13:00 A 305  MEDINA LIBERTY JOSE ADRIAN ALFREDO  1105  TEORIA COMPUTACIONAL DE LA MENTE  10:30 a 13:30 Sal. de Lec. Bibl.  POLO MARTINEZ FERNANDO JAVIER  8000  GENERO, FIMINIS. VIOLENC. DCHOS. HUMAN  10:00 a 13:00 A 107  TZOMPANTZI MIGUEL CLAUDIO ARTURO  Grupo 1007  CLAVE  ASIGNATURA  LUNES  MARTES  MIERCOLES  JUEVES  VIERNES  SABADO  PROFESOR  OBSERVACIONES  1100  BASES BIOLOGICAS DE LA CONDUCTA  17:30 a 19:00 A 203  17:00 a 18:30 A 206  ALCALA HERRERA VERONICA MARIA DEL CONSUELO  1101  HISTORIA DE LA PSICOLOGIA  16:00 a 17:30 A 305  17:00 a 18:30 A 107  DURON FIGUEROA RAUL  1102  IDENTIDAD UNIVERSITARIA  17:30 a 19:30 A 303  PROFESOR PENDIENTE LA CLASE LA IMPARTIRA EL PROFESOR CARLOS ESTRELLA  1103  MODELOS EN PSICOLOGIA CLINICA  13:00 a 16:00 A 305  PROFESOR PENDIENTE IMPARTIRÁ LA ASIGNATURA LA MTRA. BRENDA ÃNGELES BASILIO (DOCTORANTE)  1104  PSICOLOGIA SOCIAL DE LA INTERACC.  15:00 a 17:00 A 306  15:00 a 17:00 A 107  RAMOS BELTRAN IGNACIO  1105  TEORIA COMPUTACIONAL DE LA MENTE  14:30 a 17:30 A 303  BERLANGA HERNANDEZ FABIOLA  8000  GENERO, FIMINIS. VIOLENC. DCHOS. HUMAN  13:00 a 16:00 A 303  NAVARRO CORONA CLAUDIA IVETTE  Grupo 1008  CLAVE  ASIGNATURA  LUNES  MARTES  MIERCOLES  JUEVES  VIERNES  SABADO  PROFESOR  OBSERVACIONES  1100  BASES BIOLOGICAS DE LA CONDUCTA  17:30 a 19:00 A 305  17:00 a 18:30 A 306  SANCHEZ CASTILLO HUGO  1101  HISTORIA DE LA PSICOLOGIA  16:00 a 17:30 A 203  17:00 a 18:30 A 207  GALLARDO RAMIREZ LUIS MARIANO  1102  IDENTIDAD UNIVERSITARIA  17:30 a 19:30 A 206  LOZADA VAZQUEZ RICARDO ALBERTO  1103  MODELOS EN PSICOLOGIA CLINICA  13:00 a 16:00 A 203  MARQUEZ VERDUZCO DAVID  1104  PSICOLOGIA SOCIAL DE LA INTERACC.  15:00 a 17:00 A 305  15:00 a 17:00 A 207  RIVERA ARAGON SOFIA  1105  TEORIA COMPUTACIONAL DE LA MENTE  14:30 a 17:30 A 206  LOPEZ RAMIREZ JOSE LUIS  8000  GENERO, FIMINIS. VIOLENC. DCHOS. HUMAN  13:00 a 16:00 A 305  HERNANDEZ CRESPO TANIA JIMENA  Grupo 1009  CLAVE  ASIGNATURA  LUNES  MARTES  MIERCOLES  JUEVES  VIERNES  SABADO  PROFESOR  OBSERVACIONES  1100  BASES BIOLOGICAS DE LA CONDUCTA  17:30 a 19:00 A 307  17:30 a 19:00 A 104  FLORES CRUZ MARIA GUADALUPE  1101  HISTORIA DE LA PSICOLOGIA  16:00 a 17:30 A 104  16:00 a 17:30 A 106  HERRERA ORTIZ MIGUEL  1102  IDENTIDAD UNIVERSITARIA  14:00 a 16:00 A 208  TORRES TORRES ERIKA ALEJANDRA  1103  MODELOS EN PSICOLOGIA CLINICA  13:00 a 16:00 A 203  BARRERA GUTIERREZ JOSE LUIS  1104  PSICOLOGIA SOCIAL DE LA INTERACC.  16:00 a 20:00 A 209  FERNANDEZ CHRISTLIEB PABLO FERNANDO  1105  TEORIA COMPUTACIONAL DE LA MENTE  16:00 a 19:00 AULA PENDIENTE  POLO MARTINEZ FERNANDO JAVIER  LA CLASE SERá EN EL AUDITORIO 8000  GENERO, FIMINIS. VIOLENC. DCHOS. HUMAN  16:00 a 19:00 A 107  ROCHA SANCHEZ TANIA ESMERALDA  Grupo 1010  CLAVE  ASIGNATURA  LUNES  MARTES  MIERCOLES  JUEVES  VIERNES  SABADO  PROFESOR  OBSERVACIONES  1100  BASES BIOLOGICAS DE LA CONDUCTA  18:30 a 20:00 A 303  18:30 a 20:00 A 206  PEREZ FERRARA DAVID ALEJANDRO  1101  HISTORIA DE LA PSICOLOGIA  17:00 a 18:30 A 303  17:00 a 18:30 A 307  BENAVIDES ZAPATA RODRIGO  1102  IDENTIDAD UNIVERSITARIA  17:30 a 19:30 A 104  LARIOS DELGADO ANGELICA  1103  MODELOS EN PSICOLOGIA CLINICA  16:00 a 19:00 A 306  VILLANUEVA OROZCO GERARDO BENJAMÍN TONATIUH  1104  PSICOLOGIA SOCIAL DE LA INTERACC.  15:00 a 17:00 A 303  14:00 a 16:00 A 306  SEGURA HIDALGO JESUS  1105  TEORIA COMPUTACIONAL DE LA MENTE  16:00 a 19:00 A 208  LOPEZ BANDA EDMUNDO ANTONIO  8000  GENERO, FIMINIS. VIOLENC. DCHOS. HUMAN  16:00 a 17:30 A 104  15:30 a 17:00 A 206  HERNANDEZ CRESPO TANIA JIMENA  Grupo 1011  CLAVE  ASIGNATURA  LUNES  MARTES  MIERCOLES  JUEVES  VIERNES  SABADO  PROFESOR  OBSERVACIONES  1100  BASES BIOLOGICAS DE LA CONDUCTA  18:00 a 19:30 A 306  18:00 a 19:30 A 105  ALCALA HERRERA VERONICA MARIA DEL CONSUELO  1101  HISTORIA DE LA PSICOLOGIA  16:00 a 19:00 A 106  GALLARDO RAMIREZ LUIS MARIANO  1102  IDENTIDAD UNIVERSITARIA  18:00 a 20:00 A 208  LOZADA VAZQUEZ RICARDO ALBERTO  1103  MODELOS EN PSICOLOGIA CLINICA  13:00 a 16:00 A 306  VILLANUEVA OROZCO GERARDO BENJAMÍN TONATIUH  1104  PSICOLOGIA SOCIAL DE LA INTERACC.  16:00 a 18:00 A 306  16:00 a 18:00 A 105  FERNANDEZ CHRISTLIEB PABLO FERNANDO  1105  TEORIA COMPUTACIONAL DE LA MENTE  15:00 a 18:00 A 208  MATA ROSAS FERNANDO  8000  GENERO, FIMINIS. VIOLENC. DCHOS. HUMAN  11:00 a 14:00 A 104  RODRIGUEZ SERRANO AIDEE ELENA  Grupo 1012  CLAVE  ASIGNATURA  LUNES  MARTES  MIERCOLES  JUEVES  VIERNES  SABADO  PROFESOR  OBSERVACIONES  1100  BASES BIOLOGICAS DE LA CONDUCTA  16:00 a 17:30 A 104  17:30 a 19:00 A 104  RAMIREZ FLORES MAURA JAZMIN  1101  HISTORIA DE LA PSICOLOGIA  16:00 a 17:30 A 307  18:00 a 19:30 A 209  PROFESOR PENDIENTE LA CLASE LA IMPARTIRA LA PROFESORA BRISSA GUTIERREZ  1102  IDENTIDAD UNIVERSITARIA  17:30 a 19:30 A 306  LOPEZ HERNANDEZ RENATA  1103  MODELOS EN PSICOLOGIA CLINICA  15:00 a 18:00 A 106  JOYA LAUREANO LILIA  1104  PSICOLOGIA SOCIAL DE LA INTERACC.  13:30 a 15:30 A 306  13:30 a 15:30 A 306  FLORES MORALES ROGELIO  1105  TEORIA COMPUTACIONAL DE LA MENTE  14:30 a 17:30 Sal. de Lec. Bibl.  DIAZ BARRIGA ARCEO FRIDA  8000  GENERO, FIMINIS. VIOLENC. DCHOS. HUMAN  13:30 a 15:00 A 306  18:00 a 19:30 A 209  TORRES TORRES ERIKA ALEJANDRA  Grupo 1013  CLAVE  ASIGNATURA  LUNES  MARTES  MIERCOLES  JUEVES  VIERNES  SABADO  PROFESOR  OBSERVACIONES  1100  BASES BIOLOGICAS DE LA CONDUCTA  17:00 a 18:30 A 105  17:00 a 18:30 A 306  ROJAS RAMOS OLGA ARACELI  1101  HISTORIA DE LA PSICOLOGIA  15:30 a 17:00 A 306  18:30 a 20:00 A 306  BENAVIDES ZAPATA RODRIGO  1102  IDENTIDAD UNIVERSITARIA  17:00 a 19:00 A 307  BENAVIDES ZAPATA RODRIGO  1103  MODELOS EN PSICOLOGIA CLINICA  14:00 a 17:00 A 207  PROFESOR PENDIENTE IMPARTIRá LA ASIGNATURA EL MTRO. ULISES GONZáLEZ DELGADO INVITADO DEL INSTITUTO NACIONAL DE REHABILITACIóN  1104  PSICOLOGIA SOCIAL DE LA INTERACC.  15:30 a 17:30 A 107  15:00 a 17:00 A 210  GARCIA MERAZ MELISSA  1105  TEORIA COMPUTACIONAL DE LA MENTE  15:00 a 18:00 A 105  BERLANGA HERNANDEZ FABIOLA  8000  GENERO, FIMINIS. VIOLENC. DCHOS. HUMAN  18:30 a 20:00 A 105  18:00 a 19:30 A 305  TORRES TORRES ERIKA ALEJANDRA","Grupo 1001  CLAVE  ASIGNATURA  LUNES  MARTES  MIERCOLES  JUEVES  VIERNES  SABADO  PROFESOR  OBSERVACIONES  1100  BASES BIOLOGICAS DE LA CONDUCTA  07:00 a 08:30 A 303  07:00 a 08:30 A 303  SANCHEZ DINORIN GERARDO  1101  HISTORIA DE LA PSICOLOGIA  07:00 a 08:30 A 303  07:00 a 08:30 A 303  PROFESOR PENDIENTE LA CLASE LA IMPARTIRá EL PROFESOR SANTIAGO VILLASEñOR 1102  IDENTIDAD UNIVERSITARIA  08:30 a 10:30 A 305  LOPEZ HERNANDEZ RENATA  1103  MODELOS EN PSICOLOGIA CLINICA  08:30 a 11:30 A 303  MONJARÁS RODRÍGUEZ MARÍA TERESA  1104  PSICOLOGIA SOCIAL DE LA INTERACC.  08:30 a 10:30 A 303  08:30 a 10:30 A 303  SANCHEZ ARAGON ROZZANA  1105  TEORIA COMPUTACIONAL DE LA MENTE  07:00 a 10:00 A 303  TRIGO CLAPES ANA LAURA  8000  GENERO, FIMINIS. VIOLENC. DCHOS. HUMAN  11:00 a 14:00 A 208  NAVARRO CORONA CLAUDIA IVETTE  Grupo 1002  CLAVE  ASIGNATURA  LUNES  MARTES  MIERCOLES  JUEVES  VIERNES  SABADO  PROFESOR  OBSERVACIONES  1100  BASES BIOLOGICAS DE LA CONDUCTA  07:00 a 08:30 A 305  07:00 a 08:30 A 305  OROZCO CALDERON GABRIELA  1101  HISTORIA DE LA PSICOLOGIA  07:00 a 08:30 A 305  07:00 a 08:30 A 305  SASTRE RODRIGUEZ VICTOR FIDEL  1102  IDENTIDAD UNIVERSITARIA  08:30 a 10:30 A 303  LOZADA VAZQUEZ RICARDO ALBERTO  1103  MODELOS EN PSICOLOGIA CLINICA  08:30 a 11:30 A 305  PROFESOR PENDIENTE IMPARTIRá LA ASIGNATURA EL DR. MARTíN MANZANARES RUIZ INVITADO DEL INSTITUTO DE INVESTIGACIONES SOCIALES, UNAM  1104  PSICOLOGIA SOCIAL DE LA INTERACC.  08:30 a 10:30 A 305  08:30 a 10:30 A 305  FLORES MORALES ROGELIO  1105  TEORIA COMPUTACIONAL DE LA MENTE  07:00 a 10:00 A 305  LUNA IZQUIERDO MIGUEL ANGEL  8000  GENERO, FIMINIS. VIOLENC. DCHOS. HUMAN  11:00 a 14:00 A 303  CHAVARRIA LUNA SALVADOR  Grupo 1003  CLAVE  ASIGNATURA  LUNES  MARTES  MIERCOLES  JUEVES  VIERNES  SABADO  PROFESOR  OBSERVACIONES  1100  BASES BIOLOGICAS DE LA CONDUCTA  09:00 a 10:30 A 104  09:00 a 10:30 A 104  GALAN LOPEZ ITZEL GRACIELA  1101  HISTORIA DE LA PSICOLOGIA  12:00 a 13:30 A 105  10:30 a 12:00 A 203  PALAFOX PALAFOX GERMAN  1102  IDENTIDAD UNIVERSITARIA  12:00 a 14:00 A 203  REYES CONTRERAS RAUL  1103  MODELOS EN PSICOLOGIA CLINICA  09:00 a 12:00 A 307  LOPEZ MONTOYA ALEJANDRA  1104  PSICOLOGIA SOCIAL DE LA INTERACC.  09:00 a 13:00 A 306  FLORES MORALES ROGELIO  1105  TEORIA COMPUTACIONAL DE LA MENTE  10:00 a 13:00 A 305  ALATORRE RICO JAVIER  8000  GENERO, FIMINIS. VIOLENC. DCHOS. HUMAN  11:00 a 14:00 A 209  GARCIA VIGIL MARIA HORTENSIA  Grupo 1004  CLAVE  ASIGNATURA  LUNES  MARTES  MIERCOLES  JUEVES  VIERNES  SABADO  PROFESOR  OBSERVACIONES  1100  BASES BIOLOGICAS DE LA CONDUCTA  09:00 a 10:30 A 306  09:00 a 10:30 A 306  ROJAS RAMOS OLGA ARACELI  1101  HISTORIA DE LA PSICOLOGIA  12:00 a 13:30 A 307  10:30 a 12:00 A 306  MOLINA AVILES JORGE ORLANDO  1102  IDENTIDAD UNIVERSITARIA  12:00 a 14:00 A 105  LARIOS DELGADO ANGELICA  1103  MODELOS EN PSICOLOGIA CLINICA  09:00 a 12:00 A 105  MANCILLA GOMEZ BLANCA ELENA  1104  PSICOLOGIA SOCIAL DE LA INTERACC.  09:00 a 13:00 A 203  DOMINGUEZ ZUÑIGA TANIA FABIOLA ORTIZ HERNANDEZ CITLALI QUETZALLI  1105  TEORIA COMPUTACIONAL DE LA MENTE  10:00 a 13:00 A 303  LOPEZ RAMIREZ JOSE LUIS  8000  GENERO, FIMINIS. VIOLENC. DCHOS. HUMAN  11:00 a 14:00 A 208  CHAPA ROMERO ANA CELIA  Grupo 1005  CLAVE  ASIGNATURA  LUNES  MARTES  MIERCOLES  JUEVES  VIERNES  SABADO  PROFESOR  OBSERVACIONES  1100  BASES BIOLOGICAS DE LA CONDUCTA  09:00 a 10:30 A 104  09:00 a 10:30 A 104  LAGARDE LOZANO B. MARGARITA REGINA  1101  HISTORIA DE LA PSICOLOGIA  12:00 a 14:00 A 207  10:30 a 11:30 A 306  VELAZQUEZ MARTINEZ DAVID NATHANAEL  1102  IDENTIDAD UNIVERSITARIA  08:00 a 10:00 A 210  CRUZ CRUZ ALEJANDRA  1103  MODELOS EN PSICOLOGIA CLINICA  09:00 a 12:00 A 207  PROFESOR PENDIENTE LA CLASE SERÁ IMPARTIDA POR MA MTRA. MARIA GUADALUPE VITAL CEDILLO  1104  PSICOLOGIA SOCIAL DE LA INTERACC.  11:30 a 13:30 A 203  11:00 a 13:00 A 303  NIÑO CALIXTO ENA ERENDIRA  1105  TEORIA COMPUTACIONAL DE LA MENTE  10:30 a 13:30 A 306  LUNA IZQUIERDO MIGUEL ANGEL  8000  GENERO, FIMINIS. VIOLENC. DCHOS. HUMAN  10:00 a 13:00 A 210  HERNANDEZ CRESPO TANIA JIMENA  Grupo 1006  CLAVE  ASIGNATURA  LUNES  MARTES  MIERCOLES  JUEVES  VIERNES  SABADO  PROFESOR  OBSERVACIONES  1100  BASES BIOLOGICAS DE LA CONDUCTA  09:00 a 10:30 A 306  09:00 a 10:30 A 306  SANCHEZ DINORIN GERARDO  1101  HISTORIA DE LA PSICOLOGIA  12:00 a 14:00 A 210  10:30 a 11:30 A 104  BERNAL GAMBOA LUIS RODOLFO  1102  IDENTIDAD UNIVERSITARIA  08:00 a 10:00 A 209  PROFESOR PENDIENTE LA CLASE LA IMPARTIRA EL PROFESOR BRUNO VELAZQUEZ  1103  MODELOS EN PSICOLOGIA CLINICA  09:00 a 12:00 A 307  PROFESOR PENDIENTE LA CLASE SERá IMPARTIDA POR LA MTRA. ÁNGELES SáNCHEZ GARDUñO (DOCTORANTE)  1104  PSICOLOGIA SOCIAL DE LA INTERACC.  11:30 a 13:30 A 306  11:00 a 13:00 A 305  MEDINA LIBERTY JOSE ADRIAN ALFREDO  1105  TEORIA COMPUTACIONAL DE LA MENTE  10:30 a 13:30 Sal. de Lec. Bibl.  POLO MARTINEZ FERNANDO JAVIER  8000  GENERO, FIMINIS. VIOLENC. DCHOS. HUMAN  10:00 a 13:00 A 107  TZOMPANTZI MIGUEL CLAUDIO ARTURO  Grupo 1007  CLAVE  ASIGNATURA  LUNES  MARTES  MIERCOLES  JUEVES  VIERNES  SABADO  PROFESOR  OBSERVACIONES  1100  BASES BIOLOGICAS DE LA CONDUCTA  17:30 a 19:00 A 203  17:00 a 18:30 A 206  ALCALA HERRERA VERONICA MARIA DEL CONSUELO  1101  HISTORIA DE LA PSICOLOGIA  16:00 a 17:30 A 305  17:00 a 18:30 A 107  DURON FIGUEROA RAUL  1102  IDENTIDAD UNIVERSITARIA  17:30 a 19:30 A 303  PROFESOR PENDIENTE LA CLASE LA IMPARTIRA EL PROFESOR CARLOS ESTRELLA  1103  MODELOS EN PSICOLOGIA CLINICA  13:00 a 16:00 A 305  PROFESOR PENDIENTE IMPARTIRÁ LA ASIGNATURA LA MTRA. BRENDA ÃNGELES BASILIO (DOCTORANTE)  1104  PSICOLOGIA SOCIAL DE LA INTERACC.  15:00 a 17:00 A 306  15:00 a 17:00 A 107  RAMOS BELTRAN IGNACIO  1105  TEORIA COMPUTACIONAL DE LA MENTE  14:30 a 17:30 A 303  BERLANGA HERNANDEZ FABIOLA  8000  GENERO, FIMINIS. VIOLENC. DCHOS. HUMAN  13:00 a 16:00 A 303  NAVARRO CORONA CLAUDIA IVETTE  Grupo 1008  CLAVE  ASIGNATURA  LUNES  MARTES  MIERCOLES  JUEVES  VIERNES  SABADO  PROFESOR  OBSERVACIONES  1100  BASES BIOLOGICAS DE LA CONDUCTA  17:30 a 19:00 A 305  17:00 a 18:30 A 306  SANCHEZ CASTILLO HUGO  1101  HISTORIA DE LA PSICOLOGIA  16:00 a 17:30 A 203  17:00 a 18:30 A 207  GALLARDO RAMIREZ LUIS MARIANO  1102  IDENTIDAD UNIVERSITARIA  17:30 a 19:30 A 206  LOZADA VAZQUEZ RICARDO ALBERTO  1103  MODELOS EN PSICOLOGIA CLINICA  13:00 a 16:00 A 203  MARQUEZ VERDUZCO DAVID  1104  PSICOLOGIA SOCIAL DE LA INTERACC.  15:00 a 17:00 A 305  15:00 a 17:00 A 207  RIVERA ARAGON SOFIA  1105  TEORIA COMPUTACIONAL DE LA MENTE  14:30 a 17:30 A 206  LOPEZ RAMIREZ JOSE LUIS  8000  GENERO, FIMINIS. VIOLENC. DCHOS. HUMAN  13:00 a 16:00 A 305  HERNANDEZ CRESPO TANIA JIMENA  Grupo 1009  CLAVE  ASIGNATURA  LUNES  MARTES  MIERCOLES  JUEVES  VIERNES  SABADO  PROFESOR  OBSERVACIONES  1100  BASES BIOLOGICAS DE LA CONDUCTA  17:30 a 19:00 A 307  17:30 a 19:00 A 104  FLORES CRUZ MARIA GUADALUPE  1101  HISTORIA DE LA PSICOLOGIA  16:00 a 17:30 A 104  16:00 a 17:30 A 106  HERRERA ORTIZ MIGUEL  1102  IDENTIDAD UNIVERSITARIA  14:00 a 16:00 A 208  TORRES TORRES ERIKA ALEJANDRA  1103  MODELOS EN PSICOLOGIA CLINICA  13:00 a 16:00 A 203  BARRERA GUTIERREZ JOSE LUIS  1104  PSICOLOGIA SOCIAL DE LA INTERACC.  16:00 a 20:00 A 209  FERNANDEZ CHRISTLIEB PABLO FERNANDO  1105  TEORIA COMPUTACIONAL DE LA MENTE  16:00 a 19:00 AULA PENDIENTE  POLO MARTINEZ FERNANDO JAVIER  LA CLASE SERá EN EL AUDITORIO 8000  GENERO, FIMINIS. VIOLENC. DCHOS. HUMAN  16:00 a 19:00 A 107  ROCHA SANCHEZ TANIA ESMERALDA  Grupo 1010  CLAVE  ASIGNATURA  LUNES  MARTES  MIERCOLES  JUEVES  VIERNES  SABADO  PROFESOR  OBSERVACIONES  1100  BASES BIOLOGICAS DE LA CONDUCTA  18:30 a 20:00 A 303  18:30 a 20:00 A 206  PEREZ FERRARA DAVID ALEJANDRO  1101  HISTORIA DE LA PSICOLOGIA  17:00 a 18:30 A 303  17:00 a 18:30 A 307  BENAVIDES ZAPATA RODRIGO  1102  IDENTIDAD UNIVERSITARIA  17:30 a 19:30 A 104  LARIOS DELGADO ANGELICA  1103  MODELOS EN PSICOLOGIA CLINICA  16:00 a 19:00 A 306  VILLANUEVA OROZCO GERARDO BENJAMÍN TONATIUH  1104  PSICOLOGIA SOCIAL DE LA INTERACC.  15:00 a 17:00 A 303  14:00 a 16:00 A 306  SEGURA HIDALGO JESUS  1105  TEORIA COMPUTACIONAL DE LA MENTE  16:00 a 19:00 A 208  LOPEZ BANDA EDMUNDO ANTONIO  8000  GENERO, FIMINIS. VIOLENC. DCHOS. HUMAN  16:00 a 17:30 A 104  15:30 a 17:00 A 206  HERNANDEZ CRESPO TANIA JIMENA  Grupo 1011  CLAVE  ASIGNATURA  LUNES  MARTES  MIERCOLES  JUEVES  VIERNES  SABADO  PROFESOR  OBSERVACIONES  1100  BASES BIOLOGICAS DE LA CONDUCTA  18:00 a 19:30 A 306  18:00 a 19:30 A 105  ALCALA HERRERA VERONICA MARIA DEL CONSUELO  1101  HISTORIA DE LA PSICOLOGIA  16:00 a 19:00 A 106  GALLARDO RAMIREZ LUIS MARIANO  1102  IDENTIDAD UNIVERSITARIA  18:00 a 20:00 A 208  LOZADA VAZQUEZ RICARDO ALBERTO  1103  MODELOS EN PSICOLOGIA CLINICA  13:00 a 16:00 A 306  VILLANUEVA OROZCO GERARDO BENJAMÍN TONATIUH  1104  PSICOLOGIA SOCIAL DE LA INTERACC.  16:00 a 18:00 A 306  16:00 a 18:00 A 105  FERNANDEZ CHRISTLIEB PABLO FERNANDO  1105  TEORIA COMPUTACIONAL DE LA MENTE  15:00 a 18:00 A 208  MATA ROSAS FERNANDO  8000  GENERO, FIMINIS. VIOLENC. DCHOS. HUMAN  11:00 a 14:00 A 104  RODRIGUEZ SERRANO AIDEE ELENA  Grupo 1012  CLAVE  ASIGNATURA  LUNES  MARTES  MIERCOLES  JUEVES  VIERNES  SABADO  PROFESOR  OBSERVACIONES  1100  BASES BIOLOGICAS DE LA CONDUCTA  16:00 a 17:30 A 104  17:30 a 19:00 A 104  RAMIREZ FLORES MAURA JAZMIN  1101  HISTORIA DE LA PSICOLOGIA  16:00 a 17:30 A 307  18:00 a 19:30 A 209  PROFESOR PENDIENTE LA CLASE LA IMPARTIRA LA PROFESORA BRISSA GUTIERREZ  1102  IDENTIDAD UNIVERSITARIA  17:30 a 19:30 A 306  LOPEZ HERNANDEZ RENATA  1103  MODELOS EN PSICOLOGIA CLINICA  15:00 a 18:00 A 106  JOYA LAUREANO LILIA  1104  PSICOLOGIA SOCIAL DE LA INTERACC.  13:30 a 15:30 A 306  13:30 a 15:30 A 306  FLORES MORALES ROGELIO  1105  TEORIA COMPUTACIONAL DE LA MENTE  14:30 a 17:30 Sal. de Lec. Bibl.  DIAZ BARRIGA ARCEO FRIDA  8000  GENERO, FIMINIS. VIOLENC. DCHOS. HUMAN  13:30 a 15:00 A 306  18:00 a 19:30 A 209  TORRES TORRES ERIKA ALEJANDRA  Grupo 1013  CLAVE  ASIGNATURA  LUNES  MARTES  MIERCOLES  JUEVES  VIERNES  SABADO  PROFESOR  OBSERVACIONES  1100  BASES BIOLOGICAS DE LA CONDUCTA  17:00 a 18:30 A 105  17:00 a 18:30 A 306  ROJAS RAMOS OLGA ARACELI  1101  HISTORIA DE LA PSICOLOGIA  15:30 a 17:00 A 306  18:30 a 20:00 A 306  BENAVIDES ZAPATA RODRIGO  1102  IDENTIDAD UNIVERSITARIA  17:00 a 19:00 A 307  BENAVIDES ZAPATA RODRIGO  1103  MODELOS EN PSICOLOGIA CLINICA  14:00 a 17:00 A 207  PROFESOR PENDIENTE IMPARTIRá LA ASIGNATURA EL MTRO. ULISES GONZáLEZ DELGADO INVITADO DEL INSTITUTO NACIONAL DE REHABILITACIóN  1104  PSICOLOGIA SOCIAL DE LA INTERACC.  15:30 a 17:30 A 107  15:00 a 17:00 A 210  GARCIA MERAZ MELISSA  1105  TEORIA COMPUTACIONAL DE LA MENTE  15:00 a 18:00 A 105  BERLANGA HERNANDEZ FABIOLA  8000  GENERO, FIMINIS. VIOLENC. DCHOS. HUMAN  18:30 a 20:00 A 105  18:00 a 19:30 A 305  TORRES TORRES ERIKA ALEJANDRA","Grupo 1001  CLAVE  ASIGNATURA  LUNES  MARTES  MIERCOLES  JUEVES  VIERNES  SABADO  PROFESOR  OBSERVACIONES  1100  BASES BIOLOGICAS DE LA CONDUCTA  07:00 a 08:30 A 303  07:00 a 08:30 A 303  SANCHEZ DINORIN GERARDO  1101  HISTORIA DE LA PSICOLOGIA  07:00 a 08:30 A 303  07:00 a 08:30 A 303  PROFESOR PENDIENTE LA CLASE LA IMPARTIRá EL PROFESOR SANTIAGO VILLASEñOR 1102  IDENTIDAD UNIVERSITARIA  08:30 a 10:30 A 305  LOPEZ HERNANDEZ RENATA  1103  MODELOS EN PSICOLOGIA CLINICA  08:30 a 11:30 A 303  MONJARÁS RODRÍGUEZ MARÍA TERESA  1104  PSICOLOGIA SOCIAL DE LA INTERACC.  08:30 a 10:30 A 303  08:30 a 10:30 A 303  SANCHEZ ARAGON ROZZANA  1105  TEORIA COMPUTACIONAL DE LA MENTE  07:00 a 10:00 A 303  TRIGO CLAPES ANA LAURA  8000  GENERO, FIMINIS. VIOLENC. DCHOS. HUMAN  11:00 a 14:00 A 208  NAVARRO CORONA CLAUDIA IVETTE  Grupo 1002  CLAVE  ASIGNATURA  LUNES  MARTES  MIERCOLES  JUEVES  VIERNES  SABADO  PROFESOR  OBSERVACIONES  1100  BASES BIOLOGICAS DE LA CONDUCTA  07:00 a 08:30 A 305  07:00 a 08:30 A 305  OROZCO CALDERON GABRIELA  1101  HISTORIA DE LA PSICOLOGIA  07:00 a 08:30 A 305  07:00 a 08:30 A 305  SASTRE RODRIGUEZ VICTOR FIDEL  1102  IDENTIDAD UNIVERSITARIA  08:30 a 10:30 A 303  LOZADA VAZQUEZ RICARDO ALBERTO  1103  MODELOS EN PSICOLOGIA CLINICA  08:30 a 11:30 A 305  PROFESOR PENDIENTE IMPARTIRá LA ASIGNATURA EL DR. MARTíN MANZANARES RUIZ INVITADO DEL INSTITUTO DE INVESTIGACIONES SOCIALES, UNAM  1104  PSICOLOGIA SOCIAL DE LA INTERACC.  08:30 a 10:30 A 305  08:30 a 10:30 A 305  FLORES MORALES ROGELIO  1105  TEORIA COMPUTACIONAL DE LA MENTE  07:00 a 10:00 A 305  LUNA IZQUIERDO MIGUEL ANGEL  8000  GENERO, FIMINIS. VIOLENC. DCHOS. HUMAN  11:00 a 14:00 A 303  CHAVARRIA LUNA SALVADOR  Grupo 1003  CLAVE  ASIGNATURA  LUNES  MARTES  MIERCOLES  JUEVES  VIERNES  SABADO  PROFESOR  OBSERVACIONES  1100  BASES BIOLOGICAS DE LA CONDUCTA  09:00 a 10:30 A 104  09:00 a 10:30 A 104  GALAN LOPEZ ITZEL GRACIELA  1101  HISTORIA DE LA PSICOLOGIA  12:00 a 13:30 A 105  10:30 a 12:00 A 203  PALAFOX PALAFOX GERMAN  1102  IDENTIDAD UNIVERSITARIA  12:00 a 14:00 A 203  REYES CONTRERAS RAUL  1103  MODELOS EN PSICOLOGIA CLINICA  09:00 a 12:00 A 307  LOPEZ MONTOYA ALEJANDRA  1104  PSICOLOGIA SOCIAL DE LA INTERACC.  09:00 a 13:00 A 306  FLORES MORALES ROGELIO  1105  TEORIA COMPUTACIONAL DE LA MENTE  10:00 a 13:00 A 305  ALATORRE RICO JAVIER  8000  GENERO, FIMINIS. VIOLENC. DCHOS. HUMAN  11:00 a 14:00 A 209  GARCIA VIGIL MARIA HORTENSIA  Grupo 1004  CLAVE  ASIGNATURA  LUNES  MARTES  MIERCOLES  JUEVES  VIERNES  SABADO  PROFESOR  OBSERVACIONES  1100  BASES BIOLOGICAS DE LA CONDUCTA  09:00 a 10:30 A 306  09:00 a 10:30 A 306  ROJAS RAMOS OLGA ARACELI  1101  HISTORIA DE LA PSICOLOGIA  12:00 a 13:30 A 307  10:30 a 12:00 A 306  MOLINA AVILES JORGE ORLANDO  1102  IDENTIDAD UNIVERSITARIA  12:00 a 14:00 A 105  LARIOS DELGADO ANGELICA  1103  MODELOS EN PSICOLOGIA CLINICA  09:00 a 12:00 A 105  MANCILLA GOMEZ BLANCA ELENA  1104  PSICOLOGIA SOCIAL DE LA INTERACC.  09:00 a 13:00 A 203  DOMINGUEZ ZUÑIGA TANIA FABIOLA ORTIZ HERNANDEZ CITLALI QUETZALLI  1105  TEORIA COMPUTACIONAL DE LA MENTE  10:00 a 13:00 A 303  LOPEZ RAMIREZ JOSE LUIS  8000  GENERO, FIMINIS. VIOLENC. DCHOS. HUMAN  11:00 a 14:00 A 208  CHAPA ROMERO ANA CELIA  Grupo 1005  CLAVE  ASIGNATURA  LUNES  MARTES  MIERCOLES  JUEVES  VIERNES  SABADO  PROFESOR  OBSERVACIONES  1100  BASES BIOLOGICAS DE LA CONDUCTA  09:00 a 10:30 A 104  09:00 a 10:30 A 104  LAGARDE LOZANO B. MARGARITA REGINA  1101  HISTORIA DE LA PSICOLOGIA  12:00 a 14:00 A 207  10:30 a 11:30 A 306  VELAZQUEZ MARTINEZ DAVID NATHANAEL  1102  IDENTIDAD UNIVERSITARIA  08:00 a 10:00 A 210  CRUZ CRUZ ALEJANDRA  1103  MODELOS EN PSICOLOGIA CLINICA  09:00 a 12:00 A 207  PROFESOR PENDIENTE LA CLASE SERÁ IMPARTIDA POR MA MTRA. MARIA GUADALUPE VITAL CEDILLO  1104  PSICOLOGIA SOCIAL DE LA INTERACC.  11:30 a 13:30 A 203  11:00 a 13:00 A 303  NIÑO CALIXTO ENA ERENDIRA  1105  TEORIA COMPUTACIONAL DE LA MENTE  10:30 a 13:30 A 306  LUNA IZQUIERDO MIGUEL ANGEL  8000  GENERO, FIMINIS. VIOLENC. DCHOS. HUMAN  10:00 a 13:00 A 210  HERNANDEZ CRESPO TANIA JIMENA  Grupo 1006  CLAVE  ASIGNATURA  LUNES  MARTES  MIERCOLES  JUEVES  VIERNES  SABADO  PROFESOR  OBSERVACIONES  1100  BASES BIOLOGICAS DE LA CONDUCTA  09:00 a 10:30 A 306  09:00 a 10:30 A 306  SANCHEZ DINORIN GERARDO  1101  HISTORIA DE LA PSICOLOGIA  12:00 a 14:00 A 210  10:30 a 11:30 A 104  BERNAL GAMBOA LUIS RODOLFO  1102  IDENTIDAD UNIVERSITARIA  08:00 a 10:00 A 209  PROFESOR PENDIENTE LA CLASE LA IMPARTIRA EL PROFESOR BRUNO VELAZQUEZ  1103  MODELOS EN PSICOLOGIA CLINICA  09:00 a 12:00 A 307  PROFESOR PENDIENTE LA CLASE SERá IMPARTIDA POR LA MTRA. ÁNGELES SáNCHEZ GARDUñO (DOCTORANTE)  1104  PSICOLOGIA SOCIAL DE LA INTERACC.  11:30 a 13:30 A 306  11:00 a 13:00 A 305  MEDINA LIBERTY JOSE ADRIAN ALFREDO  1105  TEORIA COMPUTACIONAL DE LA MENTE  10:30 a 13:30 Sal. de Lec. Bibl.  POLO MARTINEZ FERNANDO JAVIER  8000  GENERO, FIMINIS. VIOLENC. DCHOS. HUMAN  10:00 a 13:00 A 107  TZOMPANTZI MIGUEL CLAUDIO ARTURO  Grupo 1007  CLAVE  ASIGNATURA  LUNES  MARTES  MIERCOLES  JUEVES  VIERNES  SABADO  PROFESOR  OBSERVACIONES  1100  BASES BIOLOGICAS DE LA CONDUCTA  17:30 a 19:00 A 203  17:00 a 18:30 A 206  ALCALA HERRERA VERONICA MARIA DEL CONSUELO  1101  HISTORIA DE LA PSICOLOGIA  16:00 a 17:30 A 305  17:00 a 18:30 A 107  DURON FIGUEROA RAUL  1102  IDENTIDAD UNIVERSITARIA  17:30 a 19:30 A 303  PROFESOR PENDIENTE LA CLASE LA IMPARTIRA EL PROFESOR CARLOS ESTRELLA  1103  MODELOS EN PSICOLOGIA CLINICA  13:00 a 16:00 A 305  PROFESOR PENDIENTE IMPARTIRÁ LA ASIGNATURA LA MTRA. BRENDA ÃNGELES BASILIO (DOCTORANTE)  1104  PSICOLOGIA SOCIAL DE LA INTERACC.  15:00 a 17:00 A 306  15:00 a 17:00 A 107  RAMOS BELTRAN IGNACIO  1105  TEORIA COMPUTACIONAL DE LA MENTE  14:30 a 17:30 A 303  BERLANGA HERNANDEZ FABIOLA  8000  GENERO, FIMINIS. VIOLENC. DCHOS. HUMAN  13:00 a 16:00 A 303  NAVARRO CORONA CLAUDIA IVETTE  Grupo 1008  CLAVE  ASIGNATURA  LUNES  MARTES  MIERCOLES  JUEVES  VIERNES  SABADO  PROFESOR  OBSERVACIONES  1100  BASES BIOLOGICAS DE LA CONDUCTA  17:30 a 19:00 A 305  17:00 a 18:30 A 306  SANCHEZ CASTILLO HUGO  1101  HISTORIA DE LA PSICOLOGIA  16:00 a 17:30 A 203  17:00 a 18:30 A 207  GALLARDO RAMIREZ LUIS MARIANO  1102  IDENTIDAD UNIVERSITARIA  17:30 a 19:30 A 206  LOZADA VAZQUEZ RICARDO ALBERTO  1103  MODELOS EN PSICOLOGIA CLINICA  13:00 a 16:00 A 203  MARQUEZ VERDUZCO DAVID  1104  PSICOLOGIA SOCIAL DE LA INTERACC.  15:00 a 17:00 A 305  15:00 a 17:00 A 207  RIVERA ARAGON SOFIA  1105  TEORIA COMPUTACIONAL DE LA MENTE  14:30 a 17:30 A 206  LOPEZ RAMIREZ JOSE LUIS  8000  GENERO, FIMINIS. VIOLENC. DCHOS. HUMAN  13:00 a 16:00 A 305  HERNANDEZ CRESPO TANIA JIMENA  Grupo 1009  CLAVE  ASIGNATURA  LUNES  MARTES  MIERCOLES  JUEVES  VIERNES  SABADO  PROFESOR  OBSERVACIONES  1100  BASES BIOLOGICAS DE LA CONDUCTA  17:30 a 19:00 A 307  17:30 a 19:00 A 104  FLORES CRUZ MARIA GUADALUPE  1101  HISTORIA DE LA PSICOLOGIA  16:00 a 17:30 A 104  16:00 a 17:30 A 106  HERRERA ORTIZ MIGUEL  1102  IDENTIDAD UNIVERSITARIA  14:00 a 16:00 A 208  TORRES TORRES ERIKA ALEJANDRA  1103  MODELOS EN PSICOLOGIA CLINICA  13:00 a 16:00 A 203  BARRERA GUTIERREZ JOSE LUIS  1104  PSICOLOGIA SOCIAL DE LA INTERACC.  16:00 a 20:00 A 209  FERNANDEZ CHRISTLIEB PABLO FERNANDO  1105  TEORIA COMPUTACIONAL DE LA MENTE  16:00 a 19:00 AULA PENDIENTE  POLO MARTINEZ FERNANDO JAVIER  LA CLASE SERá EN EL AUDITORIO 8000  GENERO, FIMINIS. VIOLENC. DCHOS. HUMAN  16:00 a 19:00 A 107  ROCHA SANCHEZ TANIA ESMERALDA  Grupo 1010  CLAVE  ASIGNATURA  LUNES  MARTES  MIERCOLES  JUEVES  VIERNES  SABADO  PROFESOR  OBSERVACIONES  1100  BASES BIOLOGICAS DE LA CONDUCTA  18:30 a 20:00 A 303  18:30 a 20:00 A 206  PEREZ FERRARA DAVID ALEJANDRO  1101  HISTORIA DE LA PSICOLOGIA  17:00 a 18:30 A 303  17:00 a 18:30 A 307  BENAVIDES ZAPATA RODRIGO  1102  IDENTIDAD UNIVERSITARIA  17:30 a 19:30 A 104  LARIOS DELGADO ANGELICA  1103  MODELOS EN PSICOLOGIA CLINICA  16:00 a 19:00 A 306  VILLANUEVA OROZCO GERARDO BENJAMÍN TONATIUH  1104  PSICOLOGIA SOCIAL DE LA INTERACC.  15:00 a 17:00 A 303  14:00 a 16:00 A 306  SEGURA HIDALGO JESUS  1105  TEORIA COMPUTACIONAL DE LA MENTE  16:00 a 19:00 A 208  LOPEZ BANDA EDMUNDO ANTONIO  8000  GENERO, FIMINIS. VIOLENC. DCHOS. HUMAN  16:00 a 17:30 A 104  15:30 a 17:00 A 206  HERNANDEZ CRESPO TANIA JIMENA  Grupo 1011  CLAVE  ASIGNATURA  LUNES  MARTES  MIERCOLES  JUEVES  VIERNES  SABADO  PROFESOR  OBSERVACIONES  1100  BASES BIOLOGICAS DE LA CONDUCTA  18:00 a 19:30 A 306  18:00 a 19:30 A 105  ALCALA HERRERA VERONICA MARIA DEL CONSUELO  1101  HISTORIA DE LA PSICOLOGIA  16:00 a 19:00 A 106  GALLARDO RAMIREZ LUIS MARIANO  1102  IDENTIDAD UNIVERSITARIA  18:00 a 20:00 A 208  LOZADA VAZQUEZ RICARDO ALBERTO  1103  MODELOS EN PSICOLOGIA CLINICA  13:00 a 16:00 A 306  VILLANUEVA OROZCO GERARDO BENJAMÍN TONATIUH  1104  PSICOLOGIA SOCIAL DE LA INTERACC.  16:00 a 18:00 A 306  16:00 a 18:00 A 105  FERNANDEZ CHRISTLIEB PABLO FERNANDO  1105  TEORIA COMPUTACIONAL DE LA MENTE  15:00 a 18:00 A 208  MATA ROSAS FERNANDO  8000  GENERO, FIMINIS. VIOLENC. DCHOS. HUMAN  11:00 a 14:00 A 104  RODRIGUEZ SERRANO AIDEE ELENA  Grupo 1012  CLAVE  ASIGNATURA  LUNES  MARTES  MIERCOLES  JUEVES  VIERNES  SABADO  PROFESOR  OBSERVACIONES  1100  BASES BIOLOGICAS DE LA CONDUCTA  16:00 a 17:30 A 104  17:30 a 19:00 A 104  RAMIREZ FLORES MAURA JAZMIN  1101  HISTORIA DE LA PSICOLOGIA  16:00 a 17:30 A 307  18:00 a 19:30 A 209  PROFESOR PENDIENTE LA CLASE LA IMPARTIRA LA PROFESORA BRISSA GUTIERREZ  1102  IDENTIDAD UNIVERSITARIA  17:30 a 19:30 A 306  LOPEZ HERNANDEZ RENATA  1103  MODELOS EN PSICOLOGIA CLINICA  15:00 a 18:00 A 106  JOYA LAUREANO LILIA  1104  PSICOLOGIA SOCIAL DE LA INTERACC.  13:30 a 15:30 A 306  13:30 a 15:30 A 306  FLORES MORALES ROGELIO  1105  TEORIA COMPUTACIONAL DE LA MENTE  14:30 a 17:30 Sal. de Lec. Bibl.  DIAZ BARRIGA ARCEO FRIDA  8000  GENERO, FIMINIS. VIOLENC. DCHOS. HUMAN  13:30 a 15:00 A 306  18:00 a 19:30 A 209  TORRES TORRES ERIKA ALEJANDRA  Grupo 1013  CLAVE  ASIGNATURA  LUNES  MARTES  MIERCOLES  JUEVES  VIERNES  SABADO  PROFESOR  OBSERVACIONES  1100  BASES BIOLOGICAS DE LA CONDUCTA  17:00 a 18:30 A 105  17:00 a 18:30 A 306  ROJAS RAMOS OLGA ARACELI  1101  HISTORIA DE LA PSICOLOGIA  15:30 a 17:00 A 306  18:30 a 20:00 A 306  BENAVIDES ZAPATA RODRIGO  1102  IDENTIDAD UNIVERSITARIA  17:00 a 19:00 A 307  BENAVIDES ZAPATA RODRIGO  1103  MODELOS EN PSICOLOGIA CLINICA  14:00 a 17:00 A 207  PROFESOR PENDIENTE IMPARTIRá LA ASIGNATURA EL MTRO. ULISES GONZáLEZ DELGADO INVITADO DEL INSTITUTO NACIONAL DE REHABILITACIóN  1104  PSICOLOGIA SOCIAL DE LA INTERACC.  15:30 a 17:30 A 107  15:00 a 17:00 A 210  GARCIA MERAZ MELISSA  1105  TEORIA COMPUTACIONAL DE LA MENTE  15:00 a 18:00 A 105  BERLANGA HERNANDEZ FABIOLA  8000  GENERO, FIMINIS. VIOLENC. DCHOS. HUMAN  18:30 a 20:00 A 105  18:00 a 19:30 A 305  TORRES TORRES ERIKA ALEJANDRA",,,,,,,,1er Semestre,Todos
Grupo 1001,Grupo 1001,Grupo 1001,Grupo 1001,Grupo 1001,Grupo 1001,Grupo 1001,Grupo 1001,Grupo 1001,Grupo 1001,1er Semestre,Todos
CLAVE,ASIGNATURA,LUNES,MARTES,MIERCOLES,JUEVES,VIERNES,SABADO,PROFESOR,OBSERVACIONES,1er Semestre,Todos
1100,BASES BIOLOGICAS DE LA CONDUCTA,,07:00 a 08:30 A 303,,07:00 a 08:30 A 303,,,SANCHEZ DINORIN GERARDO,,1er Semestre,Todos
1101,HISTORIA DE LA PSICOLOGIA,07:00 a 08:30 A 303,,,,07:00 a 08:30 A 303,,PROFESOR PENDIENTE,LA CLASE LA IMPARTIRá EL PROFESOR SANTIAGO VILLASEñOR,1er Semestre,Todos
1102,IDENTIDAD UNIVERSITARIA,,,,,08:30 a 10:30 A 305,,LOPEZ HERNANDEZ RENATA,,1er Semestre,Todos
1103,MODELOS EN PSICOLOGIA CLINICA,,,,08:30 a 11:30 A 303,,,MONJARÁS RODRÍGUEZ MARÍA TERESA,,1er Semestre,Todos
1104,PSICOLOGIA SOCIAL DE LA INTERACC.,08:30 a 10:30 A 303,08:30 a 10:30 A 303,,,,,SANCHEZ ARAGON ROZZANA,,1er Semestre,Todos
1105,TEORIA COMPUTACIONAL DE LA MENTE,,,07:00 a 10:00 A 303,,,,TRIGO CLAPES ANA LAURA,,1er Semestre,Todos
8000,"GENERO, FIMINIS. VIOLENC. DCHOS. HUMAN",11:00 a 14:00 A 208,,,,,,NAVARRO CORONA CLAUDIA IVETTE,,1er Semestre,Todos
Grupo 1002,Grupo 1002,Grupo 1002,Grupo 1002,Grupo 1002,Grupo 1002,Grupo 1002,Grupo 1002,Grupo 1002,Grupo 1002,1er Semestre,Todos
CLAVE,ASIGNATURA,LUNES,MARTES,MIERCOLES,JUEVES,VIERNES,SABADO,PROFESOR,OBSERVACIONES,1er Semestre,Todos
1100,BASES BIOLOGICAS DE LA CONDUCTA,,07:00 a 08:30 A 305,,07:00 a 08:30 A 305,,,OROZCO CALDERON GABRIELA,,1er Semestre,Todos
1101,HISTORIA DE LA PSICOLOGIA,07:00 a 08:30 A 305,,,,07:00 a 08:30 A 305,,SASTRE RODRIGUEZ VICTOR FIDEL,,1er Semestre,Todos
1102,IDENTIDAD UNIVERSITARIA,,,,,08:30 a 10:30 A 303,,LOZADA VAZQUEZ RICARDO ALBERTO,,1er Semestre,Todos
1103,MODELOS EN PSICOLOGIA CLINICA,,,,08:30 a 11:30 A 305,,,PROFESOR PENDIENTE,"IMPARTIRá LA ASIGNATURA EL DR. MARTíN MANZANARES RUIZ INVITADO DEL INSTITUTO DE INVESTIGACIONES SOCIALES, UNAM",1er Semestre,Todos
1104,PSICOLOGIA SOCIAL DE LA INTERACC.,08:30 a 10:30 A 305,08:30 a 10:30 A 305,,,,,FLORES MORALES ROGELIO,,1er Semestre,Todos
1105,TEORIA COMPUTACIONAL DE LA MENTE,,,07:00 a 10:00 A 305,,,,LUNA IZQUIERDO MIGUEL ANGEL,,1er Semestre,Todos
8000,"GENERO, FIMINIS. VIOLENC. DCHOS. HUMAN",11:00 a 14:00 A 303,,,,,,CHAVARRIA LUNA SALVADOR,,1er Semestre,Todos
Grupo 1003,Grupo 1003,Grupo 1003,Grupo 1003,Grupo 1003,Grupo 1003,Grupo 1003,Grupo 1003,Grupo 1003,Grupo 1003,1er Semestre,Todos
CLAVE,ASIGNATURA,LUNES,MARTES,MIERCOLES,JUEVES,VIERNES,SABADO,PROFESOR,OBSERVACIONES,1er Semestre,Todos
1100,BASES BIOLOGICAS DE LA CONDUCTA,,09:00 a 10:30 A 104,,09:00 a 10:30 A 104,,,GALAN LOPEZ ITZEL GRACIELA,,1er Semestre,Todos
1101,HISTORIA DE LA PSICOLOGIA,12:00 a 13:30 A 105,,,10:30 a 12:00 A 203,,,PALAFOX PALAFOX GERMAN,,1er Semestre,Todos
1102,IDENTIDAD UNIVERSITARIA,,,,12:00 a 14:00 A 203,,,REYES CONTRERAS RAUL,,1er Semestre,Todos
1103,MODELOS EN PSICOLOGIA CLINICA,09:00 a 12:00 A 307,,,,,,LOPEZ MONTOYA ALEJANDRA,,1er Semestre,Todos
1104,PSICOLOGIA SOCIAL DE LA INTERACC.,,,,,09:00 a 13:00 A 306,,FLORES MORALES ROGELIO,,1er Semestre,Todos
1105,TEORIA COMPUTACIONAL DE LA MENTE,,,10:00 a 13:00 A 305,,,,ALATORRE RICO JAVIER,,1er Semestre,Todos
8000,"GENERO, FIMINIS. VIOLENC. DCHOS. HUMAN",,11:00 a 14:00 A 209,,,,,GARCIA VIGIL MARIA HORTENSIA,,1er Semestre,Todos
Grupo 1004,Grupo 1004,Grupo 1004,Grupo 1004,Grupo 1004,Grupo 1004,Grupo 1004,Grupo 1004,Grupo 1004,Grupo 1004,1er Semestre,Todos
CLAVE,ASIGNATURA,LUNES,MARTES,MIERCOLES,JUEVES,VIERNES,SABADO,PROFESOR,OBSERVACIONES,1er Semestre,Todos
1100,BASES BIOLOGICAS DE LA CONDUCTA,,09:00 a 10:30 A 306,,09:00 a 10:30 A 306,,,ROJAS RAMOS OLGA ARACELI,,1er Semestre,Todos
1101,HISTORIA DE LA PSICOLOGIA,12:00 a 13:30 A 307,,,10:30 a 12:00 A 306,,,MOLINA AVILES JORGE ORLANDO,,1er Semestre,Todos
1102,IDENTIDAD UNIVERSITARIA,,,,12:00 a 14:00 A 105,,,LARIOS DELGADO ANGELICA,,1er Semestre,Todos
1103,MODELOS EN PSICOLOGIA CLINICA,09:00 a 12:00 A 105,,,,,,MANCILLA GOMEZ BLANCA ELENA,,1er Semestre,Todos
1104,PSICOLOGIA SOCIAL DE LA INTERACC.,,,,,09:00 a 13:00 A 203,,DOMINGUEZ ZUÑIGA TANIA FABIOLA ORTIZ HERNANDEZ CITLALI QUETZALLI,,1er Semestre,Todos
1105,TEORIA COMPUTACIONAL DE LA MENTE,,,10:00 a 13:00 A 303,,,,LOPEZ RAMIREZ JOSE LUIS,,1er Semestre,Todos
8000,"GENERO, FIMINIS. VIOLENC. DCHOS. HUMAN",,11:00 a 14:00 A 208,,,,,CHAPA ROMERO ANA CELIA,,1er Semestre,Todos
Grupo 1005,Grupo 1005,Grupo 1005,Grupo 1005,Grupo 1005,Grupo 1005,Grupo 1005,Grupo 1005,Grupo 1005,Grupo 1005,1er Semestre,Todos
CLAVE,ASIGNATURA,LUNES,MARTES,MIERCOLES,JUEVES,VIERNES,SABADO,PROFESOR,OBSERVACIONES,1er Semestre,Todos
1100,BASES BIOLOGICAS DE LA CONDUCTA,09:00 a 10:30 A 104,,09:00 a 10:30 A 104,,,,LAGARDE LOZANO B. MARGARITA REGINA,,1er Semestre,Todos
1101,HISTORIA DE LA PSICOLOGIA,,12:00 a 14:00 A 207,10:30 a 11:30 A 306,,,,VELAZQUEZ MARTINEZ DAVID NATHANAEL,,1er Semestre,Todos
1102,IDENTIDAD UNIVERSITARIA,,,,,08:00 a 10:00 A 210,,CRUZ CRUZ ALEJANDRA,,1er Semestre,Todos
1103,MODELOS EN PSICOLOGIA CLINICA,,09:00 a 12:00 A 207,,,,,PROFESOR PENDIENTE,LA CLASE SERÁ IMPARTIDA POR MA MTRA. MARIA GUADALUPE VITAL CEDILLO,1er Semestre,Todos
1104,PSICOLOGIA SOCIAL DE LA INTERACC.,,,11:30 a 13:30 A 203,,11:00 a 13:00 A 303,,NIÑO CALIXTO ENA ERENDIRA,,1er Semestre,Todos
1105,TEORIA COMPUTACIONAL DE LA MENTE,10:30 a 13:30 A 306,,,,,,LUNA IZQUIERDO MIGUEL ANGEL,,1er Semestre,Todos
8000,"GENERO, FIMINIS. VIOLENC. DCHOS. HUMAN",,,,10:00 a 13:00 A 210,,,HERNANDEZ CRESPO TANIA JIMENA,,1er Semestre,Todos
Grupo 1006,Grupo 1006,Grupo 1006,Grupo 1006,Grupo 1006,Grupo 1006,Grupo 1006,Grupo 1006,Grupo 1006,Grupo 1006,1er Semestre,Todos
CLAVE,ASIGNATURA,LUNES,MARTES,MIERCOLES,JUEVES,VIERNES,SABADO,PROFESOR,OBSERVACIONES,1er Semestre,Todos
1100,BASES BIOLOGICAS DE LA CONDUCTA,09:00 a 10:30 A 306,,09:00 a 10:30 A 306,,,,SANCHEZ DINORIN GERARDO,,1er Semestre,Todos
1101,HISTORIA DE LA PSICOLOGIA,,12:00 a 14:00 A 210,10:30 a 11:30 A 104,,,,BERNAL GAMBOA LUIS RODOLFO,,1er Semestre,Todos
1102,IDENTIDAD UNIVERSITARIA,,,,,08:00 a 10:00 A 209,,PROFESOR PENDIENTE,LA CLASE LA IMPARTIRA EL PROFESOR BRUNO VELAZQUEZ,1er Semestre,Todos
1103,MODELOS EN PSICOLOGIA CLINICA,,09:00 a 12:00 A 307,,,,,PROFESOR PENDIENTE,LA CLASE SERá IMPARTIDA POR LA MTRA. ÁNGELES SáNCHEZ GARDUñO (DOCTORANTE),1er Semestre,Todos
1104,PSICOLOGIA SOCIAL DE LA INTERACC.,,,11:30 a 13:30 A 306,,11:00 a 13:00 A 305,,MEDINA LIBERTY JOSE ADRIAN ALFREDO,,1er Semestre,Todos
1105,TEORIA COMPUTACIONAL DE LA MENTE,10:30 a 13:30 Sal. de Lec. Bibl.,,,,,,POLO MARTINEZ FERNANDO JAVIER,,1er Semestre,Todos
8000,"GENERO, FIMINIS. VIOLENC. DCHOS. HUMAN",,,,10:00 a 13:00 A 107,,,TZOMPANTZI MIGUEL CLAUDIO ARTURO,,1er Semestre,Todos
Grupo 1007,Grupo 1007,Grupo 1007,Grupo 1007,Grupo 1007,Grupo 1007,Grupo 1007,Grupo 1007,Grupo 1007,Grupo 1007,1er Semestre,Todos
CLAVE,ASIGNATURA,LUNES,MARTES,MIERCOLES,JUEVES,VIERNES,SABADO,PROFESOR,OBSERVACIONES,1er Semestre,Todos
1100,BASES BIOLOGICAS DE LA CONDUCTA,17:30 a 19:00 A 203,17:00 a 18:30 A 206,,,,,ALCALA HERRERA VERONICA MARIA DEL CONSUELO,,1er Semestre,Todos
1101,HISTORIA DE LA PSICOLOGIA,16:00 a 17:30 A 305,,,17:00 a 18:30 A 107,,,DURON FIGUEROA RAUL,,1er Semestre,Todos
1102,IDENTIDAD UNIVERSITARIA,,,17:30 a 19:30 A 303,,,,PROFESOR PENDIENTE,LA CLASE LA IMPARTIRA EL PROFESOR CARLOS ESTRELLA,1er Semestre,Todos
1103,MODELOS EN PSICOLOGIA CLINICA,13:00 a 16:00 A 305,,,,,,PROFESOR PENDIENTE,IMPARTIRÁ LA ASIGNATURA LA MTRA. BRENDA ÃNGELES BASILIO (DOCTORANTE),1er Semestre,Todos
1104,PSICOLOGIA SOCIAL DE LA INTERACC.,,15:00 a 17:00 A 306,,15:00 a 17:00 A 107,,,RAMOS BELTRAN IGNACIO,,1er Semestre,Todos
1105,TEORIA COMPUTACIONAL DE LA MENTE,,,14:30 a 17:30 A 303,,,,BERLANGA HERNANDEZ FABIOLA,,1er Semestre,Todos
8000,"GENERO, FIMINIS. VIOLENC. DCHOS. HUMAN",,,,,13:00 a 16:00 A 303,,NAVARRO CORONA CLAUDIA IVETTE,,1er Semestre,Todos
Grupo 1008,Grupo 1008,Grupo 1008,Grupo 1008,Grupo 1008,Grupo 1008,Grupo 1008,Grupo 1008,Grupo 1008,Grupo 1008,1er Semestre,Todos
CLAVE,ASIGNATURA,LUNES,MARTES,MIERCOLES,JUEVES,VIERNES,SABADO,PROFESOR,OBSERVACIONES,1er Semestre,Todos
1100,BASES BIOLOGICAS DE LA CONDUCTA,17:30 a 19:00 A 305,17:00 a 18:30 A 306,,,,,SANCHEZ CASTILLO HUGO,,1er Semestre,Todos
1101,HISTORIA DE LA PSICOLOGIA,16:00 a 17:30 A 203,,,17:00 a 18:30 A 207,,,GALLARDO RAMIREZ LUIS MARIANO,,1er Semestre,Todos
1102,IDENTIDAD UNIVERSITARIA,,,17:30 a 19:30 A 206,,,,LOZADA VAZQUEZ RICARDO ALBERTO,,1er Semestre,Todos
1103,MODELOS EN PSICOLOGIA CLINICA,13:00 a 16:00 A 203,,,,,,MARQUEZ VERDUZCO DAVID,,1er Semestre,Todos
1104,PSICOLOGIA SOCIAL DE LA INTERACC.,,15:00 a 17:00 A 305,,15:00 a 17:00 A 207,,,RIVERA ARAGON SOFIA,,1er Semestre,Todos
1105,TEORIA COMPUTACIONAL DE LA MENTE,,,14:30 a 17:30 A 206,,,,LOPEZ RAMIREZ JOSE LUIS,,1er Semestre,Todos
8000,"GENERO, FIMINIS. VIOLENC. DCHOS. HUMAN",,,,,13:00 a 16:00 A 305,,HERNANDEZ CRESPO TANIA JIMENA,,1er Semestre,Todos
Grupo 1009,Grupo 1009,Grupo 1009,Grupo 1009,Grupo 1009,Grupo 1009,Grupo 1009,Grupo 1009,Grupo 1009,Grupo 1009,1er Semestre,Todos
CLAVE,ASIGNATURA,LUNES,MARTES,MIERCOLES,JUEVES,VIERNES,SABADO,PROFESOR,OBSERVACIONES,1er Semestre,Todos
1100,BASES BIOLOGICAS DE LA CONDUCTA,17:30 a 19:00 A 307,,,17:30 a 19:00 A 104,,,FLORES CRUZ MARIA GUADALUPE,,1er Semestre,Todos
1101,HISTORIA DE LA PSICOLOGIA,16:00 a 17:30 A 104,,,16:00 a 17:30 A 106,,,HERRERA ORTIZ MIGUEL,,1er Semestre,Todos
1102,IDENTIDAD UNIVERSITARIA,,,,,14:00 a 16:00 A 208,,TORRES TORRES ERIKA ALEJANDRA,,1er Semestre,Todos
1103,MODELOS EN PSICOLOGIA CLINICA,,13:00 a 16:00 A 203,,,,,BARRERA GUTIERREZ JOSE LUIS,,1er Semestre,Todos
1104,PSICOLOGIA SOCIAL DE LA INTERACC.,,,,,16:00 a 20:00 A 209,,FERNANDEZ CHRISTLIEB PABLO FERNANDO,,1er Semestre,Todos
1105,TEORIA COMPUTACIONAL DE LA MENTE,,,16:00 a 19:00 AULA PENDIENTE,,,,POLO MARTINEZ FERNANDO JAVIER,LA CLASE SERá EN EL AUDITORIO,1er Semestre,Todos
8000,"GENERO, FIMINIS. VIOLENC. DCHOS. HUMAN",,16:00 a 19:00 A 107,,,,,ROCHA SANCHEZ TANIA ESMERALDA,,1er Semestre,Todos
Grupo 1010,Grupo 1010,Grupo 1010,Grupo 1010,Grupo 1010,Grupo 1010,Grupo 1010,Grupo 1010,Grupo 1010,Grupo 1010,1er Semestre,Todos
CLAVE,ASIGNATURA,LUNES,MARTES,MIERCOLES,JUEVES,VIERNES,SABADO,PROFESOR,OBSERVACIONES,1er Semestre,Todos
1100,BASES BIOLOGICAS DE LA CONDUCTA,18:30 a 20:00 A 303,,,18:30 a 20:00 A 206,,,PEREZ FERRARA DAVID ALEJANDRO,,1er Semestre,Todos
1101,HISTORIA DE LA PSICOLOGIA,17:00 a 18:30 A 303,,,17:00 a 18:30 A 307,,,BENAVIDES ZAPATA RODRIGO,,1er Semestre,Todos
1102,IDENTIDAD UNIVERSITARIA,,17:30 a 19:30 A 104,,,,,LARIOS DELGADO ANGELICA,,1er Semestre,Todos
1103,MODELOS EN PSICOLOGIA CLINICA,,,,,16:00 a 19:00 A 306,,VILLANUEVA OROZCO GERARDO BENJAMÍN TONATIUH,,1er Semestre,Todos
1104,PSICOLOGIA SOCIAL DE LA INTERACC.,15:00 a 17:00 A 303,,14:00 a 16:00 A 306,,,,SEGURA HIDALGO JESUS,,1er Semestre,Todos
1105,TEORIA COMPUTACIONAL DE LA MENTE,,,16:00 a 19:00 A 208,,,,LOPEZ BANDA EDMUNDO ANTONIO,,1er Semestre,Todos
8000,"GENERO, FIMINIS. VIOLENC. DCHOS. HUMAN",,16:00 a 17:30 A 104,,15:30 a 17:00 A 206,,,HERNANDEZ CRESPO TANIA JIMENA,,1er Semestre,Todos
Grupo 1011,Grupo 1011,Grupo 1011,Grupo 1011,Grupo 1011,Grupo 1011,Grupo 1011,Grupo 1011,Grupo 1011,Grupo 1011,1er Semestre,Todos
CLAVE,ASIGNATURA,LUNES,MARTES,MIERCOLES,JUEVES,VIERNES,SABADO,PROFESOR,OBSERVACIONES,1er Semestre,Todos
1100,BASES BIOLOGICAS DE LA CONDUCTA,,,18:00 a 19:30 A 306,18:00 a 19:30 A 105,,,ALCALA HERRERA VERONICA MARIA DEL CONSUELO,,1er Semestre,Todos
1101,HISTORIA DE LA PSICOLOGIA,,,,,16:00 a 19:00 A 106,,GALLARDO RAMIREZ LUIS MARIANO,,1er Semestre,Todos
1102,IDENTIDAD UNIVERSITARIA,18:00 a 20:00 A 208,,,,,,LOZADA VAZQUEZ RICARDO ALBERTO,,1er Semestre,Todos
1103,MODELOS EN PSICOLOGIA CLINICA,,,,,13:00 a 16:00 A 306,,VILLANUEVA OROZCO GERARDO BENJAMÍN TONATIUH,,1er Semestre,Todos
1104,PSICOLOGIA SOCIAL DE LA INTERACC.,,,16:00 a 18:00 A 306,16:00 a 18:00 A 105,,,FERNANDEZ CHRISTLIEB PABLO FERNANDO,,1er Semestre,Todos
1105,TEORIA COMPUTACIONAL DE LA MENTE,15:00 a 18:00 A 208,,,,,,MATA ROSAS FERNANDO,,1er Semestre,Todos
8000,"GENERO, FIMINIS. VIOLENC. DCHOS. HUMAN",,,,,,11:00 a 14:00 A 104,RODRIGUEZ SERRANO AIDEE ELENA,,1er Semestre,Todos
Grupo 1012,Grupo 1012,Grupo 1012,Grupo 1012,Grupo 1012,Grupo 1012,Grupo 1012,Grupo 1012,Grupo 1012,Grupo 1012,1er Semestre,Todos
CLAVE,ASIGNATURA,LUNES,MARTES,MIERCOLES,JUEVES,VIERNES,SABADO,PROFESOR,OBSERVACIONES,1er Semestre,Todos
1100,BASES BIOLOGICAS DE LA CONDUCTA,,,,16:00 a 17:30 A 104,17:30 a 19:00 A 104,,RAMIREZ FLORES MAURA JAZMIN,,1er Semestre,Todos
1101,HISTORIA DE LA PSICOLOGIA,16:00 a 17:30 A 307,18:00 a 19:30 A 209,,,,,PROFESOR PENDIENTE,LA CLASE LA IMPARTIRA LA PROFESORA BRISSA GUTIERREZ,1er Semestre,Todos
1102,IDENTIDAD UNIVERSITARIA,17:30 a 19:30 A 306,,,,,,LOPEZ HERNANDEZ RENATA,,1er Semestre,Todos
1103,MODELOS EN PSICOLOGIA CLINICA,,15:00 a 18:00 A 106,,,,,JOYA LAUREANO LILIA,,1er Semestre,Todos
1104,PSICOLOGIA SOCIAL DE LA INTERACC.,13:30 a 15:30 A 306,,,13:30 a 15:30 A 306,,,FLORES MORALES ROGELIO,,1er Semestre,Todos
1105,TEORIA COMPUTACIONAL DE LA MENTE,,,,,14:30 a 17:30 Sal. de Lec. Bibl.,,DIAZ BARRIGA ARCEO FRIDA,,1er Semestre,Todos
8000,"GENERO, FIMINIS. VIOLENC. DCHOS. HUMAN",,13:30 a 15:00 A 306,,18:00 a 19:30 A 209,,,TORRES TORRES ERIKA ALEJANDRA,,1er Semestre,Todos
Grupo 1013,Grupo 1013,Grupo 1013,Grupo 1013,Grupo 1013,Grupo 1013,Grupo 1013,Grupo 1013,Grupo 1013,Grupo 1013,1er Semestre,Todos
CLAVE,ASIGNATURA,LUNES,MARTES,MIERCOLES,JUEVES,VIERNES,SABADO,PROFESOR,OBSERVACIONES,1er Semestre,Todos
1100,BASES BIOLOGICAS DE LA CONDUCTA,17:00 a 18:30 A 105,,,17:00 a 18:30 A 306,,,ROJAS RAMOS OLGA ARACELI,,1er Semestre,Todos
1101,HISTORIA DE LA PSICOLOGIA,15:30 a 17:00 A 306,,,18:30 a 20:00 A 306,,,BENAVIDES ZAPATA RODRIGO,,1er Semestre,Todos
1102,IDENTIDAD UNIVERSITARIA,,17:00 a 19:00 A 307,,,,,BENAVIDES ZAPATA RODRIGO,,1er Semestre,Todos
1103,MODELOS EN PSICOLOGIA CLINICA,,14:00 a 17:00 A 207,,,,,PROFESOR PENDIENTE,IMPARTIRá LA ASIGNATURA EL MTRO. ULISES GONZáLEZ DELGADO INVITADO DEL INSTITUTO NACIONAL DE REHABILITACIóN,1er Semestre,Todos
1104,PSICOLOGIA SOCIAL DE LA INTERACC.,,,15:30 a 17:30 A 107,15:00 a 17:00 A 210,,,GARCIA MERAZ MELISSA,,1er Semestre,Todos
1105,TEORIA COMPUTACIONAL DE LA MENTE,,,,,15:00 a 18:00 A 105,,BERLANGA HERNANDEZ FABIOLA,,1er Semestre,Todos
8000,"GENERO, FIMINIS. VIOLENC. DCHOS. HUMAN",18:30 a 20:00 A 105,,,,18:00 a 19:30 A 305,,TORRES TORRES ERIKA ALEJANDRA,,1er Semestre,Todos
Selecciona el semestre a consultar  ----------- 1er Semestre 	3er Semestre 	5to Semestre 	7mo Semestre  OPTATIVAS DE GENERO (Plan 2008)  OPTATIVAS,Selecciona el tipo de busqueda  ----------- Grupo,Selecciona el campo del conocimiento  ----------- Todos,,,,,,,,3er Semestre,Todos
,,,,,,,,,,3er Semestre,Todos
,,,,,,,,,,3er Semestre,Todos
Grupo 3001  CLAVE  ASIGNATURA  LUNES  MARTES  MIERCOLES  JUEVES  VIERNES  SABADO  PROFESOR  OBSERVACIONES  1300  APRENDIZAJE Y CONDUCTA ADAPTAT. II  09:00 a 11:00 A 107  09:00 a 11:00 A 107  NIETO GUTIERREZ JAVIER  1301  CICLO DE VIDA  10:00 a 13:00 A 105  MERAZ RIOS PATRICIA  1302  MEDICION Y EVALUACION PSICOLOGICA  07:00 a 08:30 A 307  07:00 a 08:30 A 307  BUZO CASANOVA ENRIQUE RICARDO  1303  METODO CLINICO  07:00 a 10:00 A 203  08:30 a 10:30 A 203  PEREZ ROMERO LUIS ANGEL  1304  PSICOLOGIA SOCIAL DE LOS GRUPOS  10:30 a 12:30 A 307  09:00 a 12:00 A 307  LOPEZ OLMEDO ROBERTO  1305  TALLER DE PSICOFISIOLOGIA  07:00 a 08:30 A 203  07:00 a 08:30 A 203  DEL RIO PORTILLA IRMA YOLANDA  1306  TRANSDISCIPLINA II  11:00 a 13:00 A 107  PROFESOR PENDIENTE LA CLASE LA IMPARTIRA EL PROFESOR ARMANDO ANGULO  Grupo 3002  CLAVE  ASIGNATURA  LUNES  MARTES  MIERCOLES  JUEVES  VIERNES  SABADO  PROFESOR  OBSERVACIONES  1300  APRENDIZAJE Y CONDUCTA ADAPTAT. II  09:00 a 11:00 A 208  09:00 a 11:00 A 208  ROCA COGORDAN ALICIA  1301  CICLO DE VIDA  10:00 a 13:00 A 203  MAZON PARRA NANCY C  1302  MEDICION Y EVALUACION PSICOLOGICA  07:00 a 08:30 A 203  07:00 a 08:30 A 203  HERNANDEZ MANZO JEANETTE  1303  METODO CLINICO  07:00 a 10:00 A 206  08:30 a 10:30 A 307  RODRIGUEZ SERRANO AIDEE ELENA  1304  PSICOLOGIA SOCIAL DE LOS GRUPOS  10:30 a 12:30 A 208  09:00 a 12:00 A 107  GONZALEZ TAPIA FLOR PATRICIA  1305  TALLER DE PSICOFISIOLOGIA  07:00 a 08:30 A 206  07:00 a 08:30 A 206  HERNANDEZ SANTOS JOSE ANTONIO  1306  TRANSDISCIPLINA II  11:00 a 13:00 A 207  VALENCIA CRUZ ALEJANDRA  Grupo 3003  CLAVE  ASIGNATURA  LUNES  MARTES  MIERCOLES  JUEVES  VIERNES  SABADO  PROFESOR  OBSERVACIONES  1300  APRENDIZAJE Y CONDUCTA ADAPTAT. II  07:00 a 08:30 A 206  07:00 a 09:30 A 206  AVELAR RODRIGUEZ CRISTINA  1301  CICLO DE VIDA  07:00 a 08:30 A 306  07:00 a 08:30 A 306  PROFESOR PENDIENTE LA CLASE LA IMPARTIRA LA PROFESORA NURIA ROJAS  1302  MEDICION Y EVALUACION PSICOLOGICA  09:00 a 10:30 A 208  10:00 a 11:30 A 203  SILVA GUTIERREZ CECILIA GUADALUPE  1303  METODO CLINICO  10:30 a 12:30 A 104  09:30 a 12:30 A 104  PROFESOR PENDIENTE LA CLASE SERá IMPARTIDA POR LA DRA. CENTLI GUILLéN DíAZ BARRIGA  1304  PSICOLOGIA SOCIAL DE LOS GRUPOS  10:30 a 13:30 A 104  11:30 a 13:30 A 105  ORTIZ HERNANDEZ GEORGINA MA. IGNACIA  1305  TALLER DE PSICOFISIOLOGIA  08:30 a 10:00 A 203  09:00 a 10:30 A 206  RAMIREZ FLORES MAURA JAZMIN  1306  TRANSDISCIPLINA II  07:00 a 09:00 A 307  ALONSO OROZCO ADRIANA IXEL  Grupo 3004  CLAVE  ASIGNATURA  LUNES  MARTES  MIERCOLES  JUEVES  VIERNES  SABADO  PROFESOR  OBSERVACIONES  1300  APRENDIZAJE Y CONDUCTA ADAPTAT. II  07:00 a 08:30 A 306  07:00 a 09:30 A 104  ALONSO OROZCO ADRIANA IXEL  1301  CICLO DE VIDA  07:00 a 08:30 A 307  07:00 a 08:30 A 307  CARRILLO URIBE ALEJANDRO  1302  MEDICION Y EVALUACION PSICOLOGICA  09:00 a 10:30 A 106  10:00 a 11:30 A 209  LOPEZ HERNANDEZ RENATA  1303  METODO CLINICO  10:30 a 12:30 A 106  09:30 a 12:30 A 106  PROFESOR PENDIENTE IMPARTIRá LA ASIGNATURA EL MTRO. JOSé ALFONSO VASCONCELOS YáñEZ (DOCTORANTE)  1304  PSICOLOGIA SOCIAL DE LOS GRUPOS  10:30 a 13:30 A 306  11:30 a 13:30 A 104  LOPEZ OLMEDO ROBERTO  1305  TALLER DE PSICOFISIOLOGIA  08:30 a 10:00 A 307  09:00 a 10:30 A 105  RUIZ CONTRERAS ALEJANDRA EVELYN  1306  TRANSDISCIPLINA II  07:00 a 09:00 A 306  BUZO CASANOVA ENRIQUE RICARDO  Grupo 3005  CLAVE  ASIGNATURA  LUNES  MARTES  MIERCOLES  JUEVES  VIERNES  SABADO  PROFESOR  OBSERVACIONES  1300  APRENDIZAJE Y CONDUCTA ADAPTAT. II  09:00 a 11:00 A 206  12:00 a 14:00 A 107  PROFESOR PENDIENTE LA CLASE LA IMPARTIRA EL PROFESOR ERICK GONZALEZ  1301  CICLO DE VIDA  09:00 a 10:30 A 208  09:00 a 10:30 A 208  MAZON PARRA NANCY C  1302  MEDICION Y EVALUACION PSICOLOGICA  09:00 a 10:30 A 107  10:30 a 12:00 A 207  VALENCIA CRUZ ALEJANDRA  1303  METODO CLINICO  12:00 a 14:30 A 303  12:00 a 14:30 A 303  RAMIREZ CAMACHO MARÍA DEL CARMEN  1304  PSICOLOGIA SOCIAL DE LOS GRUPOS  09:00 a 12:00 A 206  11:00 a 13:00 A 208  VARELA MACEDO VICTORIA MAGDALENA  1305  TALLER DE PSICOFISIOLOGIA  10:30 a 12:00 A 303  10:30 a 12:00 A 206  CASASOLA CASTRO CESAR  1306  TRANSDISCIPLINA II  12:00 a 14:00 A 206  COLMENARES VAZQUEZ LIGIA  Grupo 3006  CLAVE  ASIGNATURA  LUNES  MARTES  MIERCOLES  JUEVES  VIERNES  SABADO  PROFESOR  OBSERVACIONES  1300  APRENDIZAJE Y CONDUCTA ADAPTAT. II  09:00 a 11:00 A 207  12:00 a 14:00 A 208  ROMERO SANCHEZ PATRICIA  1301  CICLO DE VIDA  09:00 a 10:30 A 207  09:00 a 10:30 A 207  MERAZ RIOS PATRICIA  1302  MEDICION Y EVALUACION PSICOLOGICA  09:00 a 10:30 A 209  10:30 a 12:00 A 208  HERNANDEZ MANZO JEANETTE  1303  METODO CLINICO  12:00 a 14:30 A 305  12:00 a 14:30 A 305  JUAREZ LOYA ANGELICA  1304  PSICOLOGIA SOCIAL DE LOS GRUPOS  09:00 a 12:00 A 203  11:00 a 13:00 A 206  VALENCIA CAMARGO MARIA FERNANDA  1305  TALLER DE PSICOFISIOLOGIA  10:30 a 12:00 A 305  10:30 a 12:00 A 105  RAMOS LANGUREN LAURA ELISA  1306  TRANSDISCIPLINA II  12:00 a 14:00 A 104  TORRES TORRES ERIKA ALEJANDRA  Grupo 3007  CLAVE  ASIGNATURA  LUNES  MARTES  MIERCOLES  JUEVES  VIERNES  SABADO  PROFESOR  OBSERVACIONES  1300  APRENDIZAJE Y CONDUCTA ADAPTAT. II  15:30 a 17:30 A 206  13:30 a 15:30 A 206  PROFESOR PENDIENTE LA CLASE LA IMPARTIRA EL PROFESOR MARIO PEREZ  1301  CICLO DE VIDA  17:30 a 20:30 A 206  MORAN MARTINEZ MARIA CONCEPCION  1302  MEDICION Y EVALUACION PSICOLOGICA  17:00 a 18:30 A 206  15:00 a 16:30 A 104  CUEVAS RENAUD CORINA MARGARITA  1303  METODO CLINICO  14:00 a 16:30 A 307  14:00 a 16:30 A 305  FELIX ROMERO VIOLETA  1304  PSICOLOGIA SOCIAL DE LOS GRUPOS  16:30 a 19:30 A 305  16:30 a 18:30 A 208  VALENCIA CAMARGO MARIA FERNANDA  1305  TALLER DE PSICOFISIOLOGIA  17:00 a 18:30 A 207  15:30 a 17:00 A 306  PROFESOR PENDIENTE LA ASIGNATURA SERÁ IMPARTIDA POR LA DRA. LAURA MARCIAL TLAMINTZI  1306  TRANSDISCIPLINA II  18:30 a 20:30 A 306  CARRILLO URIBE ALEJANDRO  Grupo 3008  CLAVE  ASIGNATURA  LUNES  MARTES  MIERCOLES  JUEVES  VIERNES  SABADO  PROFESOR  OBSERVACIONES  1300  APRENDIZAJE Y CONDUCTA ADAPTAT. II  15:30 a 17:30 A 209  13:30 a 15:30 A 307  PROFESOR PENDIENTE LA CLASE LA IMPARTIRA LA PROFESORA TERE MASON  1301  CICLO DE VIDA  17:30 a 20:30 A 209  REYES CONTRERAS RAUL  1302  MEDICION Y EVALUACION PSICOLOGICA  17:00 a 18:30 A 210  15:00 a 16:30 A 107  DE LA CRUZ FLORES GABRIELA  1303  METODO CLINICO  14:00 a 16:30 A 208  14:00 a 16:30 A 307  LOPEZ MONTOYA ALEJANDRA  1304  PSICOLOGIA SOCIAL DE LOS GRUPOS  16:30 a 19:30 A 307  16:30 a 18:30 A 303  ARMENTA HURTARTE CAROLINA  1305  TALLER DE PSICOFISIOLOGIA  17:00 a 18:30 A 210  15:30 a 17:00 A 307  VALENCIA FLORES KENJI BARUCH  1306  TRANSDISCIPLINA II  18:30 a 20:30 A 207  TORRES TORRES ERIKA ALEJANDRA  Grupo 3009  CLAVE  ASIGNATURA  LUNES  MARTES  MIERCOLES  JUEVES  VIERNES  SABADO  PROFESOR  OBSERVACIONES  1300  APRENDIZAJE Y CONDUCTA ADAPTAT. II  18:00 a 20:00 A 106  17:00 a 19:00 A 209  ORDUÑA TRUJILLO OSCAR VLADIMIR  1301  CICLO DE VIDA  15:30 a 17:00 A 207  15:30 a 17:00 A 207  LE CORRE MATHIEU MICHEL  1302  MEDICION Y EVALUACION PSICOLOGICA  17:00 a 20:00 A 203  BUZO CASANOVA ENRIQUE RICARDO  1303  METODO CLINICO  17:00 a 20:00 A 107  16:00 a 18:00 A 303  JUAREZ LOYA ANGELICA  1304  PSICOLOGIA SOCIAL DE LOS GRUPOS  16:30 a 19:00 A 203  14:30 a 17:00 A 307  BONILLA TEOYOTL CRISTIAN IVAN  1305  TALLER DE PSICOFISIOLOGIA  19:00 a 20:30 A 208  19:00 a 20:30 A 208  GALICIA CASTILLO OSCAR RICARDO  1306  TRANSDISCIPLINA II  14:30 a 16:30 A 305  COLMENARES VAZQUEZ LIGIA  Grupo 3010  CLAVE  ASIGNATURA  LUNES  MARTES  MIERCOLES  JUEVES  VIERNES  SABADO  PROFESOR  OBSERVACIONES  1300  APRENDIZAJE Y CONDUCTA ADAPTAT. II  18:00 a 20:00 A 303  17:00 a 19:00 A 207  MORALES CHAINE SILVIA  1301  CICLO DE VIDA  15:30 a 17:00 A 105  15:30 a 17:00 A 210  TOVAR Y ROMO ANGEL EUGENIO  1302  MEDICION Y EVALUACION PSICOLOGICA  17:00 a 20:00 A 207  HERRERA ORTIZ MIGUEL  1303  METODO CLINICO  17:00 a 20:00 A 207  16:00 a 18:00 A 105  RODRIGUEZ DURAN CARLOS AUGUSTO  1304  PSICOLOGIA SOCIAL DE LOS GRUPOS  16:30 a 19:00 A 208  14:30 a 17:00 A 206  LOPEZ OLMEDO ROBERTO  1305  TALLER DE PSICOFISIOLOGIA  19:00 a 20:30 A 207  19:00 a 20:30 A 203  ZAINOS ROSALES ANTONIO PAULINO  1306  TRANSDISCIPLINA II  14:30 a 16:30 A 303  GALLARDO RAMIREZ LUIS MARIANO  Grupo 3011  CLAVE  ASIGNATURA  LUNES  MARTES  MIERCOLES  JUEVES  VIERNES  SABADO  PROFESOR  OBSERVACIONES  1300  APRENDIZAJE Y CONDUCTA ADAPTAT. II  18:00 a 20:00 A 203  18:00 a 20:00 A 303  BERNAL GAMBOA LUIS RODOLFO  1301  CICLO DE VIDA  14:00 a 17:00 A 207  CARRILLO URIBE ALEJANDRO  1302  MEDICION Y EVALUACION PSICOLOGICA  16:30 a 18:00 A 208  16:30 a 18:00 A 303  IREPAN AGUILAR MARICELA  1303  METODO CLINICO  14:00 a 16:30 A 210  14:00 a 16:30 A 208  PROFESOR PENDIENTE IMPARTIRÁ LA ASIGNATURA EL MTRO. HÉCTOR FERNANDO MAGALLANES LOZANO (DOCTORANTE)  1304  PSICOLOGIA SOCIAL DE LOS GRUPOS  18:00 a 20:00 A 210  17:00 a 20:00 A 307  MELENDEZ ZERMEÑO ZORAIDA  1305  TALLER DE PSICOFISIOLOGIA  16:30 a 18:00 A 210  17:00 a 18:30 A 203  OROZCO CALDERON GABRIELA  1306  TRANSDISCIPLINA II  15:00 a 17:00 A 209  PROFESOR PENDIENTE LA CLASE LA IMPARTIRA LA PROFESORA YAMILET TORRES  Grupo 3012  CLAVE  ASIGNATURA  LUNES  MARTES  MIERCOLES  JUEVES  VIERNES  SABADO  PROFESOR  OBSERVACIONES  1300  APRENDIZAJE Y CONDUCTA ADAPTAT. II  18:00 a 20:00 A 208  18:00 a 20:00 A 305  NAKAZAWA CUELLAR FUSAE  1301  CICLO DE VIDA  14:00 a 17:00 A 203  REYES CONTRERAS RAUL  1302  MEDICION Y EVALUACION PSICOLOGICA  16:30 a 18:00 A 209  16:30 a 18:00 A 305  PROFESOR PENDIENTE LA CLASE LA IMPARTIRA EL PROFESOR PEDRO VELASCO  1303  METODO CLINICO  14:00 a 16:30 A 209  14:00 a 16:30 A 203  ROSAS LANDA BAUTISTA HECTOR SEBASTIAN  1304  PSICOLOGIA SOCIAL DE LOS GRUPOS  18:00 a 20:00 A 106  17:00 a 20:00 A 206  SOLER ANGUIANO FRANCISCO LEONARDO  1305  TALLER DE PSICOFISIOLOGIA  16:30 a 18:00 A 106  17:00 a 18:30 A 210  PROFESOR PENDIENTE LA ASIGNATURA SERÁ IMPARTIDA POR LA MTRA. MARÍA DEL CARMEN CASTRO GONZÁLEZ  1306  TRANSDISCIPLINA II  15:00 a 17:00 A 104  TORRES TORRES ERIKA ALEJANDRA  Grupo 3013  CLAVE  ASIGNATURA  LUNES  MARTES  MIERCOLES  JUEVES  VIERNES  SABADO  PROFESOR  OBSERVACIONES  1300  APRENDIZAJE Y CONDUCTA ADAPTAT. II  09:00 a 11:00 A 106  09:30 a 11:30 A 105  BACHA MENDEZ GUSTAVO  1301  CICLO DE VIDA  09:00 a 12:00 A 105  ROMERO SANCHEZ PATRICIA,Grupo 3001  CLAVE  ASIGNATURA  LUNES  MARTES  MIERCOLES  JUEVES  VIERNES  SABADO  PROFESOR  OBSERVACIONES  1300  APRENDIZAJE Y CONDUCTA ADAPTAT. II  09:00 a 11:00 A 107  09:00 a 11:00 A 107  NIETO GUTIERREZ JAVIER  1301  CICLO DE VIDA  10:00 a 13:00 A 105  MERAZ RIOS PATRICIA  1302  MEDICION Y EVALUACION PSICOLOGICA  07:00 a 08:30 A 307  07:00 a 08:30 A 307  BUZO CASANOVA ENRIQUE RICARDO  1303  METODO CLINICO  07:00 a 10:00 A 203  08:30 a 10:30 A 203  PEREZ ROMERO LUIS ANGEL  1304  PSICOLOGIA SOCIAL DE LOS GRUPOS  10:30 a 12:30 A 307  09:00 a 12:00 A 307  LOPEZ OLMEDO ROBERTO  1305  TALLER DE PSICOFISIOLOGIA  07:00 a 08:30 A 203  07:00 a 08:30 A 203  DEL RIO PORTILLA IRMA YOLANDA  1306  TRANSDISCIPLINA II  11:00 a 13:00 A 107  PROFESOR PENDIENTE LA CLASE LA IMPARTIRA EL PROFESOR ARMANDO ANGULO  Grupo 3002  CLAVE  ASIGNATURA  LUNES  MARTES  MIERCOLES  JUEVES  VIERNES  SABADO  PROFESOR  OBSERVACIONES  1300  APRENDIZAJE Y CONDUCTA ADAPTAT. II  09:00 a 11:00 A 208  09:00 a 11:00 A 208  ROCA COGORDAN ALICIA  1301  CICLO DE VIDA  10:00 a 13:00 A 203  MAZON PARRA NANCY C  1302  MEDICION Y EVALUACION PSICOLOGICA  07:00 a 08:30 A 203  07:00 a 08:30 A 203  HERNANDEZ MANZO JEANETTE  1303  METODO CLINICO  07:00 a 10:00 A 206  08:30 a 10:30 A 307  RODRIGUEZ SERRANO AIDEE ELENA  1304  PSICOLOGIA SOCIAL DE LOS GRUPOS  10:30 a 12:30 A 208  09:00 a 12:00 A 107  GONZALEZ TAPIA FLOR PATRICIA  1305  TALLER DE PSICOFISIOLOGIA  07:00 a 08:30 A 206  07:00 a 08:30 A 206  HERNANDEZ SANTOS JOSE ANTONIO  1306  TRANSDISCIPLINA II  11:00 a 13:00 A 207  VALENCIA CRUZ ALEJANDRA  Grupo 3003  CLAVE  ASIGNATURA  LUNES  MARTES  MIERCOLES  JUEVES  VIERNES  SABADO  PROFESOR  OBSERVACIONES  1300  APRENDIZAJE Y CONDUCTA ADAPTAT. II  07:00 a 08:30 A 206  07:00 a 09:30 A 206  AVELAR RODRIGUEZ CRISTINA  1301  CICLO DE VIDA  07:00 a 08:30 A 306  07:00 a 08:30 A 306  PROFESOR PENDIENTE LA CLASE LA IMPARTIRA LA PROFESORA NURIA ROJAS  1302  MEDICION Y EVALUACION PSICOLOGICA  09:00 a 10:30 A 208  10:00 a 11:30 A 203  SILVA GUTIERREZ CECILIA GUADALUPE  1303  METODO CLINICO  10:30 a 12:30 A 104  09:30 a 12:30 A 104  PROFESOR PENDIENTE LA CLASE SERá IMPARTIDA POR LA DRA. CENTLI GUILLéN DíAZ BARRIGA  1304  PSICOLOGIA SOCIAL DE LOS GRUPOS  10:30 a 13:30 A 104  11:30 a 13:30 A 105  ORTIZ HERNANDEZ GEORGINA MA. IGNACIA  1305  TALLER DE PSICOFISIOLOGIA  08:30 a 10:00 A 203  09:00 a 10:30 A 206  RAMIREZ FLORES MAURA JAZMIN  1306  TRANSDISCIPLINA II  07:00 a 09:00 A 307  ALONSO OROZCO ADRIANA IXEL  Grupo 3004  CLAVE  ASIGNATURA  LUNES  MARTES  MIERCOLES  JUEVES  VIERNES  SABADO  PROFESOR  OBSERVACIONES  1300  APRENDIZAJE Y CONDUCTA ADAPTAT. II  07:00 a 08:30 A 306  07:00 a 09:30 A 104  ALONSO OROZCO ADRIANA IXEL  1301  CICLO DE VIDA  07:00 a 08:30 A 307  07:00 a 08:30 A 307  CARRILLO URIBE ALEJANDRO  1302  MEDICION Y EVALUACION PSICOLOGICA  09:00 a 10:30 A 106  10:00 a 11:30 A 209  LOPEZ HERNANDEZ RENATA  1303  METODO CLINICO  10:30 a 12:30 A 106  09:30 a 12:30 A 106  PROFESOR PENDIENTE IMPARTIRá LA ASIGNATURA EL MTRO. JOSé ALFONSO VASCONCELOS YáñEZ (DOCTORANTE)  1304  PSICOLOGIA SOCIAL DE LOS GRUPOS  10:30 a 13:30 A 306  11:30 a 13:30 A 104  LOPEZ OLMEDO ROBERTO  1305  TALLER DE PSICOFISIOLOGIA  08:30 a 10:00 A 307  09:00 a 10:30 A 105  RUIZ CONTRERAS ALEJANDRA EVELYN  1306  TRANSDISCIPLINA II  07:00 a 09:00 A 306  BUZO CASANOVA ENRIQUE RICARDO  Grupo 3005  CLAVE  ASIGNATURA  LUNES  MARTES  MIERCOLES  JUEVES  VIERNES  SABADO  PROFESOR  OBSERVACIONES  1300  APRENDIZAJE Y CONDUCTA ADAPTAT. II  09:00 a 11:00 A 206  12:00 a 14:00 A 107  PROFESOR PENDIENTE LA CLASE LA IMPARTIRA EL PROFESOR ERICK GONZALEZ  1301  CICLO DE VIDA  09:00 a 10:30 A 208  09:00 a 10:30 A 208  MAZON PARRA NANCY C  1302  MEDICION Y EVALUACION PSICOLOGICA  09:00 a 10:30 A 107  10:30 a 12:00 A 207  VALENCIA CRUZ ALEJANDRA  1303  METODO CLINICO  12:00 a 14:30 A 303  12:00 a 14:30 A 303  RAMIREZ CAMACHO MARÍA DEL CARMEN  1304  PSICOLOGIA SOCIAL DE LOS GRUPOS  09:00 a 12:00 A 206  11:00 a 13:00 A 208  VARELA MACEDO VICTORIA MAGDALENA  1305  TALLER DE PSICOFISIOLOGIA  10:30 a 12:00 A 303  10:30 a 12:00 A 206  CASASOLA CASTRO CESAR  1306  TRANSDISCIPLINA II  12:00 a 14:00 A 206  COLMENARES VAZQUEZ LIGIA  Grupo 3006  CLAVE  ASIGNATURA  LUNES  MARTES  MIERCOLES  JUEVES  VIERNES  SABADO  PROFESOR  OBSERVACIONES  1300  APRENDIZAJE Y CONDUCTA ADAPTAT. II  09:00 a 11:00 A 207  12:00 a 14:00 A 208  ROMERO SANCHEZ PATRICIA  1301  CICLO DE VIDA  09:00 a 10:30 A 207  09:00 a 10:30 A 207  MERAZ RIOS PATRICIA  1302  MEDICION Y EVALUACION PSICOLOGICA  09:00 a 10:30 A 209  10:30 a 12:00 A 208  HERNANDEZ MANZO JEANETTE  1303  METODO CLINICO  12:00 a 14:30 A 305  12:00 a 14:30 A 305  JUAREZ LOYA ANGELICA  1304  PSICOLOGIA SOCIAL DE LOS GRUPOS  09:00 a 12:00 A 203  11:00 a 13:00 A 206  VALENCIA CAMARGO MARIA FERNANDA  1305  TALLER DE PSICOFISIOLOGIA  10:30 a 12:00 A 305  10:30 a 12:00 A 105  RAMOS LANGUREN LAURA ELISA  1306  TRANSDISCIPLINA II  12:00 a 14:00 A 104  TORRES TORRES ERIKA ALEJANDRA  Grupo 3007  CLAVE  ASIGNATURA  LUNES  MARTES  MIERCOLES  JUEVES  VIERNES  SABADO  PROFESOR  OBSERVACIONES  1300  APRENDIZAJE Y CONDUCTA ADAPTAT. II  15:30 a 17:30 A 206  13:30 a 15:30 A 206  PROFESOR PENDIENTE LA CLASE LA IMPARTIRA EL PROFESOR MARIO PEREZ  1301  CICLO DE VIDA  17:30 a 20:30 A 206  MORAN MARTINEZ MARIA CONCEPCION  1302  MEDICION Y EVALUACION PSICOLOGICA  17:00 a 18:30 A 206  15:00 a 16:30 A 104  CUEVAS RENAUD CORINA MARGARITA  1303  METODO CLINICO  14:00 a 16:30 A 307  14:00 a 16:30 A 305  FELIX ROMERO VIOLETA  1304  PSICOLOGIA SOCIAL DE LOS GRUPOS  16:30 a 19:30 A 305  16:30 a 18:30 A 208  VALENCIA CAMARGO MARIA FERNANDA  1305  TALLER DE PSICOFISIOLOGIA  17:00 a 18:30 A 207  15:30 a 17:00 A 306  PROFESOR PENDIENTE LA ASIGNATURA SERÁ IMPARTIDA POR LA DRA. LAURA MARCIAL TLAMINTZI  1306  TRANSDISCIPLINA II  18:30 a 20:30 A 306  CARRILLO URIBE ALEJANDRO  Grupo 3008  CLAVE  ASIGNATURA  LUNES  MARTES  MIERCOLES  JUEVES  VIERNES  SABADO  PROFESOR  OBSERVACIONES  1300  APRENDIZAJE Y CONDUCTA ADAPTAT. II  15:30 a 17:30 A 209  13:30 a 15:30 A 307  PROFESOR PENDIENTE LA CLASE LA IMPARTIRA LA PROFESORA TERE MASON  1301  CICLO DE VIDA  17:30 a 20:30 A 209  REYES CONTRERAS RAUL  1302  MEDICION Y EVALUACION PSICOLOGICA  17:00 a 18:30 A 210  15:00 a 16:30 A 107  DE LA CRUZ FLORES GABRIELA  1303  METODO CLINICO  14:00 a 16:30 A 208  14:00 a 16:30 A 307  LOPEZ MONTOYA ALEJANDRA  1304  PSICOLOGIA SOCIAL DE LOS GRUPOS  16:30 a 19:30 A 307  16:30 a 18:30 A 303  ARMENTA HURTARTE CAROLINA  1305  TALLER DE PSICOFISIOLOGIA  17:00 a 18:30 A 210  15:30 a 17:00 A 307  VALENCIA FLORES KENJI BARUCH  1306  TRANSDISCIPLINA II  18:30 a 20:30 A 207  TORRES TORRES ERIKA ALEJANDRA  Grupo 3009  CLAVE  ASIGNATURA  LUNES  MARTES  MIERCOLES  JUEVES  VIERNES  SABADO  PROFESOR  OBSERVACIONES  1300  APRENDIZAJE Y CONDUCTA ADAPTAT. II  18:00 a 20:00 A 106  17:00 a 19:00 A 209  ORDUÑA TRUJILLO OSCAR VLADIMIR  1301  CICLO DE VIDA  15:30 a 17:00 A 207  15:30 a 17:00 A 207  LE CORRE MATHIEU MICHEL  1302  MEDICION Y EVALUACION PSICOLOGICA  17:00 a 20:00 A 203  BUZO CASANOVA ENRIQUE RICARDO  1303  METODO CLINICO  17:00 a 20:00 A 107  16:00 a 18:00 A 303  JUAREZ LOYA ANGELICA  1304  PSICOLOGIA SOCIAL DE LOS GRUPOS  16:30 a 19:00 A 203  14:30 a 17:00 A 307  BONILLA TEOYOTL CRISTIAN IVAN  1305  TALLER DE PSICOFISIOLOGIA  19:00 a 20:30 A 208  19:00 a 20:30 A 208  GALICIA CASTILLO OSCAR RICARDO  1306  TRANSDISCIPLINA II  14:30 a 16:30 A 305  COLMENARES VAZQUEZ LIGIA  Grupo 3010  CLAVE  ASIGNATURA  LUNES  MARTES  MIERCOLES  JUEVES  VIERNES  SABADO  PROFESOR  OBSERVACIONES  1300  APRENDIZAJE Y CONDUCTA ADAPTAT. II  18:00 a 20:00 A 303  17:00 a 19:00 A 207  MORALES CHAINE SILVIA  1301  CICLO DE VIDA  15:30 a 17:00 A 105  15:30 a 17:00 A 210  TOVAR Y ROMO ANGEL EUGENIO  1302  MEDICION Y EVALUACION PSICOLOGICA  17:00 a 20:00 A 207  HERRERA ORTIZ MIGUEL  1303  METODO CLINICO  17:00 a 20:00 A 207  16:00 a 18:00 A 105  RODRIGUEZ DURAN CARLOS AUGUSTO  1304  PSICOLOGIA SOCIAL DE LOS GRUPOS  16:30 a 19:00 A 208  14:30 a 17:00 A 206  LOPEZ OLMEDO ROBERTO  1305  TALLER DE PSICOFISIOLOGIA  19:00 a 20:30 A 207  19:00 a 20:30 A 203  ZAINOS ROSALES ANTONIO PAULINO  1306  TRANSDISCIPLINA II  14:30 a 16:30 A 303  GALLARDO RAMIREZ LUIS MARIANO  Grupo 3011  CLAVE  ASIGNATURA  LUNES  MARTES  MIERCOLES  JUEVES  VIERNES  SABADO  PROFESOR  OBSERVACIONES  1300  APRENDIZAJE Y CONDUCTA ADAPTAT. II  18:00 a 20:00 A 203  18:00 a 20:00 A 303  BERNAL GAMBOA LUIS RODOLFO  1301  CICLO DE VIDA  14:00 a 17:00 A 207  CARRILLO URIBE ALEJANDRO  1302  MEDICION Y EVALUACION PSICOLOGICA  16:30 a 18:00 A 208  16:30 a 18:00 A 303  IREPAN AGUILAR MARICELA  1303  METODO CLINICO  14:00 a 16:30 A 210  14:00 a 16:30 A 208  PROFESOR PENDIENTE IMPARTIRÁ LA ASIGNATURA EL MTRO. HÉCTOR FERNANDO MAGALLANES LOZANO (DOCTORANTE)  1304  PSICOLOGIA SOCIAL DE LOS GRUPOS  18:00 a 20:00 A 210  17:00 a 20:00 A 307  MELENDEZ ZERMEÑO ZORAIDA  1305  TALLER DE PSICOFISIOLOGIA  16:30 a 18:00 A 210  17:00 a 18:30 A 203  OROZCO CALDERON GABRIELA  1306  TRANSDISCIPLINA II  15:00 a 17:00 A 209  PROFESOR PENDIENTE LA CLASE LA IMPARTIRA LA PROFESORA YAMILET TORRES  Grupo 3012  CLAVE  ASIGNATURA  LUNES  MARTES  MIERCOLES  JUEVES  VIERNES  SABADO  PROFESOR  OBSERVACIONES  1300  APRENDIZAJE Y CONDUCTA ADAPTAT. II  18:00 a 20:00 A 208  18:00 a 20:00 A 305  NAKAZAWA CUELLAR FUSAE  1301  CICLO DE VIDA  14:00 a 17:00 A 203  REYES CONTRERAS RAUL  1302  MEDICION Y EVALUACION PSICOLOGICA  16:30 a 18:00 A 209  16:30 a 18:00 A 305  PROFESOR PENDIENTE LA CLASE LA IMPARTIRA EL PROFESOR PEDRO VELASCO  1303  METODO CLINICO  14:00 a 16:30 A 209  14:00 a 16:30 A 203  ROSAS LANDA BAUTISTA HECTOR SEBASTIAN  1304  PSICOLOGIA SOCIAL DE LOS GRUPOS  18:00 a 20:00 A 106  17:00 a 20:00 A 206  SOLER ANGUIANO FRANCISCO LEONARDO  1305  TALLER DE PSICOFISIOLOGIA  16:30 a 18:00 A 106  17:00 a 18:30 A 210  PROFESOR PENDIENTE LA ASIGNATURA SERÁ IMPARTIDA POR LA MTRA. MARÍA DEL CARMEN CASTRO GONZÁLEZ  1306  TRANSDISCIPLINA II  15:00 a 17:00 A 104  TORRES TORRES ERIKA ALEJANDRA  Grupo 3013  CLAVE  ASIGNATURA  LUNES  MARTES  MIERCOLES  JUEVES  VIERNES  SABADO  PROFESOR  OBSERVACIONES  1300  APRENDIZAJE Y CONDUCTA ADAPTAT. II  09:00 a 11:00 A 106  09:30 a 11:30 A 105  BACHA MENDEZ GUSTAVO  1301  CICLO DE VIDA  09:00 a 12:00 A 105  ROMERO SANCHEZ PATRICIA,Grupo 3001  CLAVE  ASIGNATURA  LUNES  MARTES  MIERCOLES  JUEVES  VIERNES  SABADO  PROFESOR  OBSERVACIONES  1300  APRENDIZAJE Y CONDUCTA ADAPTAT. II  09:00 a 11:00 A 107  09:00 a 11:00 A 107  NIETO GUTIERREZ JAVIER  1301  CICLO DE VIDA  10:00 a 13:00 A 105  MERAZ RIOS PATRICIA  1302  MEDICION Y EVALUACION PSICOLOGICA  07:00 a 08:30 A 307  07:00 a 08:30 A 307  BUZO CASANOVA ENRIQUE RICARDO  1303  METODO CLINICO  07:00 a 10:00 A 203  08:30 a 10:30 A 203  PEREZ ROMERO LUIS ANGEL  1304  PSICOLOGIA SOCIAL DE LOS GRUPOS  10:30 a 12:30 A 307  09:00 a 12:00 A 307  LOPEZ OLMEDO ROBERTO  1305  TALLER DE PSICOFISIOLOGIA  07:00 a 08:30 A 203  07:00 a 08:30 A 203  DEL RIO PORTILLA IRMA YOLANDA  1306  TRANSDISCIPLINA II  11:00 a 13:00 A 107  PROFESOR PENDIENTE LA CLASE LA IMPARTIRA EL PROFESOR ARMANDO ANGULO  Grupo 3002  CLAVE  ASIGNATURA  LUNES  MARTES  MIERCOLES  JUEVES  VIERNES  SABADO  PROFESOR  OBSERVACIONES  1300  APRENDIZAJE Y CONDUCTA ADAPTAT. II  09:00 a 11:00 A 208  09:00 a 11:00 A 208  ROCA COGORDAN ALICIA  1301  CICLO DE VIDA  10:00 a 13:00 A 203  MAZON PARRA NANCY C  1302  MEDICION Y EVALUACION PSICOLOGICA  07:00 a 08:30 A 203  07:00 a 08:30 A 203  HERNANDEZ MANZO JEANETTE  1303  METODO CLINICO  07:00 a 10:00 A 206  08:30 a 10:30 A 307  RODRIGUEZ SERRANO AIDEE ELENA  1304  PSICOLOGIA SOCIAL DE LOS GRUPOS  10:30 a 12:30 A 208  09:00 a 12:00 A 107  GONZALEZ TAPIA FLOR PATRICIA  1305  TALLER DE PSICOFISIOLOGIA  07:00 a 08:30 A 206  07:00 a 08:30 A 206  HERNANDEZ SANTOS JOSE ANTONIO  1306  TRANSDISCIPLINA II  11:00 a 13:00 A 207  VALENCIA CRUZ ALEJANDRA  Grupo 3003  CLAVE  ASIGNATURA  LUNES  MARTES  MIERCOLES  JUEVES  VIERNES  SABADO  PROFESOR  OBSERVACIONES  1300  APRENDIZAJE Y CONDUCTA ADAPTAT. II  07:00 a 08:30 A 206  07:00 a 09:30 A 206  AVELAR RODRIGUEZ CRISTINA  1301  CICLO DE VIDA  07:00 a 08:30 A 306  07:00 a 08:30 A 306  PROFESOR PENDIENTE LA CLASE LA IMPARTIRA LA PROFESORA NURIA ROJAS  1302  MEDICION Y EVALUACION PSICOLOGICA  09:00 a 10:30 A 208  10:00 a 11:30 A 203  SILVA GUTIERREZ CECILIA GUADALUPE  1303  METODO CLINICO  10:30 a 12:30 A 104  09:30 a 12:30 A 104  PROFESOR PENDIENTE LA CLASE SERá IMPARTIDA POR LA DRA. CENTLI GUILLéN DíAZ BARRIGA  1304  PSICOLOGIA SOCIAL DE LOS GRUPOS  10:30 a 13:30 A 104  11:30 a 13:30 A 105  ORTIZ HERNANDEZ GEORGINA MA. IGNACIA  1305  TALLER DE PSICOFISIOLOGIA  08:30 a 10:00 A 203  09:00 a 10:30 A 206  RAMIREZ FLORES MAURA JAZMIN  1306  TRANSDISCIPLINA II  07:00 a 09:00 A 307  ALONSO OROZCO ADRIANA IXEL  Grupo 3004  CLAVE  ASIGNATURA  LUNES  MARTES  MIERCOLES  JUEVES  VIERNES  SABADO  PROFESOR  OBSERVACIONES  1300  APRENDIZAJE Y CONDUCTA ADAPTAT. II  07:00 a 08:30 A 306  07:00 a 09:30 A 104  ALONSO OROZCO ADRIANA IXEL  1301  CICLO DE VIDA  07:00 a 08:30 A 307  07:00 a 08:30 A 307  CARRILLO URIBE ALEJANDRO  1302  MEDICION Y EVALUACION PSICOLOGICA  09:00 a 10:30 A 106  10:00 a 11:30 A 209  LOPEZ HERNANDEZ RENATA  1303  METODO CLINICO  10:30 a 12:30 A 106  09:30 a 12:30 A 106  PROFESOR PENDIENTE IMPARTIRá LA ASIGNATURA EL MTRO. JOSé ALFONSO VASCONCELOS YáñEZ (DOCTORANTE)  1304  PSICOLOGIA SOCIAL DE LOS GRUPOS  10:30 a 13:30 A 306  11:30 a 13:30 A 104  LOPEZ OLMEDO ROBERTO  1305  TALLER DE PSICOFISIOLOGIA  08:30 a 10:00 A 307  09:00 a 10:30 A 105  RUIZ CONTRERAS ALEJANDRA EVELYN  1306  TRANSDISCIPLINA II  07:00 a 09:00 A 306  BUZO CASANOVA ENRIQUE RICARDO  Grupo 3005  CLAVE  ASIGNATURA  LUNES  MARTES  MIERCOLES  JUEVES  VIERNES  SABADO  PROFESOR  OBSERVACIONES  1300  APRENDIZAJE Y CONDUCTA ADAPTAT. II  09:00 a 11:00 A 206  12:00 a 14:00 A 107  PROFESOR PENDIENTE LA CLASE LA IMPARTIRA EL PROFESOR ERICK GONZALEZ  1301  CICLO DE VIDA  09:00 a 10:30 A 208  09:00 a 10:30 A 208  MAZON PARRA NANCY C  1302  MEDICION Y EVALUACION PSICOLOGICA  09:00 a 10:30 A 107  10:30 a 12:00 A 207  VALENCIA CRUZ ALEJANDRA  1303  METODO CLINICO  12:00 a 14:30 A 303  12:00 a 14:30 A 303  RAMIREZ CAMACHO MARÍA DEL CARMEN  1304  PSICOLOGIA SOCIAL DE LOS GRUPOS  09:00 a 12:00 A 206  11:00 a 13:00 A 208  VARELA MACEDO VICTORIA MAGDALENA  1305  TALLER DE PSICOFISIOLOGIA  10:30 a 12:00 A 303  10:30 a 12:00 A 206  CASASOLA CASTRO CESAR  1306  TRANSDISCIPLINA II  12:00 a 14:00 A 206  COLMENARES VAZQUEZ LIGIA  Grupo 3006  CLAVE  ASIGNATURA  LUNES  MARTES  MIERCOLES  JUEVES  VIERNES  SABADO  PROFESOR  OBSERVACIONES  1300  APRENDIZAJE Y CONDUCTA ADAPTAT. II  09:00 a 11:00 A 207  12:00 a 14:00 A 208  ROMERO SANCHEZ PATRICIA  1301  CICLO DE VIDA  09:00 a 10:30 A 207  09:00 a 10:30 A 207  MERAZ RIOS PATRICIA  1302  MEDICION Y EVALUACION PSICOLOGICA  09:00 a 10:30 A 209  10:30 a 12:00 A 208  HERNANDEZ MANZO JEANETTE  1303  METODO CLINICO  12:00 a 14:30 A 305  12:00 a 14:30 A 305  JUAREZ LOYA ANGELICA  1304  PSICOLOGIA SOCIAL DE LOS GRUPOS  09:00 a 12:00 A 203  11:00 a 13:00 A 206  VALENCIA CAMARGO MARIA FERNANDA  1305  TALLER DE PSICOFISIOLOGIA  10:30 a 12:00 A 305  10:30 a 12:00 A 105  RAMOS LANGUREN LAURA ELISA  1306  TRANSDISCIPLINA II  12:00 a 14:00 A 104  TORRES TORRES ERIKA ALEJANDRA  Grupo 3007  CLAVE  ASIGNATURA  LUNES  MARTES  MIERCOLES  JUEVES  VIERNES  SABADO  PROFESOR  OBSERVACIONES  1300  APRENDIZAJE Y CONDUCTA ADAPTAT. II  15:30 a 17:30 A 206  13:30 a 15:30 A 206  PROFESOR PENDIENTE LA CLASE LA IMPARTIRA EL PROFESOR MARIO PEREZ  1301  CICLO DE VIDA  17:30 a 20:30 A 206  MORAN MARTINEZ MARIA CONCEPCION  1302  MEDICION Y EVALUACION PSICOLOGICA  17:00 a 18:30 A 206  15:00 a 16:30 A 104  CUEVAS RENAUD CORINA MARGARITA  1303  METODO CLINICO  14:00 a 16:30 A 307  14:00 a 16:30 A 305  FELIX ROMERO VIOLETA  1304  PSICOLOGIA SOCIAL DE LOS GRUPOS  16:30 a 19:30 A 305  16:30 a 18:30 A 208  VALENCIA CAMARGO MARIA FERNANDA  1305  TALLER DE PSICOFISIOLOGIA  17:00 a 18:30 A 207  15:30 a 17:00 A 306  PROFESOR PENDIENTE LA ASIGNATURA SERÁ IMPARTIDA POR LA DRA. LAURA MARCIAL TLAMINTZI  1306  TRANSDISCIPLINA II  18:30 a 20:30 A 306  CARRILLO URIBE ALEJANDRO  Grupo 3008  CLAVE  ASIGNATURA  LUNES  MARTES  MIERCOLES  JUEVES  VIERNES  SABADO  PROFESOR  OBSERVACIONES  1300  APRENDIZAJE Y CONDUCTA ADAPTAT. II  15:30 a 17:30 A 209  13:30 a 15:30 A 307  PROFESOR PENDIENTE LA CLASE LA IMPARTIRA LA PROFESORA TERE MASON  1301  CICLO DE VIDA  17:30 a 20:30 A 209  REYES CONTRERAS RAUL  1302  MEDICION Y EVALUACION PSICOLOGICA  17:00 a 18:30 A 210  15:00 a 16:30 A 107  DE LA CRUZ FLORES GABRIELA  1303  METODO CLINICO  14:00 a 16:30 A 208  14:00 a 16:30 A 307  LOPEZ MONTOYA ALEJANDRA  1304  PSICOLOGIA SOCIAL DE LOS GRUPOS  16:30 a 19:30 A 307  16:30 a 18:30 A 303  ARMENTA HURTARTE CAROLINA  1305  TALLER DE PSICOFISIOLOGIA  17:00 a 18:30 A 210  15:30 a 17:00 A 307  VALENCIA FLORES KENJI BARUCH  1306  TRANSDISCIPLINA II  18:30 a 20:30 A 207  TORRES TORRES ERIKA ALEJANDRA  Grupo 3009  CLAVE  ASIGNATURA  LUNES  MARTES  MIERCOLES  JUEVES  VIERNES  SABADO  PROFESOR  OBSERVACIONES  1300  APRENDIZAJE Y CONDUCTA ADAPTAT. II  18:00 a 20:00 A 106  17:00 a 19:00 A 209  ORDUÑA TRUJILLO OSCAR VLADIMIR  1301  CICLO DE VIDA  15:30 a 17:00 A 207  15:30 a 17:00 A 207  LE CORRE MATHIEU MICHEL  1302  MEDICION Y EVALUACION PSICOLOGICA  17:00 a 20:00 A 203  BUZO CASANOVA ENRIQUE RICARDO  1303  METODO CLINICO  17:00 a 20:00 A 107  16:00 a 18:00 A 303  JUAREZ LOYA ANGELICA  1304  PSICOLOGIA SOCIAL DE LOS GRUPOS  16:30 a 19:00 A 203  14:30 a 17:00 A 307  BONILLA TEOYOTL CRISTIAN IVAN  1305  TALLER DE PSICOFISIOLOGIA  19:00 a 20:30 A 208  19:00 a 20:30 A 208  GALICIA CASTILLO OSCAR RICARDO  1306  TRANSDISCIPLINA II  14:30 a 16:30 A 305  COLMENARES VAZQUEZ LIGIA  Grupo 3010  CLAVE  ASIGNATURA  LUNES  MARTES  MIERCOLES  JUEVES  VIERNES  SABADO  PROFESOR  OBSERVACIONES  1300  APRENDIZAJE Y CONDUCTA ADAPTAT. II  18:00 a 20:00 A 303  17:00 a 19:00 A 207  MORALES CHAINE SILVIA  1301  CICLO DE VIDA  15:30 a 17:00 A 105  15:30 a 17:00 A 210  TOVAR Y ROMO ANGEL EUGENIO  1302  MEDICION Y EVALUACION PSICOLOGICA  17:00 a 20:00 A 207  HERRERA ORTIZ MIGUEL  1303  METODO CLINICO  17:00 a 20:00 A 207  16:00 a 18:00 A 105  RODRIGUEZ DURAN CARLOS AUGUSTO  1304  PSICOLOGIA SOCIAL DE LOS GRUPOS  16:30 a 19:00 A 208  14:30 a 17:00 A 206  LOPEZ OLMEDO ROBERTO  1305  TALLER DE PSICOFISIOLOGIA  19:00 a 20:30 A 207  19:00 a 20:30 A 203  ZAINOS ROSALES ANTONIO PAULINO  1306  TRANSDISCIPLINA II  14:30 a 16:30 A 303  GALLARDO RAMIREZ LUIS MARIANO  Grupo 3011  CLAVE  ASIGNATURA  LUNES  MARTES  MIERCOLES  JUEVES  VIERNES  SABADO  PROFESOR  OBSERVACIONES  1300  APRENDIZAJE Y CONDUCTA ADAPTAT. II  18:00 a 20:00 A 203  18:00 a 20:00 A 303  BERNAL GAMBOA LUIS RODOLFO  1301  CICLO DE VIDA  14:00 a 17:00 A 207  CARRILLO URIBE ALEJANDRO  1302  MEDICION Y EVALUACION PSICOLOGICA  16:30 a 18:00 A 208  16:30 a 18:00 A 303  IREPAN AGUILAR MARICELA  1303  METODO CLINICO  14:00 a 16:30 A 210  14:00 a 16:30 A 208  PROFESOR PENDIENTE IMPARTIRÁ LA ASIGNATURA EL MTRO. HÉCTOR FERNANDO MAGALLANES LOZANO (DOCTORANTE)  1304  PSICOLOGIA SOCIAL DE LOS GRUPOS  18:00 a 20:00 A 210  17:00 a 20:00 A 307  MELENDEZ ZERMEÑO ZORAIDA  1305  TALLER DE PSICOFISIOLOGIA  16:30 a 18:00 A 210  17:00 a 18:30 A 203  OROZCO CALDERON GABRIELA  1306  TRANSDISCIPLINA II  15:00 a 17:00 A 209  PROFESOR PENDIENTE LA CLASE LA IMPARTIRA LA PROFESORA YAMILET TORRES  Grupo 3012  CLAVE  ASIGNATURA  LUNES  MARTES  MIERCOLES  JUEVES  VIERNES  SABADO  PROFESOR  OBSERVACIONES  1300  APRENDIZAJE Y CONDUCTA ADAPTAT. II  18:00 a 20:00 A 208  18:00 a 20:00 A 305  NAKAZAWA CUELLAR FUSAE  1301  CICLO DE VIDA  14:00 a 17:00 A 203  REYES CONTRERAS RAUL  1302  MEDICION Y EVALUACION PSICOLOGICA  16:30 a 18:00 A 209  16:30 a 18:00 A 305  PROFESOR PENDIENTE LA CLASE LA IMPARTIRA EL PROFESOR PEDRO VELASCO  1303  METODO CLINICO  14:00 a 16:30 A 209  14:00 a 16:30 A 203  ROSAS LANDA BAUTISTA HECTOR SEBASTIAN  1304  PSICOLOGIA SOCIAL DE LOS GRUPOS  18:00 a 20:00 A 106  17:00 a 20:00 A 206  SOLER ANGUIANO FRANCISCO LEONARDO  1305  TALLER DE PSICOFISIOLOGIA  16:30 a 18:00 A 106  17:00 a 18:30 A 210  PROFESOR PENDIENTE LA ASIGNATURA SERÁ IMPARTIDA POR LA MTRA. MARÍA DEL CARMEN CASTRO GONZÁLEZ  1306  TRANSDISCIPLINA II  15:00 a 17:00 A 104  TORRES TORRES ERIKA ALEJANDRA  Grupo 3013  CLAVE  ASIGNATURA  LUNES  MARTES  MIERCOLES  JUEVES  VIERNES  SABADO  PROFESOR  OBSERVACIONES  1300  APRENDIZAJE Y CONDUCTA ADAPTAT. II  09:00 a 11:00 A 106  09:30 a 11:30 A 105  BACHA MENDEZ GUSTAVO  1301  CICLO DE VIDA  09:00 a 12:00 A 105  ROMERO SANCHEZ PATRICIA,,,,,,,,3er Semestre,Todos
Grupo 3001,Grupo 3001,Grupo 3001,Grupo 3001,Grupo 3001,Grupo 3001,Grupo 3001,Grupo 3001,Grupo 3001,Grupo 3001,3er Semestre,Todos
CLAVE,ASIGNATURA,LUNES,MARTES,MIERCOLES,JUEVES,VIERNES,SABADO,PROFESOR,OBSERVACIONES,3er Semestre,Todos
1300,APRENDIZAJE Y CONDUCTA ADAPTAT. II,09:00 a 11:00 A 107,,09:00 a 11:00 A 107,,,,NIETO GUTIERREZ JAVIER,,3er Semestre,Todos
1301,CICLO DE VIDA,,10:00 a 13:00 A 105,,,,,MERAZ RIOS PATRICIA,,3er Semestre,Todos
1302,MEDICION Y EVALUACION PSICOLOGICA,,,07:00 a 08:30 A 307,,07:00 a 08:30 A 307,,BUZO CASANOVA ENRIQUE RICARDO,,3er Semestre,Todos
1303,METODO CLINICO,,07:00 a 10:00 A 203,,08:30 a 10:30 A 203,,,PEREZ ROMERO LUIS ANGEL,,3er Semestre,Todos
1304,PSICOLOGIA SOCIAL DE LOS GRUPOS,,,,10:30 a 12:30 A 307,09:00 a 12:00 A 307,,LOPEZ OLMEDO ROBERTO,,3er Semestre,Todos
1305,TALLER DE PSICOFISIOLOGIA,07:00 a 08:30 A 203,,,07:00 a 08:30 A 203,,,DEL RIO PORTILLA IRMA YOLANDA,,3er Semestre,Todos
1306,TRANSDISCIPLINA II,,,11:00 a 13:00 A 107,,,,PROFESOR PENDIENTE,LA CLASE LA IMPARTIRA EL PROFESOR ARMANDO ANGULO,3er Semestre,Todos
Grupo 3002,Grupo 3002,Grupo 3002,Grupo 3002,Grupo 3002,Grupo 3002,Grupo 3002,Grupo 3002,Grupo 3002,Grupo 3002,3er Semestre,Todos
CLAVE,ASIGNATURA,LUNES,MARTES,MIERCOLES,JUEVES,VIERNES,SABADO,PROFESOR,OBSERVACIONES,3er Semestre,Todos
1300,APRENDIZAJE Y CONDUCTA ADAPTAT. II,09:00 a 11:00 A 208,,09:00 a 11:00 A 208,,,,ROCA COGORDAN ALICIA,,3er Semestre,Todos
1301,CICLO DE VIDA,,10:00 a 13:00 A 203,,,,,MAZON PARRA NANCY C,,3er Semestre,Todos
1302,MEDICION Y EVALUACION PSICOLOGICA,,,07:00 a 08:30 A 203,,07:00 a 08:30 A 203,,HERNANDEZ MANZO JEANETTE,,3er Semestre,Todos
1303,METODO CLINICO,,07:00 a 10:00 A 206,,08:30 a 10:30 A 307,,,RODRIGUEZ SERRANO AIDEE ELENA,,3er Semestre,Todos
1304,PSICOLOGIA SOCIAL DE LOS GRUPOS,,,,10:30 a 12:30 A 208,09:00 a 12:00 A 107,,GONZALEZ TAPIA FLOR PATRICIA,,3er Semestre,Todos
1305,TALLER DE PSICOFISIOLOGIA,07:00 a 08:30 A 206,,,07:00 a 08:30 A 206,,,HERNANDEZ SANTOS JOSE ANTONIO,,3er Semestre,Todos
1306,TRANSDISCIPLINA II,,,11:00 a 13:00 A 207,,,,VALENCIA CRUZ ALEJANDRA,,3er Semestre,Todos
Grupo 3003,Grupo 3003,Grupo 3003,Grupo 3003,Grupo 3003,Grupo 3003,Grupo 3003,Grupo 3003,Grupo 3003,Grupo 3003,3er Semestre,Todos
CLAVE,ASIGNATURA,LUNES,MARTES,MIERCOLES,JUEVES,VIERNES,SABADO,PROFESOR,OBSERVACIONES,3er Semestre,Todos
1300,APRENDIZAJE Y CONDUCTA ADAPTAT. II,,,07:00 a 08:30 A 206,,07:00 a 09:30 A 206,,AVELAR RODRIGUEZ CRISTINA,,3er Semestre,Todos
1301,CICLO DE VIDA,,07:00 a 08:30 A 306,,07:00 a 08:30 A 306,,,PROFESOR PENDIENTE,LA CLASE LA IMPARTIRA LA PROFESORA NURIA ROJAS,3er Semestre,Todos
1302,MEDICION Y EVALUACION PSICOLOGICA,,09:00 a 10:30 A 208,10:00 a 11:30 A 203,,,,SILVA GUTIERREZ CECILIA GUADALUPE,,3er Semestre,Todos
1303,METODO CLINICO,,,,10:30 a 12:30 A 104,09:30 a 12:30 A 104,,PROFESOR PENDIENTE,LA CLASE SERá IMPARTIDA POR LA DRA. CENTLI GUILLéN DíAZ BARRIGA,3er Semestre,Todos
1304,PSICOLOGIA SOCIAL DE LOS GRUPOS,,10:30 a 13:30 A 104,11:30 a 13:30 A 105,,,,ORTIZ HERNANDEZ GEORGINA MA. IGNACIA,,3er Semestre,Todos
1305,TALLER DE PSICOFISIOLOGIA,,,08:30 a 10:00 A 203,09:00 a 10:30 A 206,,,RAMIREZ FLORES MAURA JAZMIN,,3er Semestre,Todos
1306,TRANSDISCIPLINA II,07:00 a 09:00 A 307,,,,,,ALONSO OROZCO ADRIANA IXEL,,3er Semestre,Todos
Grupo 3004,Grupo 3004,Grupo 3004,Grupo 3004,Grupo 3004,Grupo 3004,Grupo 3004,Grupo 3004,Grupo 3004,Grupo 3004,3er Semestre,Todos
CLAVE,ASIGNATURA,LUNES,MARTES,MIERCOLES,JUEVES,VIERNES,SABADO,PROFESOR,OBSERVACIONES,3er Semestre,Todos
1300,APRENDIZAJE Y CONDUCTA ADAPTAT. II,,,07:00 a 08:30 A 306,,07:00 a 09:30 A 104,,ALONSO OROZCO ADRIANA IXEL,,3er Semestre,Todos
1301,CICLO DE VIDA,,07:00 a 08:30 A 307,,07:00 a 08:30 A 307,,,CARRILLO URIBE ALEJANDRO,,3er Semestre,Todos
1302,MEDICION Y EVALUACION PSICOLOGICA,,09:00 a 10:30 A 106,10:00 a 11:30 A 209,,,,LOPEZ HERNANDEZ RENATA,,3er Semestre,Todos
1303,METODO CLINICO,,,,10:30 a 12:30 A 106,09:30 a 12:30 A 106,,PROFESOR PENDIENTE,IMPARTIRá LA ASIGNATURA EL MTRO. JOSé ALFONSO VASCONCELOS YáñEZ (DOCTORANTE),3er Semestre,Todos
1304,PSICOLOGIA SOCIAL DE LOS GRUPOS,,10:30 a 13:30 A 306,11:30 a 13:30 A 104,,,,LOPEZ OLMEDO ROBERTO,,3er Semestre,Todos
1305,TALLER DE PSICOFISIOLOGIA,,,08:30 a 10:00 A 307,09:00 a 10:30 A 105,,,RUIZ CONTRERAS ALEJANDRA EVELYN,,3er Semestre,Todos
1306,TRANSDISCIPLINA II,07:00 a 09:00 A 306,,,,,,BUZO CASANOVA ENRIQUE RICARDO,,3er Semestre,Todos
Grupo 3005,Grupo 3005,Grupo 3005,Grupo 3005,Grupo 3005,Grupo 3005,Grupo 3005,Grupo 3005,Grupo 3005,Grupo 3005,3er Semestre,Todos
CLAVE,ASIGNATURA,LUNES,MARTES,MIERCOLES,JUEVES,VIERNES,SABADO,PROFESOR,OBSERVACIONES,3er Semestre,Todos
1300,APRENDIZAJE Y CONDUCTA ADAPTAT. II,,,09:00 a 11:00 A 206,,12:00 a 14:00 A 107,,PROFESOR PENDIENTE,LA CLASE LA IMPARTIRA EL PROFESOR ERICK GONZALEZ,3er Semestre,Todos
1301,CICLO DE VIDA,,,,09:00 a 10:30 A 208,09:00 a 10:30 A 208,,MAZON PARRA NANCY C,,3er Semestre,Todos
1302,MEDICION Y EVALUACION PSICOLOGICA,,09:00 a 10:30 A 107,,,10:30 a 12:00 A 207,,VALENCIA CRUZ ALEJANDRA,,3er Semestre,Todos
1303,METODO CLINICO,,12:00 a 14:30 A 303,,12:00 a 14:30 A 303,,,RAMIREZ CAMACHO MARÍA DEL CARMEN,,3er Semestre,Todos
1304,PSICOLOGIA SOCIAL DE LOS GRUPOS,09:00 a 12:00 A 206,,11:00 a 13:00 A 208,,,,VARELA MACEDO VICTORIA MAGDALENA,,3er Semestre,Todos
1305,TALLER DE PSICOFISIOLOGIA,,10:30 a 12:00 A 303,,10:30 a 12:00 A 206,,,CASASOLA CASTRO CESAR,,3er Semestre,Todos
1306,TRANSDISCIPLINA II,12:00 a 14:00 A 206,,,,,,COLMENARES VAZQUEZ LIGIA,,3er Semestre,Todos
Grupo 3006,Grupo 3006,Grupo 3006,Grupo 3006,Grupo 3006,Grupo 3006,Grupo 3006,Grupo 3006,Grupo 3006,Grupo 3006,3er Semestre,Todos
CLAVE,ASIGNATURA,LUNES,MARTES,MIERCOLES,JUEVES,VIERNES,SABADO,PROFESOR,OBSERVACIONES,3er Semestre,Todos
1300,APRENDIZAJE Y CONDUCTA ADAPTAT. II,,,09:00 a 11:00 A 207,,12:00 a 14:00 A 208,,ROMERO SANCHEZ PATRICIA,,3er Semestre,Todos
1301,CICLO DE VIDA,,,,09:00 a 10:30 A 207,09:00 a 10:30 A 207,,MERAZ RIOS PATRICIA,,3er Semestre,Todos
1302,MEDICION Y EVALUACION PSICOLOGICA,,09:00 a 10:30 A 209,,,10:30 a 12:00 A 208,,HERNANDEZ MANZO JEANETTE,,3er Semestre,Todos
1303,METODO CLINICO,,12:00 a 14:30 A 305,,12:00 a 14:30 A 305,,,JUAREZ LOYA ANGELICA,,3er Semestre,Todos
1304,PSICOLOGIA SOCIAL DE LOS GRUPOS,09:00 a 12:00 A 203,,11:00 a 13:00 A 206,,,,VALENCIA CAMARGO MARIA FERNANDA,,3er Semestre,Todos
1305,TALLER DE PSICOFISIOLOGIA,,10:30 a 12:00 A 305,,10:30 a 12:00 A 105,,,RAMOS LANGUREN LAURA ELISA,,3er Semestre,Todos
1306,TRANSDISCIPLINA II,12:00 a 14:00 A 104,,,,,,TORRES TORRES ERIKA ALEJANDRA,,3er Semestre,Todos
Grupo 3007,Grupo 3007,Grupo 3007,Grupo 3007,Grupo 3007,Grupo 3007,Grupo 3007,Grupo 3007,Grupo 3007,Grupo 3007,3er Semestre,Todos
CLAVE,ASIGNATURA,LUNES,MARTES,MIERCOLES,JUEVES,VIERNES,SABADO,PROFESOR,OBSERVACIONES,3er Semestre,Todos
1300,APRENDIZAJE Y CONDUCTA ADAPTAT. II,15:30 a 17:30 A 206,,,13:30 a 15:30 A 206,,,PROFESOR PENDIENTE,LA CLASE LA IMPARTIRA EL PROFESOR MARIO PEREZ,3er Semestre,Todos
1301,CICLO DE VIDA,17:30 a 20:30 A 206,,,,,,MORAN MARTINEZ MARIA CONCEPCION,,3er Semestre,Todos
1302,MEDICION Y EVALUACION PSICOLOGICA,,,,17:00 a 18:30 A 206,15:00 a 16:30 A 104,,CUEVAS RENAUD CORINA MARGARITA,,3er Semestre,Todos
1303,METODO CLINICO,,14:00 a 16:30 A 307,14:00 a 16:30 A 305,,,,FELIX ROMERO VIOLETA,,3er Semestre,Todos
1304,PSICOLOGIA SOCIAL DE LOS GRUPOS,,,16:30 a 19:30 A 305,,16:30 a 18:30 A 208,,VALENCIA CAMARGO MARIA FERNANDA,,3er Semestre,Todos
1305,TALLER DE PSICOFISIOLOGIA,,17:00 a 18:30 A 207,,15:30 a 17:00 A 306,,,PROFESOR PENDIENTE,LA ASIGNATURA SERÁ IMPARTIDA POR LA DRA. LAURA MARCIAL TLAMINTZI,3er Semestre,Todos
1306,TRANSDISCIPLINA II,,18:30 a 20:30 A 306,,,,,CARRILLO URIBE ALEJANDRO,,3er Semestre,Todos
Grupo 3008,Grupo 3008,Grupo 3008,Grupo 3008,Grupo 3008,Grupo 3008,Grupo 3008,Grupo 3008,Grupo 3008,Grupo 3008,3er Semestre,Todos
CLAVE,ASIGNATURA,LUNES,MARTES,MIERCOLES,JUEVES,VIERNES,SABADO,PROFESOR,OBSERVACIONES,3er Semestre,Todos
1300,APRENDIZAJE Y CONDUCTA ADAPTAT. II,15:30 a 17:30 A 209,,,13:30 a 15:30 A 307,,,PROFESOR PENDIENTE,LA CLASE LA IMPARTIRA LA PROFESORA TERE MASON,3er Semestre,Todos
1301,CICLO DE VIDA,17:30 a 20:30 A 209,,,,,,REYES CONTRERAS RAUL,,3er Semestre,Todos
1302,MEDICION Y EVALUACION PSICOLOGICA,,,,17:00 a 18:30 A 210,15:00 a 16:30 A 107,,DE LA CRUZ FLORES GABRIELA,,3er Semestre,Todos
1303,METODO CLINICO,,14:00 a 16:30 A 208,14:00 a 16:30 A 307,,,,LOPEZ MONTOYA ALEJANDRA,,3er Semestre,Todos
1304,PSICOLOGIA SOCIAL DE LOS GRUPOS,,,16:30 a 19:30 A 307,,16:30 a 18:30 A 303,,ARMENTA HURTARTE CAROLINA,,3er Semestre,Todos
1305,TALLER DE PSICOFISIOLOGIA,,17:00 a 18:30 A 210,,15:30 a 17:00 A 307,,,VALENCIA FLORES KENJI BARUCH,,3er Semestre,Todos
1306,TRANSDISCIPLINA II,,18:30 a 20:30 A 207,,,,,TORRES TORRES ERIKA ALEJANDRA,,3er Semestre,Todos
Grupo 3009,Grupo 3009,Grupo 3009,Grupo 3009,Grupo 3009,Grupo 3009,Grupo 3009,Grupo 3009,Grupo 3009,Grupo 3009,3er Semestre,Todos
CLAVE,ASIGNATURA,LUNES,MARTES,MIERCOLES,JUEVES,VIERNES,SABADO,PROFESOR,OBSERVACIONES,3er Semestre,Todos
1300,APRENDIZAJE Y CONDUCTA ADAPTAT. II,,18:00 a 20:00 A 106,17:00 a 19:00 A 209,,,,ORDUÑA TRUJILLO OSCAR VLADIMIR,,3er Semestre,Todos
1301,CICLO DE VIDA,15:30 a 17:00 A 207,,15:30 a 17:00 A 207,,,,LE CORRE MATHIEU MICHEL,,3er Semestre,Todos
1302,MEDICION Y EVALUACION PSICOLOGICA,,,,,17:00 a 20:00 A 203,,BUZO CASANOVA ENRIQUE RICARDO,,3er Semestre,Todos
1303,METODO CLINICO,17:00 a 20:00 A 107,16:00 a 18:00 A 303,,,,,JUAREZ LOYA ANGELICA,,3er Semestre,Todos
1304,PSICOLOGIA SOCIAL DE LOS GRUPOS,,,,16:30 a 19:00 A 203,14:30 a 17:00 A 307,,BONILLA TEOYOTL CRISTIAN IVAN,,3er Semestre,Todos
1305,TALLER DE PSICOFISIOLOGIA,,,19:00 a 20:30 A 208,19:00 a 20:30 A 208,,,GALICIA CASTILLO OSCAR RICARDO,,3er Semestre,Todos
1306,TRANSDISCIPLINA II,,,,14:30 a 16:30 A 305,,,COLMENARES VAZQUEZ LIGIA,,3er Semestre,Todos
Grupo 3010,Grupo 3010,Grupo 3010,Grupo 3010,Grupo 3010,Grupo 3010,Grupo 3010,Grupo 3010,Grupo 3010,Grupo 3010,3er Semestre,Todos
CLAVE,ASIGNATURA,LUNES,MARTES,MIERCOLES,JUEVES,VIERNES,SABADO,PROFESOR,OBSERVACIONES,3er Semestre,Todos
1300,APRENDIZAJE Y CONDUCTA ADAPTAT. II,,18:00 a 20:00 A 303,17:00 a 19:00 A 207,,,,MORALES CHAINE SILVIA,,3er Semestre,Todos
1301,CICLO DE VIDA,15:30 a 17:00 A 105,,15:30 a 17:00 A 210,,,,TOVAR Y ROMO ANGEL EUGENIO,,3er Semestre,Todos
1302,MEDICION Y EVALUACION PSICOLOGICA,,,,,17:00 a 20:00 A 207,,HERRERA ORTIZ MIGUEL,,3er Semestre,Todos
1303,METODO CLINICO,17:00 a 20:00 A 207,16:00 a 18:00 A 105,,,,,RODRIGUEZ DURAN CARLOS AUGUSTO,,3er Semestre,Todos
1304,PSICOLOGIA SOCIAL DE LOS GRUPOS,,,,16:30 a 19:00 A 208,14:30 a 17:00 A 206,,LOPEZ OLMEDO ROBERTO,,3er Semestre,Todos
1305,TALLER DE PSICOFISIOLOGIA,,,19:00 a 20:30 A 207,19:00 a 20:30 A 203,,,ZAINOS ROSALES ANTONIO PAULINO,,3er Semestre,Todos
1306,TRANSDISCIPLINA II,,,,14:30 a 16:30 A 303,,,GALLARDO RAMIREZ LUIS MARIANO,,3er Semestre,Todos
Grupo 3011,Grupo 3011,Grupo 3011,Grupo 3011,Grupo 3011,Grupo 3011,Grupo 3011,Grupo 3011,Grupo 3011,Grupo 3011,3er Semestre,Todos
CLAVE,ASIGNATURA,LUNES,MARTES,MIERCOLES,JUEVES,VIERNES,SABADO,PROFESOR,OBSERVACIONES,3er Semestre,Todos
1300,APRENDIZAJE Y CONDUCTA ADAPTAT. II,,18:00 a 20:00 A 203,,18:00 a 20:00 A 303,,,BERNAL GAMBOA LUIS RODOLFO,,3er Semestre,Todos
1301,CICLO DE VIDA,,,,,14:00 a 17:00 A 207,,CARRILLO URIBE ALEJANDRO,,3er Semestre,Todos
1302,MEDICION Y EVALUACION PSICOLOGICA,,16:30 a 18:00 A 208,,16:30 a 18:00 A 303,,,IREPAN AGUILAR MARICELA,,3er Semestre,Todos
1303,METODO CLINICO,,14:00 a 16:30 A 210,,14:00 a 16:30 A 208,,,PROFESOR PENDIENTE,IMPARTIRÁ LA ASIGNATURA EL MTRO. HÉCTOR FERNANDO MAGALLANES LOZANO (DOCTORANTE),3er Semestre,Todos
1304,PSICOLOGIA SOCIAL DE LOS GRUPOS,18:00 a 20:00 A 210,,,,17:00 a 20:00 A 307,,MELENDEZ ZERMEÑO ZORAIDA,,3er Semestre,Todos
1305,TALLER DE PSICOFISIOLOGIA,16:30 a 18:00 A 210,,17:00 a 18:30 A 203,,,,OROZCO CALDERON GABRIELA,,3er Semestre,Todos
1306,TRANSDISCIPLINA II,,,15:00 a 17:00 A 209,,,,PROFESOR PENDIENTE,LA CLASE LA IMPARTIRA LA PROFESORA YAMILET TORRES,3er Semestre,Todos
Grupo 3012,Grupo 3012,Grupo 3012,Grupo 3012,Grupo 3012,Grupo 3012,Grupo 3012,Grupo 3012,Grupo 3012,Grupo 3012,3er Semestre,Todos
CLAVE,ASIGNATURA,LUNES,MARTES,MIERCOLES,JUEVES,VIERNES,SABADO,PROFESOR,OBSERVACIONES,3er Semestre,Todos
1300,APRENDIZAJE Y CONDUCTA ADAPTAT. II,,18:00 a 20:00 A 208,,18:00 a 20:00 A 305,,,NAKAZAWA CUELLAR FUSAE,,3er Semestre,Todos
1301,CICLO DE VIDA,,,,,14:00 a 17:00 A 203,,REYES CONTRERAS RAUL,,3er Semestre,Todos
1302,MEDICION Y EVALUACION PSICOLOGICA,,16:30 a 18:00 A 209,,16:30 a 18:00 A 305,,,PROFESOR PENDIENTE,LA CLASE LA IMPARTIRA EL PROFESOR PEDRO VELASCO,3er Semestre,Todos
1303,METODO CLINICO,,14:00 a 16:30 A 209,,14:00 a 16:30 A 203,,,ROSAS LANDA BAUTISTA HECTOR SEBASTIAN,,3er Semestre,Todos
1304,PSICOLOGIA SOCIAL DE LOS GRUPOS,18:00 a 20:00 A 106,,,,17:00 a 20:00 A 206,,SOLER ANGUIANO FRANCISCO LEONARDO,,3er Semestre,Todos
1305,TALLER DE PSICOFISIOLOGIA,16:30 a 18:00 A 106,,17:00 a 18:30 A 210,,,,PROFESOR PENDIENTE,LA ASIGNATURA SERÁ IMPARTIDA POR LA MTRA. MARÍA DEL CARMEN CASTRO GONZÁLEZ,3er Semestre,Todos
1306,TRANSDISCIPLINA II,,,15:00 a 17:00 A 104,,,,TORRES TORRES ERIKA ALEJANDRA,,3er Semestre,Todos
Grupo 3013,Grupo 3013,Grupo 3013,Grupo 3013,Grupo 3013,Grupo 3013,Grupo 3013,Grupo 3013,Grupo 3013,Grupo 3013,3er Semestre,Todos
CLAVE,ASIGNATURA,LUNES,MARTES,MIERCOLES,JUEVES,VIERNES,SABADO,PROFESOR,OBSERVACIONES,3er Semestre,Todos
1300,APRENDIZAJE Y CONDUCTA ADAPTAT. II,09:00 a 11:00 A 106,,09:30 a 11:30 A 105,,,,BACHA MENDEZ GUSTAVO,,3er Semestre,Todos
1301,CICLO DE VIDA,,,,,09:00 a 12:00 A 105,,ROMERO SANCHEZ PATRICIA,,3er Semestre,Todos
Selecciona el semestre a consultar  ----------- 1er Semestre 	3er Semestre 	5to Semestre 	7mo Semestre  OPTATIVAS DE GENERO (Plan 2008)  OPTATIVAS,Selecciona el tipo de busqueda  ----------- Grupo 	Asignatura,Selecciona el campo del conocimiento  ----------- CIENCIAS COGNITIVAS Y DEL COMPORTAMIENTO 	PROCESOS PSICOSOCIALES Y CULTURALES 	PSICOBIOLOGIA Y NEUROCIENCIAS 	PSICOLOGIA CLINICA Y DE LA SALUD 	PSICOLOGIA DE LA EDUCACION 	PSICOLOGIA ORGANIZACIONAL 	CONTEXTUAL,,,,,,,,5to Semestre,CIENCIAS COGNITIVAS Y DEL COMPORTAMIENTO
,,,,,,,,,,5to Semestre,CIENCIAS COGNITIVAS Y DEL COMPORTAMIENTO
,,,,,,,,,,5to Semestre,CIENCIAS COGNITIVAS Y DEL COMPORTAMIENTO
"Grupo 5101  CLAVE  ASIGNATURA  LUNES  MARTES  MIERCOLES  JUEVES  VIERNES  SABADO  PROFESOR  OBSERVACIONES  1515  APRENDIZAJE, MOTIVACION COGNIC.I  08:00 a 11:00 Edif C Salon 3  08:00 a 10:00 Edif C Salon 3  BACHA MENDEZ GUSTAVO  TEMáTICA:TEMAS DE CONDICIONAMIENTO CLáSICO, OPERANTE Y ALGUNAS APLICACIONES. PRE-REQUISITOS: LEER MATERIAL EN INGLéS.  1516  DESAR. ACTUALS EN COGNIC.Y COMPOR. I  11:00 a 14:00 A 302  TOVAR Y ROMO ANGEL EUGENIO  TEMáTICA: COGNICIóN Y LENGUAJE. PRE-REQUISITOS: INDISPENSABLE LEER TEXTOS EN INGLéS.  1517  INVESTIGACION Y ANALISIS D DATOS I  11:00 a 13:00 A 308  11:00 a 13:00 A 308  LEENEN IWEIN MARIA ROGER  TEMáTICA: CONCEPTOS BáSICOS DE LA ESTADíSITICA DESCRIPTIVA E INFERENCIAL. PRE-REQUISITOS: NINGUNO.  1518  TALLER DE INVESTIGACION I  13:00 a 16:00 A 211  08:00 a 15:00 A 211  ERAZO ÑAÑEZ LEYDY ALEEN VAZQUEZ LIRA RAMSES  TEMáTICA: EVALUACIONES A GRAN ESCALA CON USO DE INTELIGENCIA ARTIFICIAL. PRE-REQUISITOS: ACORDAR HORARIO CON LOS PROFESORES, ESCRIBIR A ERAZO25@GMAIL.COM Y DRVAZQUE@GMAIL.COM. REVISAR EL PROGRAMA.  Grupo 5102  CLAVE  ASIGNATURA  LUNES  MARTES  MIERCOLES  JUEVES  VIERNES  SABADO  PROFESOR  OBSERVACIONES  1515  APRENDIZAJE, MOTIVACION COGNIC.I  10:00 a 15:00 B 12  MORALES CHAINE SILVIA  TEMáTICA: ANáLISIS CONDUCTUAL APLICADO. PRE-REQUISITOS: NIGUNO  1516  DESAR. ACTUALS EN COGNIC.Y COMPOR. I  15:00 a 18:00 A 309  DURON FIGUEROA RAUL  TEMáTICA: INTRODUCCIóN A LA INCORPORACIóN DE LAS TECNOLOGíAS AL ESTUDIO DE LA COGNICIóN Y EL COMPORTAMIENTO. PRE-REQUISITOS:COMPRENSIóN DE TEXTOS CIENTíFICOS EN INGLéS Y BúSQUEDA BIBLIOGRáFICA EN BASES DE DATOS ESPECIALIZADAS. 1517  INVESTIGACION Y ANALISIS D DATOS I  10:00 a 12:00 B 12  10:00 a 12:00 B 12  MENEZ DIAZ JUDITH MARINA  TEMáTICA: A PARTIR DEL MODELO LINEAL GENERAL, SE DESCRIBE EL ENFOQUE DE COMPARACIóN DE MODELOS Y CóMO éSTE SE APLICA A REGRESIóN LINEAL SIMPLE, MúLTIPLE Y ANOVA DE UNA VíA. PRE-REQUISITOS: NINGUNO.  1518  TALLER DE INVESTIGACION I  07:00 a 09:00 AULA PENDIENTE  07:00 a 09:00 AULA PENDIENTE  07:00 a 09:00 AULA PENDIENTE  07:00 a 09:00 AULA PENDIENTE  07:00 a 09:00 AULA PENDIENTE  ESCOBAR HERNANDEZ ROGELIO  TEMáTICA: TRABAJO DE LABORATORIO EN ANáLISIS EXPERIMENTAL DE LA CONDUCTA. PRE-REQUISITOS: INDISPENSABLE REALIZAR ENTREVISTA PREVIA CON EL PROFESOR RESCOBAR@UNAM.MX  Grupo 5103  CLAVE  ASIGNATURA  LUNES  MARTES  MIERCOLES  JUEVES  VIERNES  SABADO  PROFESOR  OBSERVACIONES  1515  APRENDIZAJE, MOTIVACION COGNIC.I  12:00 a 15:00 Edif C Salon 3  13:00 a 15:00 Edif C Salon 3  ESCOBAR HERNANDEZ ROGELIO  TEMáTICA: ANáLISIS EXPERIMENTAL DE LA CONDUCTA. PRE-REQUISITOS: LEER FLUIDAMENTE EN INGLéS Y ENTENDER VIDEOS EN INGLéS. 1516  DESAR. ACTUALS EN COGNIC.Y COMPOR. I  10:00 a 13:00 A 311  AMAYA MORA DAVID  TEMáTICA: ENTREVISTA MOTIVACIONAL Y PRINCIPIOS BáSICOS DEL COMPORTAMIENTO. PRE-REQUISITOS: NINGUNO  1517  INVESTIGACION Y ANALISIS D DATOS I  08:00 a 10:00 A 003  08:00 a 10:00 A 003  AVILA SANTIBANEZ RAUL  TEMáTICA: INTRODUCCIóN AL DISEñO Y ANáLISIS DE DATOS EN EXPERIMENTOS EN ANáLISIS DE LA CONDUCTA. PRE-REQUISITOS: LEER EN INGLéS.  1518  TALLER DE INVESTIGACION I  08:00 a 18:00 AULA PENDIENTE  BACHA MENDEZ GUSTAVO  TEMáTICA: COMPETENCIAS BáSICAS PARA INVESTIGACIóN. PRE-REQUISITOS: ENTREVISTA PREVIA CON EL PROFESOR PARA ACORDAR HORARIOS Y LAS ACTIVIDADES A REALIZAR DURANTE EL CURSO Y FORMAS DE CALIFICACIóN (BACHA@UNAM.MX).  Grupo 5104  CLAVE  ASIGNATURA  LUNES  MARTES  MIERCOLES  JUEVES  VIERNES  SABADO  PROFESOR  OBSERVACIONES  1516  DESAR. ACTUALS EN COGNIC.Y COMPOR. I  09:00 a 12:00 AULA PENDIENTE  VELAZQUEZ MARTINEZ DAVID NATHANAEL  TEMáTICA: ESTIMULACIóN ELéCTRICA Y OPTICA COMO REFORZADOR. PRE-REQUISITOS: NINGUNO  1517  INVESTIGACION Y ANALISIS D DATOS I  12:00 a 14:00 B 12  09:00 a 11:00 B 12  CUEVAS RENAUD CORINA MARGARITA  TEMáTICA: ESTADíSTICA APLICADA A ANáLISIS DE DATOS. PRE-REQUISITOS: NINGUNO.  1518  TALLER DE INVESTIGACION I  08:00 a 18:00 AULA PENDIENTE  BERNAL GAMBOA LUIS RODOLFO  TEMáTICA: COGNICIóN ANIMAL. PRE-REQUISITOS: INDISPENSABLE CONTACTAR AL PROFESOR ANTES DE INSCRIBIR LA ASIGNATURA A RBERNALG@UNAM.MX  Grupo 5105  CLAVE  ASIGNATURA  LUNES  MARTES  MIERCOLES  JUEVES  VIERNES  SABADO  PROFESOR  OBSERVACIONES  1516  DESAR. ACTUALS EN COGNIC.Y COMPOR. I  14:30 a 17:30 Edif C Salon 3  MORAN MARTINEZ MARIA CONCEPCION  TEMáTICA: CREATIVIDAD. PRE-REQUISITOS: COMPRENSIóN LECTORA EN INGLéS Y EXPERIENCIA EN PRáCTICAS ARTíSTICAS.  1518  TALLER DE INVESTIGACION I  11:00 a 13:00 AULA PENDIENTE  11:00 a 13:00 AULA PENDIENTE  11:00 a 13:00 AULA PENDIENTE  11:00 a 13:00 AULA PENDIENTE  11:00 a 13:00 AULA PENDIENTE  ORDUÑA TRUJILLO OSCAR VLADIMIR  TEMáTICA: ELECCIóN ANIMAL. PRE-REQUISITOS: INTERéS EN EL TEMA Y LECTURA FLUIDA EN INGLéS  Grupo 5106  CLAVE  ASIGNATURA  LUNES  MARTES  MIERCOLES  JUEVES  VIERNES  SABADO  PROFESOR  OBSERVACIONES  1516  DESAR. ACTUALS EN COGNIC.Y COMPOR. I  09:00 a 12:00 A 310  ROLDAN GARCIA DANIELA  TEMáTICA: PRINCIPIOS BáSICOS DEL COMPORTAMIENTO EN ADICCIONES. PRE-REQUISITOS: NINGUNO.  1518  TALLER DE INVESTIGACION I  08:00 a 18:00 AULA PENDIENTE  AVILA SANTIBANEZ RAUL  TEMáTICA: INVESTIGACIóN EN CONDUCTA AUTOCONTROLADA. PRE-REQUISITOS: INTERéS EN ESTA áREA.  Grupo 5107  CLAVE  ASIGNATURA  LUNES  MARTES  MIERCOLES  JUEVES  VIERNES  SABADO  PROFESOR  OBSERVACIONES  1518  TALLER DE INVESTIGACION I  09:00 a 11:00 AULA PENDIENTE  10:00 a 12:00 AULA PENDIENTE  10:00 a 12:00 AULA PENDIENTE  08:00 a 10:00 AULA PENDIENTE  10:00 a 12:00 AULA PENDIENTE  DURON FIGUEROA RAUL  TEMÁTICA: INCORPORACION AL LABORATORIO DE ENSEñANZA VIRTUAL Y CIBERPSICOLOGí­A. PRE-REQUISITOS: ENTREVISTA PREVIA CON EL PROFESOR RAULDURON7@GMAIL.COM, COMPRENSIóN DE TEXTOS EN INGLES, BúSQUEDA BIBLIOGRáFICA EN BASES DE DATOS ESPECIALIZADAS.  Grupo 5108  CLAVE  ASIGNATURA  LUNES  MARTES  MIERCOLES  JUEVES  VIERNES  SABADO  PROFESOR  OBSERVACIONES  1516  DESAR. ACTUALS EN COGNIC.Y COMPOR. I  11:00 a 14:00 AULA PENDIENTE  LE CORRE MATHIEU MICHEL  TEMáTICA: CONCEPCIONES DEL MUNDO FíSICO: DE LA CUNA AL AULA. PRE-REQUISITOS: UN INTERéS EN LA CIENCIA Y EN EL ORIGEN DE NUESTROS CONOCIMIENTOS CIENTíFICOS  1518  TALLER DE INVESTIGACION I  08:00 a 18:00 AULA PENDIENTE  CARDENAS LOPEZ MARIA GEORGINA  TEMáTICA: CIBERPSICOLOGíA Y REALIDAD VIRTUAL. PRE-REQUISITOS: INTERéS EN ESTA áREA, ACORDAR HORARIA CON LA PROFESORA.","Grupo 5101  CLAVE  ASIGNATURA  LUNES  MARTES  MIERCOLES  JUEVES  VIERNES  SABADO  PROFESOR  OBSERVACIONES  1515  APRENDIZAJE, MOTIVACION COGNIC.I  08:00 a 11:00 Edif C Salon 3  08:00 a 10:00 Edif C Salon 3  BACHA MENDEZ GUSTAVO  TEMáTICA:TEMAS DE CONDICIONAMIENTO CLáSICO, OPERANTE Y ALGUNAS APLICACIONES. PRE-REQUISITOS: LEER MATERIAL EN INGLéS.  1516  DESAR. ACTUALS EN COGNIC.Y COMPOR. I  11:00 a 14:00 A 302  TOVAR Y ROMO ANGEL EUGENIO  TEMáTICA: COGNICIóN Y LENGUAJE. PRE-REQUISITOS: INDISPENSABLE LEER TEXTOS EN INGLéS.  1517  INVESTIGACION Y ANALISIS D DATOS I  11:00 a 13:00 A 308  11:00 a 13:00 A 308  LEENEN IWEIN MARIA ROGER  TEMáTICA: CONCEPTOS BáSICOS DE LA ESTADíSITICA DESCRIPTIVA E INFERENCIAL. PRE-REQUISITOS: NINGUNO.  1518  TALLER DE INVESTIGACION I  13:00 a 16:00 A 211  08:00 a 15:00 A 211  ERAZO ÑAÑEZ LEYDY ALEEN VAZQUEZ LIRA RAMSES  TEMáTICA: EVALUACIONES A GRAN ESCALA CON USO DE INTELIGENCIA ARTIFICIAL. PRE-REQUISITOS: ACORDAR HORARIO CON LOS PROFESORES, ESCRIBIR A ERAZO25@GMAIL.COM Y DRVAZQUE@GMAIL.COM. REVISAR EL PROGRAMA.  Grupo 5102  CLAVE  ASIGNATURA  LUNES  MARTES  MIERCOLES  JUEVES  VIERNES  SABADO  PROFESOR  OBSERVACIONES  1515  APRENDIZAJE, MOTIVACION COGNIC.I  10:00 a 15:00 B 12  MORALES CHAINE SILVIA  TEMáTICA: ANáLISIS CONDUCTUAL APLICADO. PRE-REQUISITOS: NIGUNO  1516  DESAR. ACTUALS EN COGNIC.Y COMPOR. I  15:00 a 18:00 A 309  DURON FIGUEROA RAUL  TEMáTICA: INTRODUCCIóN A LA INCORPORACIóN DE LAS TECNOLOGíAS AL ESTUDIO DE LA COGNICIóN Y EL COMPORTAMIENTO. PRE-REQUISITOS:COMPRENSIóN DE TEXTOS CIENTíFICOS EN INGLéS Y BúSQUEDA BIBLIOGRáFICA EN BASES DE DATOS ESPECIALIZADAS. 1517  INVESTIGACION Y ANALISIS D DATOS I  10:00 a 12:00 B 12  10:00 a 12:00 B 12  MENEZ DIAZ JUDITH MARINA  TEMáTICA: A PARTIR DEL MODELO LINEAL GENERAL, SE DESCRIBE EL ENFOQUE DE COMPARACIóN DE MODELOS Y CóMO éSTE SE APLICA A REGRESIóN LINEAL SIMPLE, MúLTIPLE Y ANOVA DE UNA VíA. PRE-REQUISITOS: NINGUNO.  1518  TALLER DE INVESTIGACION I  07:00 a 09:00 AULA PENDIENTE  07:00 a 09:00 AULA PENDIENTE  07:00 a 09:00 AULA PENDIENTE  07:00 a 09:00 AULA PENDIENTE  07:00 a 09:00 AULA PENDIENTE  ESCOBAR HERNANDEZ ROGELIO  TEMáTICA: TRABAJO DE LABORATORIO EN ANáLISIS EXPERIMENTAL DE LA CONDUCTA. PRE-REQUISITOS: INDISPENSABLE REALIZAR ENTREVISTA PREVIA CON EL PROFESOR RESCOBAR@UNAM.MX  Grupo 5103  CLAVE  ASIGNATURA  LUNES  MARTES  MIERCOLES  JUEVES  VIERNES  SABADO  PROFESOR  OBSERVACIONES  1515  APRENDIZAJE, MOTIVACION COGNIC.I  12:00 a 15:00 Edif C Salon 3  13:00 a 15:00 Edif C Salon 3  ESCOBAR HERNANDEZ ROGELIO  TEMáTICA: ANáLISIS EXPERIMENTAL DE LA CONDUCTA. PRE-REQUISITOS: LEER FLUIDAMENTE EN INGLéS Y ENTENDER VIDEOS EN INGLéS. 1516  DESAR. ACTUALS EN COGNIC.Y COMPOR. I  10:00 a 13:00 A 311  AMAYA MORA DAVID  TEMáTICA: ENTREVISTA MOTIVACIONAL Y PRINCIPIOS BáSICOS DEL COMPORTAMIENTO. PRE-REQUISITOS: NINGUNO  1517  INVESTIGACION Y ANALISIS D DATOS I  08:00 a 10:00 A 003  08:00 a 10:00 A 003  AVILA SANTIBANEZ RAUL  TEMáTICA: INTRODUCCIóN AL DISEñO Y ANáLISIS DE DATOS EN EXPERIMENTOS EN ANáLISIS DE LA CONDUCTA. PRE-REQUISITOS: LEER EN INGLéS.  1518  TALLER DE INVESTIGACION I  08:00 a 18:00 AULA PENDIENTE  BACHA MENDEZ GUSTAVO  TEMáTICA: COMPETENCIAS BáSICAS PARA INVESTIGACIóN. PRE-REQUISITOS: ENTREVISTA PREVIA CON EL PROFESOR PARA ACORDAR HORARIOS Y LAS ACTIVIDADES A REALIZAR DURANTE EL CURSO Y FORMAS DE CALIFICACIóN (BACHA@UNAM.MX).  Grupo 5104  CLAVE  ASIGNATURA  LUNES  MARTES  MIERCOLES  JUEVES  VIERNES  SABADO  PROFESOR  OBSERVACIONES  1516  DESAR. ACTUALS EN COGNIC.Y COMPOR. I  09:00 a 12:00 AULA PENDIENTE  VELAZQUEZ MARTINEZ DAVID NATHANAEL  TEMáTICA: ESTIMULACIóN ELéCTRICA Y OPTICA COMO REFORZADOR. PRE-REQUISITOS: NINGUNO  1517  INVESTIGACION Y ANALISIS D DATOS I  12:00 a 14:00 B 12  09:00 a 11:00 B 12  CUEVAS RENAUD CORINA MARGARITA  TEMáTICA: ESTADíSTICA APLICADA A ANáLISIS DE DATOS. PRE-REQUISITOS: NINGUNO.  1518  TALLER DE INVESTIGACION I  08:00 a 18:00 AULA PENDIENTE  BERNAL GAMBOA LUIS RODOLFO  TEMáTICA: COGNICIóN ANIMAL. PRE-REQUISITOS: INDISPENSABLE CONTACTAR AL PROFESOR ANTES DE INSCRIBIR LA ASIGNATURA A RBERNALG@UNAM.MX  Grupo 5105  CLAVE  ASIGNATURA  LUNES  MARTES  MIERCOLES  JUEVES  VIERNES  SABADO  PROFESOR  OBSERVACIONES  1516  DESAR. ACTUALS EN COGNIC.Y COMPOR. I  14:30 a 17:30 Edif C Salon 3  MORAN MARTINEZ MARIA CONCEPCION  TEMáTICA: CREATIVIDAD. PRE-REQUISITOS: COMPRENSIóN LECTORA EN INGLéS Y EXPERIENCIA EN PRáCTICAS ARTíSTICAS.  1518  TALLER DE INVESTIGACION I  11:00 a 13:00 AULA PENDIENTE  11:00 a 13:00 AULA PENDIENTE  11:00 a 13:00 AULA PENDIENTE  11:00 a 13:00 AULA PENDIENTE  11:00 a 13:00 AULA PENDIENTE  ORDUÑA TRUJILLO OSCAR VLADIMIR  TEMáTICA: ELECCIóN ANIMAL. PRE-REQUISITOS: INTERéS EN EL TEMA Y LECTURA FLUIDA EN INGLéS  Grupo 5106  CLAVE  ASIGNATURA  LUNES  MARTES  MIERCOLES  JUEVES  VIERNES  SABADO  PROFESOR  OBSERVACIONES  1516  DESAR. ACTUALS EN COGNIC.Y COMPOR. I  09:00 a 12:00 A 310  ROLDAN GARCIA DANIELA  TEMáTICA: PRINCIPIOS BáSICOS DEL COMPORTAMIENTO EN ADICCIONES. PRE-REQUISITOS: NINGUNO.  1518  TALLER DE INVESTIGACION I  08:00 a 18:00 AULA PENDIENTE  AVILA SANTIBANEZ RAUL  TEMáTICA: INVESTIGACIóN EN CONDUCTA AUTOCONTROLADA. PRE-REQUISITOS: INTERéS EN ESTA áREA.  Grupo 5107  CLAVE  ASIGNATURA  LUNES  MARTES  MIERCOLES  JUEVES  VIERNES  SABADO  PROFESOR  OBSERVACIONES  1518  TALLER DE INVESTIGACION I  09:00 a 11:00 AULA PENDIENTE  10:00 a 12:00 AULA PENDIENTE  10:00 a 12:00 AULA PENDIENTE  08:00 a 10:00 AULA PENDIENTE  10:00 a 12:00 AULA PENDIENTE  DURON FIGUEROA RAUL  TEMÁTICA: INCORPORACION AL LABORATORIO DE ENSEñANZA VIRTUAL Y CIBERPSICOLOGí­A. PRE-REQUISITOS: ENTREVISTA PREVIA CON EL PROFESOR RAULDURON7@GMAIL.COM, COMPRENSIóN DE TEXTOS EN INGLES, BúSQUEDA BIBLIOGRáFICA EN BASES DE DATOS ESPECIALIZADAS.  Grupo 5108  CLAVE  ASIGNATURA  LUNES  MARTES  MIERCOLES  JUEVES  VIERNES  SABADO  PROFESOR  OBSERVACIONES  1516  DESAR. ACTUALS EN COGNIC.Y COMPOR. I  11:00 a 14:00 AULA PENDIENTE  LE CORRE MATHIEU MICHEL  TEMáTICA: CONCEPCIONES DEL MUNDO FíSICO: DE LA CUNA AL AULA. PRE-REQUISITOS: UN INTERéS EN LA CIENCIA Y EN EL ORIGEN DE NUESTROS CONOCIMIENTOS CIENTíFICOS  1518  TALLER DE INVESTIGACION I  08:00 a 18:00 AULA PENDIENTE  CARDENAS LOPEZ MARIA GEORGINA  TEMáTICA: CIBERPSICOLOGíA Y REALIDAD VIRTUAL. PRE-REQUISITOS: INTERéS EN ESTA áREA, ACORDAR HORARIA CON LA PROFESORA.","Grupo 5101  CLAVE  ASIGNATURA  LUNES  MARTES  MIERCOLES  JUEVES  VIERNES  SABADO  PROFESOR  OBSERVACIONES  1515  APRENDIZAJE, MOTIVACION COGNIC.I  08:00 a 11:00 Edif C Salon 3  08:00 a 10:00 Edif C Salon 3  BACHA MENDEZ GUSTAVO  TEMáTICA:TEMAS DE CONDICIONAMIENTO CLáSICO, OPERANTE Y ALGUNAS APLICACIONES. PRE-REQUISITOS: LEER MATERIAL EN INGLéS.  1516  DESAR. ACTUALS EN COGNIC.Y COMPOR. I  11:00 a 14:00 A 302  TOVAR Y ROMO ANGEL EUGENIO  TEMáTICA: COGNICIóN Y LENGUAJE. PRE-REQUISITOS: INDISPENSABLE LEER TEXTOS EN INGLéS.  1517  INVESTIGACION Y ANALISIS D DATOS I  11:00 a 13:00 A 308  11:00 a 13:00 A 308  LEENEN IWEIN MARIA ROGER  TEMáTICA: CONCEPTOS BáSICOS DE LA ESTADíSITICA DESCRIPTIVA E INFERENCIAL. PRE-REQUISITOS: NINGUNO.  1518  TALLER DE INVESTIGACION I  13:00 a 16:00 A 211  08:00 a 15:00 A 211  ERAZO ÑAÑEZ LEYDY ALEEN VAZQUEZ LIRA RAMSES  TEMáTICA: EVALUACIONES A GRAN ESCALA CON USO DE INTELIGENCIA ARTIFICIAL. PRE-REQUISITOS: ACORDAR HORARIO CON LOS PROFESORES, ESCRIBIR A ERAZO25@GMAIL.COM Y DRVAZQUE@GMAIL.COM. REVISAR EL PROGRAMA.  Grupo 5102  CLAVE  ASIGNATURA  LUNES  MARTES  MIERCOLES  JUEVES  VIERNES  SABADO  PROFESOR  OBSERVACIONES  1515  APRENDIZAJE, MOTIVACION COGNIC.I  10:00 a 15:00 B 12  MORALES CHAINE SILVIA  TEMáTICA: ANáLISIS CONDUCTUAL APLICADO. PRE-REQUISITOS: NIGUNO  1516  DESAR. ACTUALS EN COGNIC.Y COMPOR. I  15:00 a 18:00 A 309  DURON FIGUEROA RAUL  TEMáTICA: INTRODUCCIóN A LA INCORPORACIóN DE LAS TECNOLOGíAS AL ESTUDIO DE LA COGNICIóN Y EL COMPORTAMIENTO. PRE-REQUISITOS:COMPRENSIóN DE TEXTOS CIENTíFICOS EN INGLéS Y BúSQUEDA BIBLIOGRáFICA EN BASES DE DATOS ESPECIALIZADAS. 1517  INVESTIGACION Y ANALISIS D DATOS I  10:00 a 12:00 B 12  10:00 a 12:00 B 12  MENEZ DIAZ JUDITH MARINA  TEMáTICA: A PARTIR DEL MODELO LINEAL GENERAL, SE DESCRIBE EL ENFOQUE DE COMPARACIóN DE MODELOS Y CóMO éSTE SE APLICA A REGRESIóN LINEAL SIMPLE, MúLTIPLE Y ANOVA DE UNA VíA. PRE-REQUISITOS: NINGUNO.  1518  TALLER DE INVESTIGACION I  07:00 a 09:00 AULA PENDIENTE  07:00 a 09:00 AULA PENDIENTE  07:00 a 09:00 AULA PENDIENTE  07:00 a 09:00 AULA PENDIENTE  07:00 a 09:00 AULA PENDIENTE  ESCOBAR HERNANDEZ ROGELIO  TEMáTICA: TRABAJO DE LABORATORIO EN ANáLISIS EXPERIMENTAL DE LA CONDUCTA. PRE-REQUISITOS: INDISPENSABLE REALIZAR ENTREVISTA PREVIA CON EL PROFESOR RESCOBAR@UNAM.MX  Grupo 5103  CLAVE  ASIGNATURA  LUNES  MARTES  MIERCOLES  JUEVES  VIERNES  SABADO  PROFESOR  OBSERVACIONES  1515  APRENDIZAJE, MOTIVACION COGNIC.I  12:00 a 15:00 Edif C Salon 3  13:00 a 15:00 Edif C Salon 3  ESCOBAR HERNANDEZ ROGELIO  TEMáTICA: ANáLISIS EXPERIMENTAL DE LA CONDUCTA. PRE-REQUISITOS: LEER FLUIDAMENTE EN INGLéS Y ENTENDER VIDEOS EN INGLéS. 1516  DESAR. ACTUALS EN COGNIC.Y COMPOR. I  10:00 a 13:00 A 311  AMAYA MORA DAVID  TEMáTICA: ENTREVISTA MOTIVACIONAL Y PRINCIPIOS BáSICOS DEL COMPORTAMIENTO. PRE-REQUISITOS: NINGUNO  1517  INVESTIGACION Y ANALISIS D DATOS I  08:00 a 10:00 A 003  08:00 a 10:00 A 003  AVILA SANTIBANEZ RAUL  TEMáTICA: INTRODUCCIóN AL DISEñO Y ANáLISIS DE DATOS EN EXPERIMENTOS EN ANáLISIS DE LA CONDUCTA. PRE-REQUISITOS: LEER EN INGLéS.  1518  TALLER DE INVESTIGACION I  08:00 a 18:00 AULA PENDIENTE  BACHA MENDEZ GUSTAVO  TEMáTICA: COMPETENCIAS BáSICAS PARA INVESTIGACIóN. PRE-REQUISITOS: ENTREVISTA PREVIA CON EL PROFESOR PARA ACORDAR HORARIOS Y LAS ACTIVIDADES A REALIZAR DURANTE EL CURSO Y FORMAS DE CALIFICACIóN (BACHA@UNAM.MX).  Grupo 5104  CLAVE  ASIGNATURA  LUNES  MARTES  MIERCOLES  JUEVES  VIERNES  SABADO  PROFESOR  OBSERVACIONES  1516  DESAR. ACTUALS EN COGNIC.Y COMPOR. I  09:00 a 12:00 AULA PENDIENTE  VELAZQUEZ MARTINEZ DAVID NATHANAEL  TEMáTICA: ESTIMULACIóN ELéCTRICA Y OPTICA COMO REFORZADOR. PRE-REQUISITOS: NINGUNO  1517  INVESTIGACION Y ANALISIS D DATOS I  12:00 a 14:00 B 12  09:00 a 11:00 B 12  CUEVAS RENAUD CORINA MARGARITA  TEMáTICA: ESTADíSTICA APLICADA A ANáLISIS DE DATOS. PRE-REQUISITOS: NINGUNO.  1518  TALLER DE INVESTIGACION I  08:00 a 18:00 AULA PENDIENTE  BERNAL GAMBOA LUIS RODOLFO  TEMáTICA: COGNICIóN ANIMAL. PRE-REQUISITOS: INDISPENSABLE CONTACTAR AL PROFESOR ANTES DE INSCRIBIR LA ASIGNATURA A RBERNALG@UNAM.MX  Grupo 5105  CLAVE  ASIGNATURA  LUNES  MARTES  MIERCOLES  JUEVES  VIERNES  SABADO  PROFESOR  OBSERVACIONES  1516  DESAR. ACTUALS EN COGNIC.Y COMPOR. I  14:30 a 17:30 Edif C Salon 3  MORAN MARTINEZ MARIA CONCEPCION  TEMáTICA: CREATIVIDAD. PRE-REQUISITOS: COMPRENSIóN LECTORA EN INGLéS Y EXPERIENCIA EN PRáCTICAS ARTíSTICAS.  1518  TALLER DE INVESTIGACION I  11:00 a 13:00 AULA PENDIENTE  11:00 a 13:00 AULA PENDIENTE  11:00 a 13:00 AULA PENDIENTE  11:00 a 13:00 AULA PENDIENTE  11:00 a 13:00 AULA PENDIENTE  ORDUÑA TRUJILLO OSCAR VLADIMIR  TEMáTICA: ELECCIóN ANIMAL. PRE-REQUISITOS: INTERéS EN EL TEMA Y LECTURA FLUIDA EN INGLéS  Grupo 5106  CLAVE  ASIGNATURA  LUNES  MARTES  MIERCOLES  JUEVES  VIERNES  SABADO  PROFESOR  OBSERVACIONES  1516  DESAR. ACTUALS EN COGNIC.Y COMPOR. I  09:00 a 12:00 A 310  ROLDAN GARCIA DANIELA  TEMáTICA: PRINCIPIOS BáSICOS DEL COMPORTAMIENTO EN ADICCIONES. PRE-REQUISITOS: NINGUNO.  1518  TALLER DE INVESTIGACION I  08:00 a 18:00 AULA PENDIENTE  AVILA SANTIBANEZ RAUL  TEMáTICA: INVESTIGACIóN EN CONDUCTA AUTOCONTROLADA. PRE-REQUISITOS: INTERéS EN ESTA áREA.  Grupo 5107  CLAVE  ASIGNATURA  LUNES  MARTES  MIERCOLES  JUEVES  VIERNES  SABADO  PROFESOR  OBSERVACIONES  1518  TALLER DE INVESTIGACION I  09:00 a 11:00 AULA PENDIENTE  10:00 a 12:00 AULA PENDIENTE  10:00 a 12:00 AULA PENDIENTE  08:00 a 10:00 AULA PENDIENTE  10:00 a 12:00 AULA PENDIENTE  DURON FIGUEROA RAUL  TEMÁTICA: INCORPORACION AL LABORATORIO DE ENSEñANZA VIRTUAL Y CIBERPSICOLOGí­A. PRE-REQUISITOS: ENTREVISTA PREVIA CON EL PROFESOR RAULDURON7@GMAIL.COM, COMPRENSIóN DE TEXTOS EN INGLES, BúSQUEDA BIBLIOGRáFICA EN BASES DE DATOS ESPECIALIZADAS.  Grupo 5108  CLAVE  ASIGNATURA  LUNES  MARTES  MIERCOLES  JUEVES  VIERNES  SABADO  PROFESOR  OBSERVACIONES  1516  DESAR. ACTUALS EN COGNIC.Y COMPOR. I  11:00 a 14:00 AULA PENDIENTE  LE CORRE MATHIEU MICHEL  TEMáTICA: CONCEPCIONES DEL MUNDO FíSICO: DE LA CUNA AL AULA. PRE-REQUISITOS: UN INTERéS EN LA CIENCIA Y EN EL ORIGEN DE NUESTROS CONOCIMIENTOS CIENTíFICOS  1518  TALLER DE INVESTIGACION I  08:00 a 18:00 AULA PENDIENTE  CARDENAS LOPEZ MARIA GEORGINA  TEMáTICA: CIBERPSICOLOGíA Y REALIDAD VIRTUAL. PRE-REQUISITOS: INTERéS EN ESTA áREA, ACORDAR HORARIA CON LA PROFESORA.",,,,,,,,5to Semestre,CIENCIAS COGNITIVAS Y DEL COMPORTAMIENTO
Grupo 5101,Grupo 5101,Grupo 5101,Grupo 5101,Grupo 5101,Grupo 5101,Grupo 5101,Grupo 5101,Grupo 5101,Grupo 5101,5to Semestre,CIENCIAS COGNITIVAS Y DEL COMPORTAMIENTO
CLAVE,ASIGNATURA,LUNES,MARTES,MIERCOLES,JUEVES,VIERNES,SABADO,PROFESOR,OBSERVACIONES,5to Semestre,CIENCIAS COGNITIVAS Y DEL COMPORTAMIENTO
1515,"APRENDIZAJE, MOTIVACION COGNIC.I",,08:00 a 11:00 Edif C Salon 3,,08:00 a 10:00 Edif C Salon 3,,,BACHA MENDEZ GUSTAVO,"TEMáTICA:TEMAS DE CONDICIONAMIENTO CLáSICO, OPERANTE Y ALGUNAS APLICACIONES. PRE-REQUISITOS: LEER MATERIAL EN INGLéS.",5to Semestre,CIENCIAS COGNITIVAS Y DEL COMPORTAMIENTO
1516,DESAR. ACTUALS EN COGNIC.Y COMPOR. I,11:00 a 14:00 A 302,,,,,,TOVAR Y ROMO ANGEL EUGENIO,TEMáTICA: COGNICIóN Y LENGUAJE. PRE-REQUISITOS: INDISPENSABLE LEER TEXTOS EN INGLéS.,5to Semestre,CIENCIAS COGNITIVAS Y DEL COMPORTAMIENTO
1517,INVESTIGACION Y ANALISIS D DATOS I,,11:00 a 13:00 A 308,,11:00 a 13:00 A 308,,,LEENEN IWEIN MARIA ROGER,TEMáTICA: CONCEPTOS BáSICOS DE LA ESTADíSITICA DESCRIPTIVA E INFERENCIAL. PRE-REQUISITOS: NINGUNO.,5to Semestre,CIENCIAS COGNITIVAS Y DEL COMPORTAMIENTO
1518,TALLER DE INVESTIGACION I,,,,13:00 a 16:00 A 211,,08:00 a 15:00 A 211,ERAZO ÑAÑEZ LEYDY ALEEN VAZQUEZ LIRA RAMSES,"TEMáTICA: EVALUACIONES A GRAN ESCALA CON USO DE INTELIGENCIA ARTIFICIAL. PRE-REQUISITOS: ACORDAR HORARIO CON LOS PROFESORES, ESCRIBIR A ERAZO25@GMAIL.COM Y DRVAZQUE@GMAIL.COM. REVISAR EL PROGRAMA.",5to Semestre,CIENCIAS COGNITIVAS Y DEL COMPORTAMIENTO
Grupo 5102,Grupo 5102,Grupo 5102,Grupo 5102,Grupo 5102,Grupo 5102,Grupo 5102,Grupo 5102,Grupo 5102,Grupo 5102,5to Semestre,CIENCIAS COGNITIVAS Y DEL COMPORTAMIENTO
CLAVE,ASIGNATURA,LUNES,MARTES,MIERCOLES,JUEVES,VIERNES,SABADO,PROFESOR,OBSERVACIONES,5to Semestre,CIENCIAS COGNITIVAS Y DEL COMPORTAMIENTO
1515,"APRENDIZAJE, MOTIVACION COGNIC.I",,,10:00 a 15:00 B 12,,,,MORALES CHAINE SILVIA,TEMáTICA: ANáLISIS CONDUCTUAL APLICADO. PRE-REQUISITOS: NIGUNO,5to Semestre,CIENCIAS COGNITIVAS Y DEL COMPORTAMIENTO
1516,DESAR. ACTUALS EN COGNIC.Y COMPOR. I,,15:00 a 18:00 A 309,,,,,DURON FIGUEROA RAUL,TEMáTICA: INTRODUCCIóN A LA INCORPORACIóN DE LAS TECNOLOGíAS AL ESTUDIO DE LA COGNICIóN Y EL COMPORTAMIENTO. PRE-REQUISITOS:COMPRENSIóN DE TEXTOS CIENTíFICOS EN INGLéS Y BúSQUEDA BIBLIOGRáFICA EN BASES DE DATOS ESPECIALIZADAS.,5to Semestre,CIENCIAS COGNITIVAS Y DEL COMPORTAMIENTO
1517,INVESTIGACION Y ANALISIS D DATOS I,,10:00 a 12:00 B 12,,10:00 a 12:00 B 12,,,MENEZ DIAZ JUDITH MARINA,"TEMáTICA: A PARTIR DEL MODELO LINEAL GENERAL, SE DESCRIBE EL ENFOQUE DE COMPARACIóN DE MODELOS Y CóMO éSTE SE APLICA A REGRESIóN LINEAL SIMPLE, MúLTIPLE Y ANOVA DE UNA VíA. PRE-REQUISITOS: NINGUNO.",5to Semestre,CIENCIAS COGNITIVAS Y DEL COMPORTAMIENTO
1518,TALLER DE INVESTIGACION I,07:00 a 09:00 AULA PENDIENTE,07:00 a 09:00 AULA PENDIENTE,07:00 a 09:00 AULA PENDIENTE,07:00 a 09:00 AULA PENDIENTE,07:00 a 09:00 AULA PENDIENTE,,ESCOBAR HERNANDEZ ROGELIO,TEMáTICA: TRABAJO DE LABORATORIO EN ANáLISIS EXPERIMENTAL DE LA CONDUCTA. PRE-REQUISITOS: INDISPENSABLE REALIZAR ENTREVISTA PREVIA CON EL PROFESOR RESCOBAR@UNAM.MX,5to Semestre,CIENCIAS COGNITIVAS Y DEL COMPORTAMIENTO
Grupo 5103,Grupo 5103,Grupo 5103,Grupo 5103,Grupo 5103,Grupo 5103,Grupo 5103,Grupo 5103,Grupo 5103,Grupo 5103,5to Semestre,CIENCIAS COGNITIVAS Y DEL COMPORTAMIENTO
CLAVE,ASIGNATURA,LUNES,MARTES,MIERCOLES,JUEVES,VIERNES,SABADO,PROFESOR,OBSERVACIONES,5to Semestre,CIENCIAS COGNITIVAS Y DEL COMPORTAMIENTO
1515,"APRENDIZAJE, MOTIVACION COGNIC.I",12:00 a 15:00 Edif C Salon 3,,13:00 a 15:00 Edif C Salon 3,,,,ESCOBAR HERNANDEZ ROGELIO,TEMáTICA: ANáLISIS EXPERIMENTAL DE LA CONDUCTA. PRE-REQUISITOS: LEER FLUIDAMENTE EN INGLéS Y ENTENDER VIDEOS EN INGLéS.,5to Semestre,CIENCIAS COGNITIVAS Y DEL COMPORTAMIENTO
1516,DESAR. ACTUALS EN COGNIC.Y COMPOR. I,,10:00 a 13:00 A 311,,,,,AMAYA MORA DAVID,TEMáTICA: ENTREVISTA MOTIVACIONAL Y PRINCIPIOS BáSICOS DEL COMPORTAMIENTO. PRE-REQUISITOS: NINGUNO,5to Semestre,CIENCIAS COGNITIVAS Y DEL COMPORTAMIENTO
1517,INVESTIGACION Y ANALISIS D DATOS I,,08:00 a 10:00 A 003,,08:00 a 10:00 A 003,,,AVILA SANTIBANEZ RAUL,TEMáTICA: INTRODUCCIóN AL DISEñO Y ANáLISIS DE DATOS EN EXPERIMENTOS EN ANáLISIS DE LA CONDUCTA. PRE-REQUISITOS: LEER EN INGLéS.,5to Semestre,CIENCIAS COGNITIVAS Y DEL COMPORTAMIENTO
1518,TALLER DE INVESTIGACION I,,,,,,08:00 a 18:00 AULA PENDIENTE,BACHA MENDEZ GUSTAVO,TEMáTICA: COMPETENCIAS BáSICAS PARA INVESTIGACIóN. PRE-REQUISITOS: ENTREVISTA PREVIA CON EL PROFESOR PARA ACORDAR HORARIOS Y LAS ACTIVIDADES A REALIZAR DURANTE EL CURSO Y FORMAS DE CALIFICACIóN (BACHA@UNAM.MX).,5to Semestre,CIENCIAS COGNITIVAS Y DEL COMPORTAMIENTO
Grupo 5104,Grupo 5104,Grupo 5104,Grupo 5104,Grupo 5104,Grupo 5104,Grupo 5104,Grupo 5104,Grupo 5104,Grupo 5104,5to Semestre,CIENCIAS COGNITIVAS Y DEL COMPORTAMIENTO
CLAVE,ASIGNATURA,LUNES,MARTES,MIERCOLES,JUEVES,VIERNES,SABADO,PROFESOR,OBSERVACIONES,5to Semestre,CIENCIAS COGNITIVAS Y DEL COMPORTAMIENTO
1516,DESAR. ACTUALS EN COGNIC.Y COMPOR. I,,09:00 a 12:00 AULA PENDIENTE,,,,,VELAZQUEZ MARTINEZ DAVID NATHANAEL,TEMáTICA: ESTIMULACIóN ELéCTRICA Y OPTICA COMO REFORZADOR. PRE-REQUISITOS: NINGUNO,5to Semestre,CIENCIAS COGNITIVAS Y DEL COMPORTAMIENTO
1517,INVESTIGACION Y ANALISIS D DATOS I,,12:00 a 14:00 B 12,,,09:00 a 11:00 B 12,,CUEVAS RENAUD CORINA MARGARITA,TEMáTICA: ESTADíSTICA APLICADA A ANáLISIS DE DATOS. PRE-REQUISITOS: NINGUNO.,5to Semestre,CIENCIAS COGNITIVAS Y DEL COMPORTAMIENTO
1518,TALLER DE INVESTIGACION I,,,,,,08:00 a 18:00 AULA PENDIENTE,BERNAL GAMBOA LUIS RODOLFO,TEMáTICA: COGNICIóN ANIMAL. PRE-REQUISITOS: INDISPENSABLE CONTACTAR AL PROFESOR ANTES DE INSCRIBIR LA ASIGNATURA A RBERNALG@UNAM.MX,5to Semestre,CIENCIAS COGNITIVAS Y DEL COMPORTAMIENTO
Grupo 5105,Grupo 5105,Grupo 5105,Grupo 5105,Grupo 5105,Grupo 5105,Grupo 5105,Grupo 5105,Grupo 5105,Grupo 5105,5to Semestre,CIENCIAS COGNITIVAS Y DEL COMPORTAMIENTO
CLAVE,ASIGNATURA,LUNES,MARTES,MIERCOLES,JUEVES,VIERNES,SABADO,PROFESOR,OBSERVACIONES,5to Semestre,CIENCIAS COGNITIVAS Y DEL COMPORTAMIENTO
1516,DESAR. ACTUALS EN COGNIC.Y COMPOR. I,,14:30 a 17:30 Edif C Salon 3,,,,,MORAN MARTINEZ MARIA CONCEPCION,TEMáTICA: CREATIVIDAD. PRE-REQUISITOS: COMPRENSIóN LECTORA EN INGLéS Y EXPERIENCIA EN PRáCTICAS ARTíSTICAS.,5to Semestre,CIENCIAS COGNITIVAS Y DEL COMPORTAMIENTO
1518,TALLER DE INVESTIGACION I,11:00 a 13:00 AULA PENDIENTE,11:00 a 13:00 AULA PENDIENTE,11:00 a 13:00 AULA PENDIENTE,11:00 a 13:00 AULA PENDIENTE,11:00 a 13:00 AULA PENDIENTE,,ORDUÑA TRUJILLO OSCAR VLADIMIR,TEMáTICA: ELECCIóN ANIMAL. PRE-REQUISITOS: INTERéS EN EL TEMA Y LECTURA FLUIDA EN INGLéS,5to Semestre,CIENCIAS COGNITIVAS Y DEL COMPORTAMIENTO
Grupo 5106,Grupo 5106,Grupo 5106,Grupo 5106,Grupo 5106,Grupo 5106,Grupo 5106,Grupo 5106,Grupo 5106,Grupo 5106,5to Semestre,CIENCIAS COGNITIVAS Y DEL COMPORTAMIENTO
CLAVE,ASIGNATURA,LUNES,MARTES,MIERCOLES,JUEVES,VIERNES,SABADO,PROFESOR,OBSERVACIONES,5to Semestre,CIENCIAS COGNITIVAS Y DEL COMPORTAMIENTO
1516,DESAR. ACTUALS EN COGNIC.Y COMPOR. I,,,,09:00 a 12:00 A 310,,,ROLDAN GARCIA DANIELA,TEMáTICA: PRINCIPIOS BáSICOS DEL COMPORTAMIENTO EN ADICCIONES. PRE-REQUISITOS: NINGUNO.,5to Semestre,CIENCIAS COGNITIVAS Y DEL COMPORTAMIENTO
1518,TALLER DE INVESTIGACION I,,,,,,08:00 a 18:00 AULA PENDIENTE,AVILA SANTIBANEZ RAUL,TEMáTICA: INVESTIGACIóN EN CONDUCTA AUTOCONTROLADA. PRE-REQUISITOS: INTERéS EN ESTA áREA.,5to Semestre,CIENCIAS COGNITIVAS Y DEL COMPORTAMIENTO
Grupo 5107,Grupo 5107,Grupo 5107,Grupo 5107,Grupo 5107,Grupo 5107,Grupo 5107,Grupo 5107,Grupo 5107,Grupo 5107,5to Semestre,CIENCIAS COGNITIVAS Y DEL COMPORTAMIENTO
CLAVE,ASIGNATURA,LUNES,MARTES,MIERCOLES,JUEVES,VIERNES,SABADO,PROFESOR,OBSERVACIONES,5to Semestre,CIENCIAS COGNITIVAS Y DEL COMPORTAMIENTO
1518,TALLER DE INVESTIGACION I,09:00 a 11:00 AULA PENDIENTE,10:00 a 12:00 AULA PENDIENTE,10:00 a 12:00 AULA PENDIENTE,08:00 a 10:00 AULA PENDIENTE,10:00 a 12:00 AULA PENDIENTE,,DURON FIGUEROA RAUL,"TEMÁTICA: INCORPORACION AL LABORATORIO DE ENSEñANZA VIRTUAL Y CIBERPSICOLOGí­A. PRE-REQUISITOS: ENTREVISTA PREVIA CON EL PROFESOR RAULDURON7@GMAIL.COM, COMPRENSIóN DE TEXTOS EN INGLES, BúSQUEDA BIBLIOGRáFICA EN BASES DE DATOS ESPECIALIZADAS.",5to Semestre,CIENCIAS COGNITIVAS Y DEL COMPORTAMIENTO
Grupo 5108,Grupo 5108,Grupo 5108,Grupo 5108,Grupo 5108,Grupo 5108,Grupo 5108,Grupo 5108,Grupo 5108,Grupo 5108,5to Semestre,CIENCIAS COGNITIVAS Y DEL COMPORTAMIENTO
CLAVE,ASIGNATURA,LUNES,MARTES,MIERCOLES,JUEVES,VIERNES,SABADO,PROFESOR,OBSERVACIONES,5to Semestre,CIENCIAS COGNITIVAS Y DEL COMPORTAMIENTO
1516,DESAR. ACTUALS EN COGNIC.Y COMPOR. I,,,,,11:00 a 14:00 AULA PENDIENTE,,LE CORRE MATHIEU MICHEL,TEMáTICA: CONCEPCIONES DEL MUNDO FíSICO: DE LA CUNA AL AULA. PRE-REQUISITOS: UN INTERéS EN LA CIENCIA Y EN EL ORIGEN DE NUESTROS CONOCIMIENTOS CIENTíFICOS,5to Semestre,CIENCIAS COGNITIVAS Y DEL COMPORTAMIENTO
1518,TALLER DE INVESTIGACION I,,,,,,08:00 a 18:00 AULA PENDIENTE,CARDENAS LOPEZ MARIA GEORGINA,"TEMáTICA: CIBERPSICOLOGíA Y REALIDAD VIRTUAL. PRE-REQUISITOS: INTERéS EN ESTA áREA, ACORDAR HORARIA CON LA PROFESORA.",5to Semestre,CIENCIAS COGNITIVAS Y DEL COMPORTAMIENTO
Selecciona el semestre a consultar  ----------- 1er Semestre 	3er Semestre 	5to Semestre 	7mo Semestre  OPTATIVAS DE GENERO (Plan 2008)  OPTATIVAS,Selecciona el tipo de busqueda  ----------- Grupo 	Asignatura,Selecciona el campo del conocimiento  ----------- CIENCIAS COGNITIVAS Y DEL COMPORTAMIENTO 	PROCESOS PSICOSOCIALES Y CULTURALES 	PSICOBIOLOGIA Y NEUROCIENCIAS 	PSICOLOGIA CLINICA Y DE LA SALUD 	PSICOLOGIA DE LA EDUCACION 	PSICOLOGIA ORGANIZACIONAL 	CONTEXTUAL,,,,,,,,5to Semestre,PROCESOS PSICOSOCIALES Y CULTURALES
,,,,,,,,,,5to Semestre,PROCESOS PSICOSOCIALES Y CULTURALES
,,,,,,,,,,5to Semestre,PROCESOS PSICOSOCIALES Y CULTURALES
"Grupo 5201  CLAVE  ASIGNATURA  LUNES  MARTES  MIERCOLES  JUEVES  VIERNES  SABADO  PROFESOR  OBSERVACIONES  1510  EVALUACION SOCIAL  10:00 a 13:00 A 206  TZOMPANTZI MIGUEL CLAUDIO ARTURO  1511  METODOLOGIA  15:00 a 18:00 A 108  PROFESOR PENDIENTE LA ASIGNATURA LA IMPARTIRA EL DR. JUAN PABLO DUQUE PARRA  1512  CONSTRUCCION DE INSTRUMENTOS  12:00 a 15:00 A 108  GARCIA MERAZ MELISSA  1513  LENGUAJE, SENTIDO Y ACCION SOCIAL  14:00 a 17:00 A 108  HUIDOBRO MARQUEZ JUAN CARLOS  1514  PROCESOS COLECTIVOS Y PROB. SOCIALES  12:00 a 14:00 A 308  09:00 a 16:00 A 309  GONZALEZ TAPIA FLOR PATRICIA  LAS PRáCTICAS SE LLEVARáN A CABO EN EL CENTRO COMUNITARIO DE CHAMONTOYA CON INFANCIAS, MUJERES Y GRUPOS COMUNITARIOS.  Grupo 5202  CLAVE  ASIGNATURA  LUNES  MARTES  MIERCOLES  JUEVES  VIERNES  SABADO  PROFESOR  OBSERVACIONES  1510  EVALUACION SOCIAL  07:00 a 10:00 A 209  JURADO CARDENAS RAUL  1511  METODOLOGIA  12:00 a 15:00 A 209  BONILLA TEOYOTL CRISTIAN IVAN  1512  CONSTRUCCION DE INSTRUMENTOS  14:00 a 17:00 A 302  VARELA MACEDO VICTORIA MAGDALENA  1513  LENGUAJE, SENTIDO Y ACCION SOCIAL  10:00 a 13:00 A 209  PROFESOR PENDIENTE LA ASIGNATURA LA IMPARTIRA EL DR. JUAN PABLO DUQUE PARRA  1514  PROCESOS COLECTIVOS Y PROB. SOCIALES  11:00 a 14:00 A 309  09:00 a 15:00 A 309  FALCON MANZANO DIEGO  LA TEORIA LA IMPARTIRA LA DRA. GABRIELA CEJA RODRIGUEZ. LA PRACTICA SERA EN SANTA URSULA COAPA CON POBLACION TRANS, CONSUMIDORES DE SUSTANCIAS, PERSONAS QUE MATERNAN Y DIFERENTES MANIFESTACIONES DE LAS ESPIRITUALIDADES. DUDAS: DIEGOFALCON25@GMAIL.COM  Grupo 5203  CLAVE  ASIGNATURA  LUNES  MARTES  MIERCOLES  JUEVES  VIERNES  SABADO  PROFESOR  OBSERVACIONES  1510  EVALUACION SOCIAL  17:00 a 20:00 A 305  HUIDOBRO MARQUEZ JUAN CARLOS  1511  METODOLOGIA  17:00 a 20:00 A 107  BAUTISTA LOPEZ ANGELICA LETICIA  1512  CONSTRUCCION DE INSTRUMENTOS  14:00 a 17:00 A 107  SOLER ANGUIANO FRANCISCO LEONARDO  1514  PROCESOS COLECTIVOS Y PROB. SOCIALES  10:00 a 13:00 A 003  08:30 a 14:30 A 201  DOMINGUEZ ZUÑIGA TANIA FABIOLA  LA TEORIA LA IMPARTIRA LOS MIERCOLES LA DRA. GUADALUPE JUDITH RODRIGUEZ RODRIGUEZ  Grupo 5204  CLAVE  ASIGNATURA  LUNES  MARTES  MIERCOLES  JUEVES  VIERNES  SABADO  PROFESOR  OBSERVACIONES  1510  EVALUACION SOCIAL  12:00 a 15:00 A 210  TZOMPANTZI MIGUEL CLAUDIO ARTURO  1511  METODOLOGIA  14:00 a 17:00 A 314  BONILLA TEOYOTL CRISTIAN IVAN  1512  CONSTRUCCION DE INSTRUMENTOS  17:00 a 20:00 A 108  DOMINGUEZ ESPINOSA ALEJANDRA DEL CARMEN  1513  LENGUAJE, SENTIDO Y ACCION SOCIAL  17:00 a 20:00 A 105  BAUTISTA LOPEZ ANGELICA LETICIA  Grupo 5205  CLAVE  ASIGNATURA  LUNES  MARTES  MIERCOLES  JUEVES  VIERNES  SABADO  PROFESOR  OBSERVACIONES  1512  CONSTRUCCION DE INSTRUMENTOS  17:00 a 20:00 A 108  DOMINGUEZ ESPINOSA ALEJANDRA DEL CARMEN  1513  LENGUAJE, SENTIDO Y ACCION SOCIAL  10:00 a 13:00 A 110  SOTO RAMIREZ JUAN","Grupo 5201  CLAVE  ASIGNATURA  LUNES  MARTES  MIERCOLES  JUEVES  VIERNES  SABADO  PROFESOR  OBSERVACIONES  1510  EVALUACION SOCIAL  10:00 a 13:00 A 206  TZOMPANTZI MIGUEL CLAUDIO ARTURO  1511  METODOLOGIA  15:00 a 18:00 A 108  PROFESOR PENDIENTE LA ASIGNATURA LA IMPARTIRA EL DR. JUAN PABLO DUQUE PARRA  1512  CONSTRUCCION DE INSTRUMENTOS  12:00 a 15:00 A 108  GARCIA MERAZ MELISSA  1513  LENGUAJE, SENTIDO Y ACCION SOCIAL  14:00 a 17:00 A 108  HUIDOBRO MARQUEZ JUAN CARLOS  1514  PROCESOS COLECTIVOS Y PROB. SOCIALES  12:00 a 14:00 A 308  09:00 a 16:00 A 309  GONZALEZ TAPIA FLOR PATRICIA  LAS PRáCTICAS SE LLEVARáN A CABO EN EL CENTRO COMUNITARIO DE CHAMONTOYA CON INFANCIAS, MUJERES Y GRUPOS COMUNITARIOS.  Grupo 5202  CLAVE  ASIGNATURA  LUNES  MARTES  MIERCOLES  JUEVES  VIERNES  SABADO  PROFESOR  OBSERVACIONES  1510  EVALUACION SOCIAL  07:00 a 10:00 A 209  JURADO CARDENAS RAUL  1511  METODOLOGIA  12:00 a 15:00 A 209  BONILLA TEOYOTL CRISTIAN IVAN  1512  CONSTRUCCION DE INSTRUMENTOS  14:00 a 17:00 A 302  VARELA MACEDO VICTORIA MAGDALENA  1513  LENGUAJE, SENTIDO Y ACCION SOCIAL  10:00 a 13:00 A 209  PROFESOR PENDIENTE LA ASIGNATURA LA IMPARTIRA EL DR. JUAN PABLO DUQUE PARRA  1514  PROCESOS COLECTIVOS Y PROB. SOCIALES  11:00 a 14:00 A 309  09:00 a 15:00 A 309  FALCON MANZANO DIEGO  LA TEORIA LA IMPARTIRA LA DRA. GABRIELA CEJA RODRIGUEZ. LA PRACTICA SERA EN SANTA URSULA COAPA CON POBLACION TRANS, CONSUMIDORES DE SUSTANCIAS, PERSONAS QUE MATERNAN Y DIFERENTES MANIFESTACIONES DE LAS ESPIRITUALIDADES. DUDAS: DIEGOFALCON25@GMAIL.COM  Grupo 5203  CLAVE  ASIGNATURA  LUNES  MARTES  MIERCOLES  JUEVES  VIERNES  SABADO  PROFESOR  OBSERVACIONES  1510  EVALUACION SOCIAL  17:00 a 20:00 A 305  HUIDOBRO MARQUEZ JUAN CARLOS  1511  METODOLOGIA  17:00 a 20:00 A 107  BAUTISTA LOPEZ ANGELICA LETICIA  1512  CONSTRUCCION DE INSTRUMENTOS  14:00 a 17:00 A 107  SOLER ANGUIANO FRANCISCO LEONARDO  1514  PROCESOS COLECTIVOS Y PROB. SOCIALES  10:00 a 13:00 A 003  08:30 a 14:30 A 201  DOMINGUEZ ZUÑIGA TANIA FABIOLA  LA TEORIA LA IMPARTIRA LOS MIERCOLES LA DRA. GUADALUPE JUDITH RODRIGUEZ RODRIGUEZ  Grupo 5204  CLAVE  ASIGNATURA  LUNES  MARTES  MIERCOLES  JUEVES  VIERNES  SABADO  PROFESOR  OBSERVACIONES  1510  EVALUACION SOCIAL  12:00 a 15:00 A 210  TZOMPANTZI MIGUEL CLAUDIO ARTURO  1511  METODOLOGIA  14:00 a 17:00 A 314  BONILLA TEOYOTL CRISTIAN IVAN  1512  CONSTRUCCION DE INSTRUMENTOS  17:00 a 20:00 A 108  DOMINGUEZ ESPINOSA ALEJANDRA DEL CARMEN  1513  LENGUAJE, SENTIDO Y ACCION SOCIAL  17:00 a 20:00 A 105  BAUTISTA LOPEZ ANGELICA LETICIA  Grupo 5205  CLAVE  ASIGNATURA  LUNES  MARTES  MIERCOLES  JUEVES  VIERNES  SABADO  PROFESOR  OBSERVACIONES  1512  CONSTRUCCION DE INSTRUMENTOS  17:00 a 20:00 A 108  DOMINGUEZ ESPINOSA ALEJANDRA DEL CARMEN  1513  LENGUAJE, SENTIDO Y ACCION SOCIAL  10:00 a 13:00 A 110  SOTO RAMIREZ JUAN","Grupo 5201  CLAVE  ASIGNATURA  LUNES  MARTES  MIERCOLES  JUEVES  VIERNES  SABADO  PROFESOR  OBSERVACIONES  1510  EVALUACION SOCIAL  10:00 a 13:00 A 206  TZOMPANTZI MIGUEL CLAUDIO ARTURO  1511  METODOLOGIA  15:00 a 18:00 A 108  PROFESOR PENDIENTE LA ASIGNATURA LA IMPARTIRA EL DR. JUAN PABLO DUQUE PARRA  1512  CONSTRUCCION DE INSTRUMENTOS  12:00 a 15:00 A 108  GARCIA MERAZ MELISSA  1513  LENGUAJE, SENTIDO Y ACCION SOCIAL  14:00 a 17:00 A 108  HUIDOBRO MARQUEZ JUAN CARLOS  1514  PROCESOS COLECTIVOS Y PROB. SOCIALES  12:00 a 14:00 A 308  09:00 a 16:00 A 309  GONZALEZ TAPIA FLOR PATRICIA  LAS PRáCTICAS SE LLEVARáN A CABO EN EL CENTRO COMUNITARIO DE CHAMONTOYA CON INFANCIAS, MUJERES Y GRUPOS COMUNITARIOS.  Grupo 5202  CLAVE  ASIGNATURA  LUNES  MARTES  MIERCOLES  JUEVES  VIERNES  SABADO  PROFESOR  OBSERVACIONES  1510  EVALUACION SOCIAL  07:00 a 10:00 A 209  JURADO CARDENAS RAUL  1511  METODOLOGIA  12:00 a 15:00 A 209  BONILLA TEOYOTL CRISTIAN IVAN  1512  CONSTRUCCION DE INSTRUMENTOS  14:00 a 17:00 A 302  VARELA MACEDO VICTORIA MAGDALENA  1513  LENGUAJE, SENTIDO Y ACCION SOCIAL  10:00 a 13:00 A 209  PROFESOR PENDIENTE LA ASIGNATURA LA IMPARTIRA EL DR. JUAN PABLO DUQUE PARRA  1514  PROCESOS COLECTIVOS Y PROB. SOCIALES  11:00 a 14:00 A 309  09:00 a 15:00 A 309  FALCON MANZANO DIEGO  LA TEORIA LA IMPARTIRA LA DRA. GABRIELA CEJA RODRIGUEZ. LA PRACTICA SERA EN SANTA URSULA COAPA CON POBLACION TRANS, CONSUMIDORES DE SUSTANCIAS, PERSONAS QUE MATERNAN Y DIFERENTES MANIFESTACIONES DE LAS ESPIRITUALIDADES. DUDAS: DIEGOFALCON25@GMAIL.COM  Grupo 5203  CLAVE  ASIGNATURA  LUNES  MARTES  MIERCOLES  JUEVES  VIERNES  SABADO  PROFESOR  OBSERVACIONES  1510  EVALUACION SOCIAL  17:00 a 20:00 A 305  HUIDOBRO MARQUEZ JUAN CARLOS  1511  METODOLOGIA  17:00 a 20:00 A 107  BAUTISTA LOPEZ ANGELICA LETICIA  1512  CONSTRUCCION DE INSTRUMENTOS  14:00 a 17:00 A 107  SOLER ANGUIANO FRANCISCO LEONARDO  1514  PROCESOS COLECTIVOS Y PROB. SOCIALES  10:00 a 13:00 A 003  08:30 a 14:30 A 201  DOMINGUEZ ZUÑIGA TANIA FABIOLA  LA TEORIA LA IMPARTIRA LOS MIERCOLES LA DRA. GUADALUPE JUDITH RODRIGUEZ RODRIGUEZ  Grupo 5204  CLAVE  ASIGNATURA  LUNES  MARTES  MIERCOLES  JUEVES  VIERNES  SABADO  PROFESOR  OBSERVACIONES  1510  EVALUACION SOCIAL  12:00 a 15:00 A 210  TZOMPANTZI MIGUEL CLAUDIO ARTURO  1511  METODOLOGIA  14:00 a 17:00 A 314  BONILLA TEOYOTL CRISTIAN IVAN  1512  CONSTRUCCION DE INSTRUMENTOS  17:00 a 20:00 A 108  DOMINGUEZ ESPINOSA ALEJANDRA DEL CARMEN  1513  LENGUAJE, SENTIDO Y ACCION SOCIAL  17:00 a 20:00 A 105  BAUTISTA LOPEZ ANGELICA LETICIA  Grupo 5205  CLAVE  ASIGNATURA  LUNES  MARTES  MIERCOLES  JUEVES  VIERNES  SABADO  PROFESOR  OBSERVACIONES  1512  CONSTRUCCION DE INSTRUMENTOS  17:00 a 20:00 A 108  DOMINGUEZ ESPINOSA ALEJANDRA DEL CARMEN  1513  LENGUAJE, SENTIDO Y ACCION SOCIAL  10:00 a 13:00 A 110  SOTO RAMIREZ JUAN",,,,,,,,5to Semestre,PROCESOS PSICOSOCIALES Y CULTURALES
Grupo 5201,Grupo 5201,Grupo 5201,Grupo 5201,Grupo 5201,Grupo 5201,Grupo 5201,Grupo 5201,Grupo 5201,Grupo 5201,5to Semestre,PROCESOS PSICOSOCIALES Y CULTURALES
CLAVE,ASIGNATURA,LUNES,MARTES,MIERCOLES,JUEVES,VIERNES,SABADO,PROFESOR,OBSERVACIONES,5to Semestre,PROCESOS PSICOSOCIALES Y CULTURALES
1510,EVALUACION SOCIAL,,,,,10:00 a 13:00 A 206,,TZOMPANTZI MIGUEL CLAUDIO ARTURO,,5to Semestre,PROCESOS PSICOSOCIALES Y CULTURALES
1511,METODOLOGIA,15:00 a 18:00 A 108,,,,,,PROFESOR PENDIENTE,LA ASIGNATURA LA IMPARTIRA EL DR. JUAN PABLO DUQUE PARRA,5to Semestre,PROCESOS PSICOSOCIALES Y CULTURALES
1512,CONSTRUCCION DE INSTRUMENTOS,,,,12:00 a 15:00 A 108,,,GARCIA MERAZ MELISSA,,5to Semestre,PROCESOS PSICOSOCIALES Y CULTURALES
1513,"LENGUAJE, SENTIDO Y ACCION SOCIAL",,14:00 a 17:00 A 108,,,,,HUIDOBRO MARQUEZ JUAN CARLOS,,5to Semestre,PROCESOS PSICOSOCIALES Y CULTURALES
1514,PROCESOS COLECTIVOS Y PROB. SOCIALES,12:00 a 14:00 A 308,,09:00 a 16:00 A 309,,,,GONZALEZ TAPIA FLOR PATRICIA,"LAS PRáCTICAS SE LLEVARáN A CABO EN EL CENTRO COMUNITARIO DE CHAMONTOYA CON INFANCIAS, MUJERES Y GRUPOS COMUNITARIOS.",5to Semestre,PROCESOS PSICOSOCIALES Y CULTURALES
Grupo 5202,Grupo 5202,Grupo 5202,Grupo 5202,Grupo 5202,Grupo 5202,Grupo 5202,Grupo 5202,Grupo 5202,Grupo 5202,5to Semestre,PROCESOS PSICOSOCIALES Y CULTURALES
CLAVE,ASIGNATURA,LUNES,MARTES,MIERCOLES,JUEVES,VIERNES,SABADO,PROFESOR,OBSERVACIONES,5to Semestre,PROCESOS PSICOSOCIALES Y CULTURALES
1510,EVALUACION SOCIAL,,,07:00 a 10:00 A 209,,,,JURADO CARDENAS RAUL,,5to Semestre,PROCESOS PSICOSOCIALES Y CULTURALES
1511,METODOLOGIA,,,12:00 a 15:00 A 209,,,,BONILLA TEOYOTL CRISTIAN IVAN,,5to Semestre,PROCESOS PSICOSOCIALES Y CULTURALES
1512,CONSTRUCCION DE INSTRUMENTOS,,14:00 a 17:00 A 302,,,,,VARELA MACEDO VICTORIA MAGDALENA,,5to Semestre,PROCESOS PSICOSOCIALES Y CULTURALES
1513,"LENGUAJE, SENTIDO Y ACCION SOCIAL",10:00 a 13:00 A 209,,,,,,PROFESOR PENDIENTE,LA ASIGNATURA LA IMPARTIRA EL DR. JUAN PABLO DUQUE PARRA,5to Semestre,PROCESOS PSICOSOCIALES Y CULTURALES
1514,PROCESOS COLECTIVOS Y PROB. SOCIALES,,11:00 a 14:00 A 309,,,,09:00 a 15:00 A 309,FALCON MANZANO DIEGO,"LA TEORIA LA IMPARTIRA LA DRA. GABRIELA CEJA RODRIGUEZ. LA PRACTICA SERA EN SANTA URSULA COAPA CON POBLACION TRANS, CONSUMIDORES DE SUSTANCIAS, PERSONAS QUE MATERNAN Y DIFERENTES MANIFESTACIONES DE LAS ESPIRITUALIDADES. DUDAS: DIEGOFALCON25@GMAIL.COM",5to Semestre,PROCESOS PSICOSOCIALES Y CULTURALES
Grupo 5203,Grupo 5203,Grupo 5203,Grupo 5203,Grupo 5203,Grupo 5203,Grupo 5203,Grupo 5203,Grupo 5203,Grupo 5203,5to Semestre,PROCESOS PSICOSOCIALES Y CULTURALES
CLAVE,ASIGNATURA,LUNES,MARTES,MIERCOLES,JUEVES,VIERNES,SABADO,PROFESOR,OBSERVACIONES,5to Semestre,PROCESOS PSICOSOCIALES Y CULTURALES
1510,EVALUACION SOCIAL,,17:00 a 20:00 A 305,,,,,HUIDOBRO MARQUEZ JUAN CARLOS,,5to Semestre,PROCESOS PSICOSOCIALES Y CULTURALES
1511,METODOLOGIA,,,,,17:00 a 20:00 A 107,,BAUTISTA LOPEZ ANGELICA LETICIA,,5to Semestre,PROCESOS PSICOSOCIALES Y CULTURALES
1512,CONSTRUCCION DE INSTRUMENTOS,14:00 a 17:00 A 107,,,,,,SOLER ANGUIANO FRANCISCO LEONARDO,,5to Semestre,PROCESOS PSICOSOCIALES Y CULTURALES
1514,PROCESOS COLECTIVOS Y PROB. SOCIALES,,,10:00 a 13:00 A 003,08:30 a 14:30 A 201,,,DOMINGUEZ ZUÑIGA TANIA FABIOLA,LA TEORIA LA IMPARTIRA LOS MIERCOLES LA DRA. GUADALUPE JUDITH RODRIGUEZ RODRIGUEZ,5to Semestre,PROCESOS PSICOSOCIALES Y CULTURALES
Grupo 5204,Grupo 5204,Grupo 5204,Grupo 5204,Grupo 5204,Grupo 5204,Grupo 5204,Grupo 5204,Grupo 5204,Grupo 5204,5to Semestre,PROCESOS PSICOSOCIALES Y CULTURALES
CLAVE,ASIGNATURA,LUNES,MARTES,MIERCOLES,JUEVES,VIERNES,SABADO,PROFESOR,OBSERVACIONES,5to Semestre,PROCESOS PSICOSOCIALES Y CULTURALES
1510,EVALUACION SOCIAL,,,12:00 a 15:00 A 210,,,,TZOMPANTZI MIGUEL CLAUDIO ARTURO,,5to Semestre,PROCESOS PSICOSOCIALES Y CULTURALES
1511,METODOLOGIA,,14:00 a 17:00 A 314,,,,,BONILLA TEOYOTL CRISTIAN IVAN,,5to Semestre,PROCESOS PSICOSOCIALES Y CULTURALES
1512,CONSTRUCCION DE INSTRUMENTOS,,17:00 a 20:00 A 108,,,,,DOMINGUEZ ESPINOSA ALEJANDRA DEL CARMEN,,5to Semestre,PROCESOS PSICOSOCIALES Y CULTURALES
1513,"LENGUAJE, SENTIDO Y ACCION SOCIAL",,,17:00 a 20:00 A 105,,,,BAUTISTA LOPEZ ANGELICA LETICIA,,5to Semestre,PROCESOS PSICOSOCIALES Y CULTURALES
Grupo 5205,Grupo 5205,Grupo 5205,Grupo 5205,Grupo 5205,Grupo 5205,Grupo 5205,Grupo 5205,Grupo 5205,Grupo 5205,5to Semestre,PROCESOS PSICOSOCIALES Y CULTURALES
CLAVE,ASIGNATURA,LUNES,MARTES,MIERCOLES,JUEVES,VIERNES,SABADO,PROFESOR,OBSERVACIONES,5to Semestre,PROCESOS PSICOSOCIALES Y CULTURALES
1512,CONSTRUCCION DE INSTRUMENTOS,,,,17:00 a 20:00 A 108,,,DOMINGUEZ ESPINOSA ALEJANDRA DEL CARMEN,,5to Semestre,PROCESOS PSICOSOCIALES Y CULTURALES
1513,"LENGUAJE, SENTIDO Y ACCION SOCIAL",,,10:00 a 13:00 A 110,,,,SOTO RAMIREZ JUAN,,5to Semestre,PROCESOS PSICOSOCIALES Y CULTURALES
Selecciona el semestre a consultar  ----------- 1er Semestre 	3er Semestre 	5to Semestre 	7mo Semestre  OPTATIVAS DE GENERO (Plan 2008)  OPTATIVAS,Selecciona el tipo de busqueda  ----------- Grupo 	Asignatura,Selecciona el campo del conocimiento  ----------- CIENCIAS COGNITIVAS Y DEL COMPORTAMIENTO 	PROCESOS PSICOSOCIALES Y CULTURALES 	PSICOBIOLOGIA Y NEUROCIENCIAS 	PSICOLOGIA CLINICA Y DE LA SALUD 	PSICOLOGIA DE LA EDUCACION 	PSICOLOGIA ORGANIZACIONAL 	CONTEXTUAL,,,,,,,,5to Semestre,PSICOBIOLOGIA Y NEUROCIENCIAS
,,,,,,,,,,5to Semestre,PSICOBIOLOGIA Y NEUROCIENCIAS
,,,,,,,,,,5to Semestre,PSICOBIOLOGIA Y NEUROCIENCIAS
Grupo 5301  CLAVE  ASIGNATURA  LUNES  MARTES  MIERCOLES  JUEVES  VIERNES  SABADO  PROFESOR  OBSERVACIONES  1530  PSICOFISIOLOGIA SISTEMICA  09:00 a 12:00 A 108  CALIXTO GONZALEZ JAIME EDUARDO  1532  METODOS DE OBSERVAC. EN PSICOBIOLOG.  10:00 a 12:00 B 03  12:00 a 14:00 B 03  ROJAS RAMOS OLGA ARACELI  1533  PSICOBIOLOGIA EVOLUTIVA Y ETOLOGIA  09:00 a 12:00 A 002  MUÑOZ DELGADO JAIRO IGNACIO  1534  REGISTRO PSICOFISIOLOGICO  10:00 a 14:00 B 05  RODRIGUEZ ORTIZ MARIA DOLORES  1535  TEMAS SELECTOS EN PSICOBIOLOGIA I  12:00 a 15:00 A 308  DURON FIGUEROA RAUL  TEMA: TRASTORNO POR ESTRES POSTRAUMATICO  Grupo 5302  CLAVE  ASIGNATURA  LUNES  MARTES  MIERCOLES  JUEVES  VIERNES  SABADO  PROFESOR  OBSERVACIONES  1530  PSICOFISIOLOGIA SISTEMICA  12:00 a 15:00 A 106  RODRIGUEZ ORTIZ MARIA DOLORES  1531  METODOS EN NEUROCIENCIAS  16:00 a 19:00 B 04  PROFESOR PENDIENTE LA ASIGNATURA SERA IMPARTIDA POR LA DRA. ZARATE ROCHIN MARCELA  1533  PSICOBIOLOGIA EVOLUTIVA Y ETOLOGIA  11:00 a 14:00 B 04  LAGARDE LOZANO B. MARGARITA REGINA  1534  REGISTRO PSICOFISIOLOGICO  10:00 a 14:00 B 05  RODRIGUEZ ORTIZ MARIA DOLORES  1535  TEMAS SELECTOS EN PSICOBIOLOGIA I  10:00 a 13:00 A 209  GUTIERREZ OSPINA GABRIEL  TEMA: REFLEXIONES EN TORNO A LA TEORIA DEL CEREBRO  Grupo 5303  CLAVE  ASIGNATURA  LUNES  MARTES  MIERCOLES  JUEVES  VIERNES  SABADO  PROFESOR  OBSERVACIONES  1532  METODOS DE OBSERVAC. EN PSICOBIOLOG.  15:00 a 17:00 B 03  16:00 a 18:00 B 03  ALCALA HERRERA VERONICA MARIA DEL CONSUELO  1533  PSICOBIOLOGIA EVOLUTIVA Y ETOLOGIA  10:00 a 13:00 A 314  GONZALEZ SANTOYO ISAAC  Grupo 5304  CLAVE  ASIGNATURA  LUNES  MARTES  MIERCOLES  JUEVES  VIERNES  SABADO  PROFESOR  OBSERVACIONES  1531  METODOS EN NEUROCIENCIAS  11:00 a 14:00 B 04  MUÑOZ TORRES ZEIDY VANESSA  1533  PSICOBIOLOGIA EVOLUTIVA Y ETOLOGIA  15:00 a 18:00 A 314  DIAZ MEZA JOSE LUIS  1534  REGISTRO PSICOFISIOLOGICO  15:00 a 19:00 B 05  SANCHEZ DINORIN GERARDO  1535  TEMAS SELECTOS EN PSICOBIOLOGIA I  17:30 a 19:00 Edif C Salon 1  17:30 a 19:00 Edif C Salon 1  GALICIA CASTILLO OSCAR RICARDO  TEMA: NEUROBIOLOGíA DE LA CONDUCTA EMOTIVA  Grupo 5305  CLAVE  ASIGNATURA  LUNES  MARTES  MIERCOLES  JUEVES  VIERNES  SABADO  PROFESOR  OBSERVACIONES  1532  METODOS DE OBSERVAC. EN PSICOBIOLOG.  16:00 a 20:00 B 04  SANCHEZ JUAN MANUEL  1534  REGISTRO PSICOFISIOLOGICO  15:00 a 17:00 B 05  15:00 a 17:00 B 05  GALVEZ HERNANDEZ CARMEN LIZETTE  1535  TEMAS SELECTOS EN PSICOBIOLOGIA I  12:00 a 15:00 B 05  CRUZ PEREZ FELIPE  TEMA: NEUROPSICOLOGIA DEL DESARROLLO,Grupo 5301  CLAVE  ASIGNATURA  LUNES  MARTES  MIERCOLES  JUEVES  VIERNES  SABADO  PROFESOR  OBSERVACIONES  1530  PSICOFISIOLOGIA SISTEMICA  09:00 a 12:00 A 108  CALIXTO GONZALEZ JAIME EDUARDO  1532  METODOS DE OBSERVAC. EN PSICOBIOLOG.  10:00 a 12:00 B 03  12:00 a 14:00 B 03  ROJAS RAMOS OLGA ARACELI  1533  PSICOBIOLOGIA EVOLUTIVA Y ETOLOGIA  09:00 a 12:00 A 002  MUÑOZ DELGADO JAIRO IGNACIO  1534  REGISTRO PSICOFISIOLOGICO  10:00 a 14:00 B 05  RODRIGUEZ ORTIZ MARIA DOLORES  1535  TEMAS SELECTOS EN PSICOBIOLOGIA I  12:00 a 15:00 A 308  DURON FIGUEROA RAUL  TEMA: TRASTORNO POR ESTRES POSTRAUMATICO  Grupo 5302  CLAVE  ASIGNATURA  LUNES  MARTES  MIERCOLES  JUEVES  VIERNES  SABADO  PROFESOR  OBSERVACIONES  1530  PSICOFISIOLOGIA SISTEMICA  12:00 a 15:00 A 106  RODRIGUEZ ORTIZ MARIA DOLORES  1531  METODOS EN NEUROCIENCIAS  16:00 a 19:00 B 04  PROFESOR PENDIENTE LA ASIGNATURA SERA IMPARTIDA POR LA DRA. ZARATE ROCHIN MARCELA  1533  PSICOBIOLOGIA EVOLUTIVA Y ETOLOGIA  11:00 a 14:00 B 04  LAGARDE LOZANO B. MARGARITA REGINA  1534  REGISTRO PSICOFISIOLOGICO  10:00 a 14:00 B 05  RODRIGUEZ ORTIZ MARIA DOLORES  1535  TEMAS SELECTOS EN PSICOBIOLOGIA I  10:00 a 13:00 A 209  GUTIERREZ OSPINA GABRIEL  TEMA: REFLEXIONES EN TORNO A LA TEORIA DEL CEREBRO  Grupo 5303  CLAVE  ASIGNATURA  LUNES  MARTES  MIERCOLES  JUEVES  VIERNES  SABADO  PROFESOR  OBSERVACIONES  1532  METODOS DE OBSERVAC. EN PSICOBIOLOG.  15:00 a 17:00 B 03  16:00 a 18:00 B 03  ALCALA HERRERA VERONICA MARIA DEL CONSUELO  1533  PSICOBIOLOGIA EVOLUTIVA Y ETOLOGIA  10:00 a 13:00 A 314  GONZALEZ SANTOYO ISAAC  Grupo 5304  CLAVE  ASIGNATURA  LUNES  MARTES  MIERCOLES  JUEVES  VIERNES  SABADO  PROFESOR  OBSERVACIONES  1531  METODOS EN NEUROCIENCIAS  11:00 a 14:00 B 04  MUÑOZ TORRES ZEIDY VANESSA  1533  PSICOBIOLOGIA EVOLUTIVA Y ETOLOGIA  15:00 a 18:00 A 314  DIAZ MEZA JOSE LUIS  1534  REGISTRO PSICOFISIOLOGICO  15:00 a 19:00 B 05  SANCHEZ DINORIN GERARDO  1535  TEMAS SELECTOS EN PSICOBIOLOGIA I  17:30 a 19:00 Edif C Salon 1  17:30 a 19:00 Edif C Salon 1  GALICIA CASTILLO OSCAR RICARDO  TEMA: NEUROBIOLOGíA DE LA CONDUCTA EMOTIVA  Grupo 5305  CLAVE  ASIGNATURA  LUNES  MARTES  MIERCOLES  JUEVES  VIERNES  SABADO  PROFESOR  OBSERVACIONES  1532  METODOS DE OBSERVAC. EN PSICOBIOLOG.  16:00 a 20:00 B 04  SANCHEZ JUAN MANUEL  1534  REGISTRO PSICOFISIOLOGICO  15:00 a 17:00 B 05  15:00 a 17:00 B 05  GALVEZ HERNANDEZ CARMEN LIZETTE  1535  TEMAS SELECTOS EN PSICOBIOLOGIA I  12:00 a 15:00 B 05  CRUZ PEREZ FELIPE  TEMA: NEUROPSICOLOGIA DEL DESARROLLO,Grupo 5301  CLAVE  ASIGNATURA  LUNES  MARTES  MIERCOLES  JUEVES  VIERNES  SABADO  PROFESOR  OBSERVACIONES  1530  PSICOFISIOLOGIA SISTEMICA  09:00 a 12:00 A 108  CALIXTO GONZALEZ JAIME EDUARDO  1532  METODOS DE OBSERVAC. EN PSICOBIOLOG.  10:00 a 12:00 B 03  12:00 a 14:00 B 03  ROJAS RAMOS OLGA ARACELI  1533  PSICOBIOLOGIA EVOLUTIVA Y ETOLOGIA  09:00 a 12:00 A 002  MUÑOZ DELGADO JAIRO IGNACIO  1534  REGISTRO PSICOFISIOLOGICO  10:00 a 14:00 B 05  RODRIGUEZ ORTIZ MARIA DOLORES  1535  TEMAS SELECTOS EN PSICOBIOLOGIA I  12:00 a 15:00 A 308  DURON FIGUEROA RAUL  TEMA: TRASTORNO POR ESTRES POSTRAUMATICO  Grupo 5302  CLAVE  ASIGNATURA  LUNES  MARTES  MIERCOLES  JUEVES  VIERNES  SABADO  PROFESOR  OBSERVACIONES  1530  PSICOFISIOLOGIA SISTEMICA  12:00 a 15:00 A 106  RODRIGUEZ ORTIZ MARIA DOLORES  1531  METODOS EN NEUROCIENCIAS  16:00 a 19:00 B 04  PROFESOR PENDIENTE LA ASIGNATURA SERA IMPARTIDA POR LA DRA. ZARATE ROCHIN MARCELA  1533  PSICOBIOLOGIA EVOLUTIVA Y ETOLOGIA  11:00 a 14:00 B 04  LAGARDE LOZANO B. MARGARITA REGINA  1534  REGISTRO PSICOFISIOLOGICO  10:00 a 14:00 B 05  RODRIGUEZ ORTIZ MARIA DOLORES  1535  TEMAS SELECTOS EN PSICOBIOLOGIA I  10:00 a 13:00 A 209  GUTIERREZ OSPINA GABRIEL  TEMA: REFLEXIONES EN TORNO A LA TEORIA DEL CEREBRO  Grupo 5303  CLAVE  ASIGNATURA  LUNES  MARTES  MIERCOLES  JUEVES  VIERNES  SABADO  PROFESOR  OBSERVACIONES  1532  METODOS DE OBSERVAC. EN PSICOBIOLOG.  15:00 a 17:00 B 03  16:00 a 18:00 B 03  ALCALA HERRERA VERONICA MARIA DEL CONSUELO  1533  PSICOBIOLOGIA EVOLUTIVA Y ETOLOGIA  10:00 a 13:00 A 314  GONZALEZ SANTOYO ISAAC  Grupo 5304  CLAVE  ASIGNATURA  LUNES  MARTES  MIERCOLES  JUEVES  VIERNES  SABADO  PROFESOR  OBSERVACIONES  1531  METODOS EN NEUROCIENCIAS  11:00 a 14:00 B 04  MUÑOZ TORRES ZEIDY VANESSA  1533  PSICOBIOLOGIA EVOLUTIVA Y ETOLOGIA  15:00 a 18:00 A 314  DIAZ MEZA JOSE LUIS  1534  REGISTRO PSICOFISIOLOGICO  15:00 a 19:00 B 05  SANCHEZ DINORIN GERARDO  1535  TEMAS SELECTOS EN PSICOBIOLOGIA I  17:30 a 19:00 Edif C Salon 1  17:30 a 19:00 Edif C Salon 1  GALICIA CASTILLO OSCAR RICARDO  TEMA: NEUROBIOLOGíA DE LA CONDUCTA EMOTIVA  Grupo 5305  CLAVE  ASIGNATURA  LUNES  MARTES  MIERCOLES  JUEVES  VIERNES  SABADO  PROFESOR  OBSERVACIONES  1532  METODOS DE OBSERVAC. EN PSICOBIOLOG.  16:00 a 20:00 B 04  SANCHEZ JUAN MANUEL  1534  REGISTRO PSICOFISIOLOGICO  15:00 a 17:00 B 05  15:00 a 17:00 B 05  GALVEZ HERNANDEZ CARMEN LIZETTE  1535  TEMAS SELECTOS EN PSICOBIOLOGIA I  12:00 a 15:00 B 05  CRUZ PEREZ FELIPE  TEMA: NEUROPSICOLOGIA DEL DESARROLLO,,,,,,,,5to Semestre,PSICOBIOLOGIA Y NEUROCIENCIAS
Grupo 5301,Grupo 5301,Grupo 5301,Grupo 5301,Grupo 5301,Grupo 5301,Grupo 5301,Grupo 5301,Grupo 5301,Grupo 5301,5to Semestre,PSICOBIOLOGIA Y NEUROCIENCIAS
CLAVE,ASIGNATURA,LUNES,MARTES,MIERCOLES,JUEVES,VIERNES,SABADO,PROFESOR,OBSERVACIONES,5to Semestre,PSICOBIOLOGIA Y NEUROCIENCIAS
1530,PSICOFISIOLOGIA SISTEMICA,,09:00 a 12:00 A 108,,,,,CALIXTO GONZALEZ JAIME EDUARDO,,5to Semestre,PSICOBIOLOGIA Y NEUROCIENCIAS
1532,METODOS DE OBSERVAC. EN PSICOBIOLOG.,10:00 a 12:00 B 03,,,12:00 a 14:00 B 03,,,ROJAS RAMOS OLGA ARACELI,,5to Semestre,PSICOBIOLOGIA Y NEUROCIENCIAS
1533,PSICOBIOLOGIA EVOLUTIVA Y ETOLOGIA,,,,,09:00 a 12:00 A 002,,MUÑOZ DELGADO JAIRO IGNACIO,,5to Semestre,PSICOBIOLOGIA Y NEUROCIENCIAS
1534,REGISTRO PSICOFISIOLOGICO,,,10:00 a 14:00 B 05,,,,RODRIGUEZ ORTIZ MARIA DOLORES,,5to Semestre,PSICOBIOLOGIA Y NEUROCIENCIAS
1535,TEMAS SELECTOS EN PSICOBIOLOGIA I,,,,,12:00 a 15:00 A 308,,DURON FIGUEROA RAUL,TEMA: TRASTORNO POR ESTRES POSTRAUMATICO,5to Semestre,PSICOBIOLOGIA Y NEUROCIENCIAS
Grupo 5302,Grupo 5302,Grupo 5302,Grupo 5302,Grupo 5302,Grupo 5302,Grupo 5302,Grupo 5302,Grupo 5302,Grupo 5302,5to Semestre,PSICOBIOLOGIA Y NEUROCIENCIAS
CLAVE,ASIGNATURA,LUNES,MARTES,MIERCOLES,JUEVES,VIERNES,SABADO,PROFESOR,OBSERVACIONES,5to Semestre,PSICOBIOLOGIA Y NEUROCIENCIAS
1530,PSICOFISIOLOGIA SISTEMICA,,12:00 a 15:00 A 106,,,,,RODRIGUEZ ORTIZ MARIA DOLORES,,5to Semestre,PSICOBIOLOGIA Y NEUROCIENCIAS
1531,METODOS EN NEUROCIENCIAS,,16:00 a 19:00 B 04,,,,,PROFESOR PENDIENTE,LA ASIGNATURA SERA IMPARTIDA POR LA DRA. ZARATE ROCHIN MARCELA,5to Semestre,PSICOBIOLOGIA Y NEUROCIENCIAS
1533,PSICOBIOLOGIA EVOLUTIVA Y ETOLOGIA,,,11:00 a 14:00 B 04,,,,LAGARDE LOZANO B. MARGARITA REGINA,,5to Semestre,PSICOBIOLOGIA Y NEUROCIENCIAS
1534,REGISTRO PSICOFISIOLOGICO,10:00 a 14:00 B 05,,,,,,RODRIGUEZ ORTIZ MARIA DOLORES,,5to Semestre,PSICOBIOLOGIA Y NEUROCIENCIAS
1535,TEMAS SELECTOS EN PSICOBIOLOGIA I,,,,10:00 a 13:00 A 209,,,GUTIERREZ OSPINA GABRIEL,TEMA: REFLEXIONES EN TORNO A LA TEORIA DEL CEREBRO,5to Semestre,PSICOBIOLOGIA Y NEUROCIENCIAS
Grupo 5303,Grupo 5303,Grupo 5303,Grupo 5303,Grupo 5303,Grupo 5303,Grupo 5303,Grupo 5303,Grupo 5303,Grupo 5303,5to Semestre,PSICOBIOLOGIA Y NEUROCIENCIAS
CLAVE,ASIGNATURA,LUNES,MARTES,MIERCOLES,JUEVES,VIERNES,SABADO,PROFESOR,OBSERVACIONES,5to Semestre,PSICOBIOLOGIA Y NEUROCIENCIAS
1532,METODOS DE OBSERVAC. EN PSICOBIOLOG.,,15:00 a 17:00 B 03,,16:00 a 18:00 B 03,,,ALCALA HERRERA VERONICA MARIA DEL CONSUELO,,5to Semestre,PSICOBIOLOGIA Y NEUROCIENCIAS
1533,PSICOBIOLOGIA EVOLUTIVA Y ETOLOGIA,10:00 a 13:00 A 314,,,,,,GONZALEZ SANTOYO ISAAC,,5to Semestre,PSICOBIOLOGIA Y NEUROCIENCIAS
Grupo 5304,Grupo 5304,Grupo 5304,Grupo 5304,Grupo 5304,Grupo 5304,Grupo 5304,Grupo 5304,Grupo 5304,Grupo 5304,5to Semestre,PSICOBIOLOGIA Y NEUROCIENCIAS
CLAVE,ASIGNATURA,LUNES,MARTES,MIERCOLES,JUEVES,VIERNES,SABADO,PROFESOR,OBSERVACIONES,5to Semestre,PSICOBIOLOGIA Y NEUROCIENCIAS
1531,METODOS EN NEUROCIENCIAS,,,,11:00 a 14:00 B 04,,,MUÑOZ TORRES ZEIDY VANESSA,,5to Semestre,PSICOBIOLOGIA Y NEUROCIENCIAS
1533,PSICOBIOLOGIA EVOLUTIVA Y ETOLOGIA,,,,,15:00 a 18:00 A 314,,DIAZ MEZA JOSE LUIS,,5to Semestre,PSICOBIOLOGIA Y NEUROCIENCIAS
1534,REGISTRO PSICOFISIOLOGICO,15:00 a 19:00 B 05,,,,,,SANCHEZ DINORIN GERARDO,,5to Semestre,PSICOBIOLOGIA Y NEUROCIENCIAS
1535,TEMAS SELECTOS EN PSICOBIOLOGIA I,,,17:30 a 19:00 Edif C Salon 1,17:30 a 19:00 Edif C Salon 1,,,GALICIA CASTILLO OSCAR RICARDO,TEMA: NEUROBIOLOGíA DE LA CONDUCTA EMOTIVA,5to Semestre,PSICOBIOLOGIA Y NEUROCIENCIAS
Grupo 5305,Grupo 5305,Grupo 5305,Grupo 5305,Grupo 5305,Grupo 5305,Grupo 5305,Grupo 5305,Grupo 5305,Grupo 5305,5to Semestre,PSICOBIOLOGIA Y NEUROCIENCIAS
CLAVE,ASIGNATURA,LUNES,MARTES,MIERCOLES,JUEVES,VIERNES,SABADO,PROFESOR,OBSERVACIONES,5to Semestre,PSICOBIOLOGIA Y NEUROCIENCIAS
1532,METODOS DE OBSERVAC. EN PSICOBIOLOG.,16:00 a 20:00 B 04,,,,,,SANCHEZ JUAN MANUEL,,5to Semestre,PSICOBIOLOGIA Y NEUROCIENCIAS
1534,REGISTRO PSICOFISIOLOGICO,,,15:00 a 17:00 B 05,,15:00 a 17:00 B 05,,GALVEZ HERNANDEZ CARMEN LIZETTE,,5to Semestre,PSICOBIOLOGIA Y NEUROCIENCIAS
1535,TEMAS SELECTOS EN PSICOBIOLOGIA I,,12:00 a 15:00 B 05,,,,,CRUZ PEREZ FELIPE,TEMA: NEUROPSICOLOGIA DEL DESARROLLO,5to Semestre,PSICOBIOLOGIA Y NEUROCIENCIAS
Selecciona el semestre a consultar  ----------- 1er Semestre 	3er Semestre 	5to Semestre 	7mo Semestre  OPTATIVAS DE GENERO (Plan 2008)  OPTATIVAS,Selecciona el tipo de busqueda  ----------- Grupo 	Asignatura,Selecciona el campo del conocimiento  ----------- CIENCIAS COGNITIVAS Y DEL COMPORTAMIENTO 	PROCESOS PSICOSOCIALES Y CULTURALES 	PSICOBIOLOGIA Y NEUROCIENCIAS 	PSICOLOGIA CLINICA Y DE LA SALUD 	PSICOLOGIA DE LA EDUCACION 	PSICOLOGIA ORGANIZACIONAL 	CONTEXTUAL,,,,,,,,5to Semestre,PSICOLOGIA CLINICA Y DE LA SALUD
,,,,,,,,,,5to Semestre,PSICOLOGIA CLINICA Y DE LA SALUD
,,,,,,,,,,5to Semestre,PSICOLOGIA CLINICA Y DE LA SALUD
"Grupo 5401  CLAVE  ASIGNATURA  LUNES  MARTES  MIERCOLES  JUEVES  VIERNES  SABADO  PROFESOR  OBSERVACIONES  1519  BIOETICA  08:00 a 10:00 A 309  PEREZ AGUERO MARIA CRISTINA  1520  METODOS Y TECNICAS DE INVESTIGAC.  12:00 a 14:00 A 003  CUEVAS RENAUD CORINA MARGARITA  1522  TEORIA Y TECNICA DE LA ENTREVIS. I  10:00 a 14:00 A 313  YUSSIF ROFFE DALILA  Grupo 5402  CLAVE  ASIGNATURA  LUNES  MARTES  MIERCOLES  JUEVES  VIERNES  SABADO  PROFESOR  OBSERVACIONES  1519  BIOETICA  11:00 a 13:00 A 314  SOSA TORRALBA JANETT ESMERALDA  1520  METODOS Y TECNICAS DE INVESTIGAC.  14:00 a 16:00 Edif C Salon 2  PROFESOR PENDIENTE IMPARTIRÃ¡ LA ASIGNATURA EL DR. RICARDO TRUJILLO CORREA  1521  PSICODIAGNOSTICO I  08:00 a 11:00 A 302  08:00 a 11:00 Edif C Salon 1  RUÍZ GONZÁLEZ VERÓNICA  1522  TEORIA Y TECNICA DE LA ENTREVIS. I  15:00 a 19:00 A 313  PROFESOR PENDIENTE IMPARTIRá LA ASIGNATURA EL MTRO. ALEJANDRO AZUMA ÁVILA  Grupo 5403  CLAVE  ASIGNATURA  LUNES  MARTES  MIERCOLES  JUEVES  VIERNES  SABADO  PROFESOR  OBSERVACIONES  1519  BIOETICA  10:00 a 12:00 A 002  PROFESOR PENDIENTE IMPARTIRá LA ASIGNATURA EL DR. ALBERTO SEYLER MANCILLA  1520  METODOS Y TECNICAS DE INVESTIGAC.  10:00 a 12:00 A 308  RAFFUL LOERA CLAUDIA MARGARITA  1521  PSICODIAGNOSTICO I  08:00 a 11:00 A 112  10:00 a 13:00 A 205  PEREZ AGUERO MARIA CRISTINA  1522  TEORIA Y TECNICA DE LA ENTREVIS. I  09:00 a 13:00 A 002  MARTINEZ BASURTO AIME EDITH  PRáCTICA EN ESCENARIO EN EL INSTITUTO NACIONAL DE ENFERMEDADES RESPIRATORIAS. LAS PRIMERAS SESIONES SE REALIZARáN EN MODALIDAD EN LíNEA Y LA ASISTENCIA AL ESCENARIO COMENZARá A PARTIR DE SEPTIEMBRE.  Grupo 5404  CLAVE  ASIGNATURA  LUNES  MARTES  MIERCOLES  JUEVES  VIERNES  SABADO  PROFESOR  OBSERVACIONES  1520  METODOS Y TECNICAS DE INVESTIGAC.  10:00 a 12:00 Edif C Salon 2  GUTIERREZ MARTINEZ ERIKA  1521  PSICODIAGNOSTICO I  10:00 a 13:00 A 113  10:00 a 13:00 Edif C Salon 3  CHAVEZ MURGUIA ALEJANDRA  1522  TEORIA Y TECNICA DE LA ENTREVIS. I  09:00 a 13:00 A 308  LANDA RAMÍREZ EDGAR  PRáCTICA EN EL PROGRAMA PSICOLOGíA DE URGENCIAS DEL HOSPITAL GENERAL DR. MANUEL GEA GONZáLEZ. OBLIGATORIO CONTAR CON VACUNAS DE INFLUENZA Y COVID-19.  Grupo 5405  CLAVE  ASIGNATURA  LUNES  MARTES  MIERCOLES  JUEVES  VIERNES  SABADO  PROFESOR  OBSERVACIONES  1519  BIOETICA  10:00 a 12:00 A 313  RAFFUL LOERA CLAUDIA MARGARITA  1520  METODOS Y TECNICAS DE INVESTIGAC.  09:00 a 11:00 A 001  SILVA GUTIERREZ CECILIA GUADALUPE  1521  PSICODIAGNOSTICO I  08:00 a 11:00 B 17  08:00 a 11:00 A 201  BECERRIL PEREZ MARIA SANTOS  PRáCTICA EN ESCENARIO LOS MIéRCOLES EN EL COLEGIO AGUSTíN GARCíA CONDE, A PARTIR DE LA MITAD DEL SEMESTRE.  1522  TEORIA Y TECNICA DE LA ENTREVIS. I  12:00 a 14:00 A 211  12:00 a 14:00 A 312  VALENZUELA VALLEJO JORGE ALFONSO  Grupo 5406  CLAVE  ASIGNATURA  LUNES  MARTES  MIERCOLES  JUEVES  VIERNES  SABADO  PROFESOR  OBSERVACIONES  1519  BIOETICA  10:00 a 12:00 A 201  PROFESOR PENDIENTE IMPARTIRá LA ASIGNATURA LA DRA. CLAUDIA IVETHE JAEN CORTéS  1520  METODOS Y TECNICAS DE INVESTIGAC.  09:00 a 11:00 A 101  SUAREZ RODRIGUEZ KARLA  1521  PSICODIAGNOSTICO I  08:00 a 11:00 A 211  08:00 a 11:00 A 314  HERNANDEZ TREJO LAURA AMADA  PRáCTICA EN ESCENARIO LOS MIéRCOLES EN EL COLEGIO AGUSTíN GARCíA CONDE, A MITAD DEL SEMESTRE.  1522  TEORIA Y TECNICA DE LA ENTREVIS. I  12:00 a 14:00 A 301  12:00 a 14:00 A 313  SOTO CRISTOBAL GABRIEL  Grupo 5407  CLAVE  ASIGNATURA  LUNES  MARTES  MIERCOLES  JUEVES  VIERNES  SABADO  PROFESOR  OBSERVACIONES  1519  BIOETICA  10:00 a 12:00 A 312  SOSA TORRALBA JANETT ESMERALDA  1521  PSICODIAGNOSTICO I  09:00 a 12:00 B 07  09:00 a 12:00 B 07  SOMARRIBA ROCHA LAURA ANGELA  1522  TEORIA Y TECNICA DE LA ENTREVIS. I  14:00 a 16:00 A 003  14:00 a 16:00 A 003  MEDINA GUTIERREZ MIGUEL ANGEL  Grupo 5408  CLAVE  ASIGNATURA  LUNES  MARTES  MIERCOLES  JUEVES  VIERNES  SABADO  PROFESOR  OBSERVACIONES  1520  METODOS Y TECNICAS DE INVESTIGAC.  10:00 a 12:00 Edif C Salon 3  RAFFUL LOERA CLAUDIA MARGARITA  1521  PSICODIAGNOSTICO I  10:00 a 13:00 Edif C URIDES 1  09:00 a 12:00 A 102  VELEZ GARCIA ALICIA ELVIRA  LA CLASE SE IMPARTE CON ENFOQUE NEUROPSICOLóGICO 1522  TEORIA Y TECNICA DE LA ENTREVIS. I  08:00 a 12:00 A 204  CERVANTES BAZAN KARLA ALEJANDRA  Grupo 5409  CLAVE  ASIGNATURA  LUNES  MARTES  MIERCOLES  JUEVES  VIERNES  SABADO  PROFESOR  OBSERVACIONES  1519  BIOETICA  16:00 a 18:00 A 308  REYES GONZALEZ JOSE LUIS  1521  PSICODIAGNOSTICO I  12:00 a 15:00 A 312  12:00 a 15:00 A 310  MONJARÁS RODRÍGUEZ MARÍA TERESA  SE ASISTIRá A PRáCTICAS EN ESCENARIO LOS DíAS MARTES, EN EL CENTRO COMUNITARIO SAN LORENZO, A PARTIR DEL MES DE SEPTIEMBRE.  1522  TEORIA Y TECNICA DE LA ENTREVIS. I  08:00 a 10:00 A 002  08:00 a 10:00 A 002  PROFESOR PENDIENTE LA MATERIA SERá IMPARTIDA LOS DíAS LUNES POR LA LIC. CYNDI PAOLA JIMéNEZ CHáVEZ Y LOS JUEVES POR LA MTRA. BRENDA YENICAN CASTRO JERóNIMO.  Grupo 5410  CLAVE  ASIGNATURA  LUNES  MARTES  MIERCOLES  JUEVES  VIERNES  SABADO  PROFESOR  OBSERVACIONES  1520  METODOS Y TECNICAS DE INVESTIGAC.  16:00 a 18:00 A 304  PROFESOR PENDIENTE LA CLASE SERá IMPARTIDA POR EL DR. RICARDO TRUJILLO CORREA  1522  TEORIA Y TECNICA DE LA ENTREVIS. I  16:00 a 20:00 A 311  REYES GONZALEZ JOSE LUIS  Grupo 5411  CLAVE  ASIGNATURA  LUNES  MARTES  MIERCOLES  JUEVES  VIERNES  SABADO  PROFESOR  OBSERVACIONES  1520  METODOS Y TECNICAS DE INVESTIGAC.  14:00 a 16:00 A 105  PROFESOR PENDIENTE LA CLASE SERá IMPARTIDA POR LA MTRA. ARETA ORTEGA OROZCO  1521  PSICODIAGNOSTICO I  16:00 a 19:00 A 312  16:00 a 19:00 A 312  HERNANDEZ ESTRADA LIZBETH  LA PRáCTICA EN ESCENARIO SE LLEVARá A CABO LOS DíAS LUNES EN EL CENTRO COMUNITARIO DR. JULIáN MACGREGOR Y SáNCHEZ NAVARRO, A PARTIR DEL 14 DE SEPTIEMBRE.  1522  TEORIA Y TECNICA DE LA ENTREVIS. I  16:00 a 20:00 A 312  PROFESOR PENDIENTE LA CLASE SERá IMPARTIDA POR LA MTRA. DANIELA ITZEL PEñA GONZáLEZ  Grupo 5412  CLAVE  ASIGNATURA  LUNES  MARTES  MIERCOLES  JUEVES  VIERNES  SABADO  PROFESOR  OBSERVACIONES  1520  METODOS Y TECNICAS DE INVESTIGAC.  11:00 a 13:00 A 101  SUAREZ RODRIGUEZ KARLA  1521  PSICODIAGNOSTICO I  13:00 a 16:00 A 001  13:00 a 16:00 A 110  CHAPA ROMERO ANA CELIA  1522  TEORIA Y TECNICA DE LA ENTREVIS. I  08:00 a 10:00 A 312  08:00 a 10:00 A 312  ESPINOZA SALGADO FATIMA SAGRARIO PROFESOR PENDIENTE LA CLASE DE LOS LUNES SERá IMPARTIDA POR EL MTRO. JUAN MANUEL SANTIAGO MALDONADO Y LA DE LOS JUEVES POR LA DRA. FáTIMA SAGRARIO ESPINOZA SALGADO, QUIEN ADEMáS ESTARá A CARGO DE LA PRáCTICA EN ESCENARIO EN EL INSTITUTO NACIONAL DE PEDIATRíA  Grupo 5413  CLAVE  ASIGNATURA  LUNES  MARTES  MIERCOLES  JUEVES  VIERNES  SABADO  PROFESOR  OBSERVACIONES  1519  BIOETICA  17:00 a 19:00 A 310  REYES GONZALEZ JOSE LUIS  1520  METODOS Y TECNICAS DE INVESTIGAC.  18:00 a 20:00 A 102  RODRIGUEZ SERRANO AIDEE ELENA  1521  PSICODIAGNOSTICO I  15:00 a 18:00 A 003  15:00 a 18:00 A 309  HERNANDEZ TREJO LAURA AMADA  A PARTIR DE LA MITAD DEL SEMESTRE, LOS MIéRCOLES SE LLEVARáN A CABO PRáCTICAS EN EL CENTRO COMUNITARIO DR. JULIáN MACGREGOR Y SáNCHEZ NAVARRO.  1522  TEORIA Y TECNICA DE LA ENTREVIS. I  13:00 a 15:00 A 311  12:00 a 14:00 A 311  PROFESOR PENDIENTE LA CLASE SERá IMPARTIDA POR EL MTRO. ESTEBAN LEONARDO JIMéNEZ RIVARGOZA.  Grupo 5414  CLAVE  ASIGNATURA  LUNES  MARTES  MIERCOLES  JUEVES  VIERNES  SABADO  PROFESOR  OBSERVACIONES  1519  BIOETICA  10:00 a 12:00 A 312  PROFESOR PENDIENTE LA CLASE SERá IMPARTIDA POR LA DRA. CLAUDIA IVETHE JAEN CORTéS  1521  PSICODIAGNOSTICO I  16:00 a 19:00 A 001  16:00 a 19:00 A 101  PADILLA MARQUEZ XOCHITL BERENICE  1522  TEORIA Y TECNICA DE LA ENTREVIS. I  12:00 a 14:00 A 312  12:00 a 14:00 A 312  MACOUZET MENENDEZ BEATRIZ ALEJANDRA  LOS JUEVES SE LLEVARá A CABO LA PRáCTICA DE OBSERVACIóN EN CáMARA DE GESELL EN EL DáVILA (CáMARAS DEPI).  Grupo 5415  CLAVE  ASIGNATURA  LUNES  MARTES  MIERCOLES  JUEVES  VIERNES  SABADO  PROFESOR  OBSERVACIONES  1519  BIOETICA  17:00 a 19:00 A 308  DE LA VEGA MORALES ROCIO IVONNE  1520  METODOS Y TECNICAS DE INVESTIGAC.  15:00 a 17:00 A 108  DE LA VEGA MORALES ROCIO IVONNE  1521  PSICODIAGNOSTICO I  16:00 a 19:00 A 205  16:00 a 19:00 A 110  ACOSTA GALVAN SAMUEL HERNANDEZ ESTRADA LIZBETH  LOS LUNES SE IMPARTIRá LA CLASE PRáCTICA CON EL MTRO. SAMUEL ACOSTA GALVáN, Y LOS MIéRCOLES LA CLASE TEóRICA CON LA MTRA. LIZBETH HERNáNDEZ ESTRADA.  1522  TEORIA Y TECNICA DE LA ENTREVIS. I  17:00 a 19:00 A 308  17:00 a 19:00 A 001  MORALES CHAMBERT BRENDA CONCEPCION  LA PRáCTICA SE REALIZARá EN LAS CáMARAS DE GESELL DEL EDIFICIO D, A PARTIR DE OCTUBRE.  Grupo 5416  CLAVE  ASIGNATURA  LUNES  MARTES  MIERCOLES  JUEVES  VIERNES  SABADO  PROFESOR  OBSERVACIONES  1521  PSICODIAGNOSTICO I  16:00 a 19:00 A 308  16:00 a 19:00 A 001  RUÍZ GONZÁLEZ VERÓNICA  1522  TEORIA Y TECNICA DE LA ENTREVIS. I  17:00 a 19:00 A 311  17:00 a 19:00 A 102  PROFESOR PENDIENTE IMPARTIRáN LA ASIGNATURA LAS PROFESORAS: MTRA. SOFíA GUADALUPE RODRíGUEZ PAZ (TEORíA) Y LA MTRA. VIRIDIANA EGUíA MARTíNEZ (PRáCTICA)  Grupo 5417  CLAVE  ASIGNATURA  LUNES  MARTES  MIERCOLES  JUEVES  VIERNES  SABADO  PROFESOR  OBSERVACIONES  1519  BIOETICA  18:00 a 20:00 A 211  REYES GONZALEZ JOSE LUIS  1520  METODOS Y TECNICAS DE INVESTIGAC.  15:00 a 17:00 A 108  GONZALEZ ALCANTARA KARLA EDITH  1521  PSICODIAGNOSTICO I  11:00 a 14:00 Edif B Sal. Juntas  11:00 a 14:00 A 310  HERNANDEZ TREJO LAURA AMADA MONJARÁS RODRÍGUEZ MARÍA TERESA  LOS LUNES, LA DRA. HERNáNDEZ IMPARTIRá LA CLASE PRáCTICA EN EL COLEGIO AGUSTíN GARCíA CONDE A PARTIR DE LA MITAD DEL SEMESTRE, Y LOS MIéRCOLES LA DRA. MONJARáS ESTARá A CARGO DE LA CLASE TEóRICA.  1522  TEORIA Y TECNICA DE LA ENTREVIS. I  15:00 a 17:00 A 311  13:00 a 15:00 A 211  MORA GUTIERREZ GERARDO PROFESOR PENDIENTE LOS JUEVES, EL MTRO. JUAN MANUEL SANTIAGO MALDONADO IMPARTIRá LA CLASE PRáCTICA, Y LOS VIERNES EL DR. GERARDO MORA GUTIéRREZ ESTARá A CARGO DE LA CLASE TEóRICA.","Grupo 5401  CLAVE  ASIGNATURA  LUNES  MARTES  MIERCOLES  JUEVES  VIERNES  SABADO  PROFESOR  OBSERVACIONES  1519  BIOETICA  08:00 a 10:00 A 309  PEREZ AGUERO MARIA CRISTINA  1520  METODOS Y TECNICAS DE INVESTIGAC.  12:00 a 14:00 A 003  CUEVAS RENAUD CORINA MARGARITA  1522  TEORIA Y TECNICA DE LA ENTREVIS. I  10:00 a 14:00 A 313  YUSSIF ROFFE DALILA  Grupo 5402  CLAVE  ASIGNATURA  LUNES  MARTES  MIERCOLES  JUEVES  VIERNES  SABADO  PROFESOR  OBSERVACIONES  1519  BIOETICA  11:00 a 13:00 A 314  SOSA TORRALBA JANETT ESMERALDA  1520  METODOS Y TECNICAS DE INVESTIGAC.  14:00 a 16:00 Edif C Salon 2  PROFESOR PENDIENTE IMPARTIRÃ¡ LA ASIGNATURA EL DR. RICARDO TRUJILLO CORREA  1521  PSICODIAGNOSTICO I  08:00 a 11:00 A 302  08:00 a 11:00 Edif C Salon 1  RUÍZ GONZÁLEZ VERÓNICA  1522  TEORIA Y TECNICA DE LA ENTREVIS. I  15:00 a 19:00 A 313  PROFESOR PENDIENTE IMPARTIRá LA ASIGNATURA EL MTRO. ALEJANDRO AZUMA ÁVILA  Grupo 5403  CLAVE  ASIGNATURA  LUNES  MARTES  MIERCOLES  JUEVES  VIERNES  SABADO  PROFESOR  OBSERVACIONES  1519  BIOETICA  10:00 a 12:00 A 002  PROFESOR PENDIENTE IMPARTIRá LA ASIGNATURA EL DR. ALBERTO SEYLER MANCILLA  1520  METODOS Y TECNICAS DE INVESTIGAC.  10:00 a 12:00 A 308  RAFFUL LOERA CLAUDIA MARGARITA  1521  PSICODIAGNOSTICO I  08:00 a 11:00 A 112  10:00 a 13:00 A 205  PEREZ AGUERO MARIA CRISTINA  1522  TEORIA Y TECNICA DE LA ENTREVIS. I  09:00 a 13:00 A 002  MARTINEZ BASURTO AIME EDITH  PRáCTICA EN ESCENARIO EN EL INSTITUTO NACIONAL DE ENFERMEDADES RESPIRATORIAS. LAS PRIMERAS SESIONES SE REALIZARáN EN MODALIDAD EN LíNEA Y LA ASISTENCIA AL ESCENARIO COMENZARá A PARTIR DE SEPTIEMBRE.  Grupo 5404  CLAVE  ASIGNATURA  LUNES  MARTES  MIERCOLES  JUEVES  VIERNES  SABADO  PROFESOR  OBSERVACIONES  1520  METODOS Y TECNICAS DE INVESTIGAC.  10:00 a 12:00 Edif C Salon 2  GUTIERREZ MARTINEZ ERIKA  1521  PSICODIAGNOSTICO I  10:00 a 13:00 A 113  10:00 a 13:00 Edif C Salon 3  CHAVEZ MURGUIA ALEJANDRA  1522  TEORIA Y TECNICA DE LA ENTREVIS. I  09:00 a 13:00 A 308  LANDA RAMÍREZ EDGAR  PRáCTICA EN EL PROGRAMA PSICOLOGíA DE URGENCIAS DEL HOSPITAL GENERAL DR. MANUEL GEA GONZáLEZ. OBLIGATORIO CONTAR CON VACUNAS DE INFLUENZA Y COVID-19.  Grupo 5405  CLAVE  ASIGNATURA  LUNES  MARTES  MIERCOLES  JUEVES  VIERNES  SABADO  PROFESOR  OBSERVACIONES  1519  BIOETICA  10:00 a 12:00 A 313  RAFFUL LOERA CLAUDIA MARGARITA  1520  METODOS Y TECNICAS DE INVESTIGAC.  09:00 a 11:00 A 001  SILVA GUTIERREZ CECILIA GUADALUPE  1521  PSICODIAGNOSTICO I  08:00 a 11:00 B 17  08:00 a 11:00 A 201  BECERRIL PEREZ MARIA SANTOS  PRáCTICA EN ESCENARIO LOS MIéRCOLES EN EL COLEGIO AGUSTíN GARCíA CONDE, A PARTIR DE LA MITAD DEL SEMESTRE.  1522  TEORIA Y TECNICA DE LA ENTREVIS. I  12:00 a 14:00 A 211  12:00 a 14:00 A 312  VALENZUELA VALLEJO JORGE ALFONSO  Grupo 5406  CLAVE  ASIGNATURA  LUNES  MARTES  MIERCOLES  JUEVES  VIERNES  SABADO  PROFESOR  OBSERVACIONES  1519  BIOETICA  10:00 a 12:00 A 201  PROFESOR PENDIENTE IMPARTIRá LA ASIGNATURA LA DRA. CLAUDIA IVETHE JAEN CORTéS  1520  METODOS Y TECNICAS DE INVESTIGAC.  09:00 a 11:00 A 101  SUAREZ RODRIGUEZ KARLA  1521  PSICODIAGNOSTICO I  08:00 a 11:00 A 211  08:00 a 11:00 A 314  HERNANDEZ TREJO LAURA AMADA  PRáCTICA EN ESCENARIO LOS MIéRCOLES EN EL COLEGIO AGUSTíN GARCíA CONDE, A MITAD DEL SEMESTRE.  1522  TEORIA Y TECNICA DE LA ENTREVIS. I  12:00 a 14:00 A 301  12:00 a 14:00 A 313  SOTO CRISTOBAL GABRIEL  Grupo 5407  CLAVE  ASIGNATURA  LUNES  MARTES  MIERCOLES  JUEVES  VIERNES  SABADO  PROFESOR  OBSERVACIONES  1519  BIOETICA  10:00 a 12:00 A 312  SOSA TORRALBA JANETT ESMERALDA  1521  PSICODIAGNOSTICO I  09:00 a 12:00 B 07  09:00 a 12:00 B 07  SOMARRIBA ROCHA LAURA ANGELA  1522  TEORIA Y TECNICA DE LA ENTREVIS. I  14:00 a 16:00 A 003  14:00 a 16:00 A 003  MEDINA GUTIERREZ MIGUEL ANGEL  Grupo 5408  CLAVE  ASIGNATURA  LUNES  MARTES  MIERCOLES  JUEVES  VIERNES  SABADO  PROFESOR  OBSERVACIONES  1520  METODOS Y TECNICAS DE INVESTIGAC.  10:00 a 12:00 Edif C Salon 3  RAFFUL LOERA CLAUDIA MARGARITA  1521  PSICODIAGNOSTICO I  10:00 a 13:00 Edif C URIDES 1  09:00 a 12:00 A 102  VELEZ GARCIA ALICIA ELVIRA  LA CLASE SE IMPARTE CON ENFOQUE NEUROPSICOLóGICO 1522  TEORIA Y TECNICA DE LA ENTREVIS. I  08:00 a 12:00 A 204  CERVANTES BAZAN KARLA ALEJANDRA  Grupo 5409  CLAVE  ASIGNATURA  LUNES  MARTES  MIERCOLES  JUEVES  VIERNES  SABADO  PROFESOR  OBSERVACIONES  1519  BIOETICA  16:00 a 18:00 A 308  REYES GONZALEZ JOSE LUIS  1521  PSICODIAGNOSTICO I  12:00 a 15:00 A 312  12:00 a 15:00 A 310  MONJARÁS RODRÍGUEZ MARÍA TERESA  SE ASISTIRá A PRáCTICAS EN ESCENARIO LOS DíAS MARTES, EN EL CENTRO COMUNITARIO SAN LORENZO, A PARTIR DEL MES DE SEPTIEMBRE.  1522  TEORIA Y TECNICA DE LA ENTREVIS. I  08:00 a 10:00 A 002  08:00 a 10:00 A 002  PROFESOR PENDIENTE LA MATERIA SERá IMPARTIDA LOS DíAS LUNES POR LA LIC. CYNDI PAOLA JIMéNEZ CHáVEZ Y LOS JUEVES POR LA MTRA. BRENDA YENICAN CASTRO JERóNIMO.  Grupo 5410  CLAVE  ASIGNATURA  LUNES  MARTES  MIERCOLES  JUEVES  VIERNES  SABADO  PROFESOR  OBSERVACIONES  1520  METODOS Y TECNICAS DE INVESTIGAC.  16:00 a 18:00 A 304  PROFESOR PENDIENTE LA CLASE SERá IMPARTIDA POR EL DR. RICARDO TRUJILLO CORREA  1522  TEORIA Y TECNICA DE LA ENTREVIS. I  16:00 a 20:00 A 311  REYES GONZALEZ JOSE LUIS  Grupo 5411  CLAVE  ASIGNATURA  LUNES  MARTES  MIERCOLES  JUEVES  VIERNES  SABADO  PROFESOR  OBSERVACIONES  1520  METODOS Y TECNICAS DE INVESTIGAC.  14:00 a 16:00 A 105  PROFESOR PENDIENTE LA CLASE SERá IMPARTIDA POR LA MTRA. ARETA ORTEGA OROZCO  1521  PSICODIAGNOSTICO I  16:00 a 19:00 A 312  16:00 a 19:00 A 312  HERNANDEZ ESTRADA LIZBETH  LA PRáCTICA EN ESCENARIO SE LLEVARá A CABO LOS DíAS LUNES EN EL CENTRO COMUNITARIO DR. JULIáN MACGREGOR Y SáNCHEZ NAVARRO, A PARTIR DEL 14 DE SEPTIEMBRE.  1522  TEORIA Y TECNICA DE LA ENTREVIS. I  16:00 a 20:00 A 312  PROFESOR PENDIENTE LA CLASE SERá IMPARTIDA POR LA MTRA. DANIELA ITZEL PEñA GONZáLEZ  Grupo 5412  CLAVE  ASIGNATURA  LUNES  MARTES  MIERCOLES  JUEVES  VIERNES  SABADO  PROFESOR  OBSERVACIONES  1520  METODOS Y TECNICAS DE INVESTIGAC.  11:00 a 13:00 A 101  SUAREZ RODRIGUEZ KARLA  1521  PSICODIAGNOSTICO I  13:00 a 16:00 A 001  13:00 a 16:00 A 110  CHAPA ROMERO ANA CELIA  1522  TEORIA Y TECNICA DE LA ENTREVIS. I  08:00 a 10:00 A 312  08:00 a 10:00 A 312  ESPINOZA SALGADO FATIMA SAGRARIO PROFESOR PENDIENTE LA CLASE DE LOS LUNES SERá IMPARTIDA POR EL MTRO. JUAN MANUEL SANTIAGO MALDONADO Y LA DE LOS JUEVES POR LA DRA. FáTIMA SAGRARIO ESPINOZA SALGADO, QUIEN ADEMáS ESTARá A CARGO DE LA PRáCTICA EN ESCENARIO EN EL INSTITUTO NACIONAL DE PEDIATRíA  Grupo 5413  CLAVE  ASIGNATURA  LUNES  MARTES  MIERCOLES  JUEVES  VIERNES  SABADO  PROFESOR  OBSERVACIONES  1519  BIOETICA  17:00 a 19:00 A 310  REYES GONZALEZ JOSE LUIS  1520  METODOS Y TECNICAS DE INVESTIGAC.  18:00 a 20:00 A 102  RODRIGUEZ SERRANO AIDEE ELENA  1521  PSICODIAGNOSTICO I  15:00 a 18:00 A 003  15:00 a 18:00 A 309  HERNANDEZ TREJO LAURA AMADA  A PARTIR DE LA MITAD DEL SEMESTRE, LOS MIéRCOLES SE LLEVARáN A CABO PRáCTICAS EN EL CENTRO COMUNITARIO DR. JULIáN MACGREGOR Y SáNCHEZ NAVARRO.  1522  TEORIA Y TECNICA DE LA ENTREVIS. I  13:00 a 15:00 A 311  12:00 a 14:00 A 311  PROFESOR PENDIENTE LA CLASE SERá IMPARTIDA POR EL MTRO. ESTEBAN LEONARDO JIMéNEZ RIVARGOZA.  Grupo 5414  CLAVE  ASIGNATURA  LUNES  MARTES  MIERCOLES  JUEVES  VIERNES  SABADO  PROFESOR  OBSERVACIONES  1519  BIOETICA  10:00 a 12:00 A 312  PROFESOR PENDIENTE LA CLASE SERá IMPARTIDA POR LA DRA. CLAUDIA IVETHE JAEN CORTéS  1521  PSICODIAGNOSTICO I  16:00 a 19:00 A 001  16:00 a 19:00 A 101  PADILLA MARQUEZ XOCHITL BERENICE  1522  TEORIA Y TECNICA DE LA ENTREVIS. I  12:00 a 14:00 A 312  12:00 a 14:00 A 312  MACOUZET MENENDEZ BEATRIZ ALEJANDRA  LOS JUEVES SE LLEVARá A CABO LA PRáCTICA DE OBSERVACIóN EN CáMARA DE GESELL EN EL DáVILA (CáMARAS DEPI).  Grupo 5415  CLAVE  ASIGNATURA  LUNES  MARTES  MIERCOLES  JUEVES  VIERNES  SABADO  PROFESOR  OBSERVACIONES  1519  BIOETICA  17:00 a 19:00 A 308  DE LA VEGA MORALES ROCIO IVONNE  1520  METODOS Y TECNICAS DE INVESTIGAC.  15:00 a 17:00 A 108  DE LA VEGA MORALES ROCIO IVONNE  1521  PSICODIAGNOSTICO I  16:00 a 19:00 A 205  16:00 a 19:00 A 110  ACOSTA GALVAN SAMUEL HERNANDEZ ESTRADA LIZBETH  LOS LUNES SE IMPARTIRá LA CLASE PRáCTICA CON EL MTRO. SAMUEL ACOSTA GALVáN, Y LOS MIéRCOLES LA CLASE TEóRICA CON LA MTRA. LIZBETH HERNáNDEZ ESTRADA.  1522  TEORIA Y TECNICA DE LA ENTREVIS. I  17:00 a 19:00 A 308  17:00 a 19:00 A 001  MORALES CHAMBERT BRENDA CONCEPCION  LA PRáCTICA SE REALIZARá EN LAS CáMARAS DE GESELL DEL EDIFICIO D, A PARTIR DE OCTUBRE.  Grupo 5416  CLAVE  ASIGNATURA  LUNES  MARTES  MIERCOLES  JUEVES  VIERNES  SABADO  PROFESOR  OBSERVACIONES  1521  PSICODIAGNOSTICO I  16:00 a 19:00 A 308  16:00 a 19:00 A 001  RUÍZ GONZÁLEZ VERÓNICA  1522  TEORIA Y TECNICA DE LA ENTREVIS. I  17:00 a 19:00 A 311  17:00 a 19:00 A 102  PROFESOR PENDIENTE IMPARTIRáN LA ASIGNATURA LAS PROFESORAS: MTRA. SOFíA GUADALUPE RODRíGUEZ PAZ (TEORíA) Y LA MTRA. VIRIDIANA EGUíA MARTíNEZ (PRáCTICA)  Grupo 5417  CLAVE  ASIGNATURA  LUNES  MARTES  MIERCOLES  JUEVES  VIERNES  SABADO  PROFESOR  OBSERVACIONES  1519  BIOETICA  18:00 a 20:00 A 211  REYES GONZALEZ JOSE LUIS  1520  METODOS Y TECNICAS DE INVESTIGAC.  15:00 a 17:00 A 108  GONZALEZ ALCANTARA KARLA EDITH  1521  PSICODIAGNOSTICO I  11:00 a 14:00 Edif B Sal. Juntas  11:00 a 14:00 A 310  HERNANDEZ TREJO LAURA AMADA MONJARÁS RODRÍGUEZ MARÍA TERESA  LOS LUNES, LA DRA. HERNáNDEZ IMPARTIRá LA CLASE PRáCTICA EN EL COLEGIO AGUSTíN GARCíA CONDE A PARTIR DE LA MITAD DEL SEMESTRE, Y LOS MIéRCOLES LA DRA. MONJARáS ESTARá A CARGO DE LA CLASE TEóRICA.  1522  TEORIA Y TECNICA DE LA ENTREVIS. I  15:00 a 17:00 A 311  13:00 a 15:00 A 211  MORA GUTIERREZ GERARDO PROFESOR PENDIENTE LOS JUEVES, EL MTRO. JUAN MANUEL SANTIAGO MALDONADO IMPARTIRá LA CLASE PRáCTICA, Y LOS VIERNES EL DR. GERARDO MORA GUTIéRREZ ESTARá A CARGO DE LA CLASE TEóRICA.","Grupo 5401  CLAVE  ASIGNATURA  LUNES  MARTES  MIERCOLES  JUEVES  VIERNES  SABADO  PROFESOR  OBSERVACIONES  1519  BIOETICA  08:00 a 10:00 A 309  PEREZ AGUERO MARIA CRISTINA  1520  METODOS Y TECNICAS DE INVESTIGAC.  12:00 a 14:00 A 003  CUEVAS RENAUD CORINA MARGARITA  1522  TEORIA Y TECNICA DE LA ENTREVIS. I  10:00 a 14:00 A 313  YUSSIF ROFFE DALILA  Grupo 5402  CLAVE  ASIGNATURA  LUNES  MARTES  MIERCOLES  JUEVES  VIERNES  SABADO  PROFESOR  OBSERVACIONES  1519  BIOETICA  11:00 a 13:00 A 314  SOSA TORRALBA JANETT ESMERALDA  1520  METODOS Y TECNICAS DE INVESTIGAC.  14:00 a 16:00 Edif C Salon 2  PROFESOR PENDIENTE IMPARTIRÃ¡ LA ASIGNATURA EL DR. RICARDO TRUJILLO CORREA  1521  PSICODIAGNOSTICO I  08:00 a 11:00 A 302  08:00 a 11:00 Edif C Salon 1  RUÍZ GONZÁLEZ VERÓNICA  1522  TEORIA Y TECNICA DE LA ENTREVIS. I  15:00 a 19:00 A 313  PROFESOR PENDIENTE IMPARTIRá LA ASIGNATURA EL MTRO. ALEJANDRO AZUMA ÁVILA  Grupo 5403  CLAVE  ASIGNATURA  LUNES  MARTES  MIERCOLES  JUEVES  VIERNES  SABADO  PROFESOR  OBSERVACIONES  1519  BIOETICA  10:00 a 12:00 A 002  PROFESOR PENDIENTE IMPARTIRá LA ASIGNATURA EL DR. ALBERTO SEYLER MANCILLA  1520  METODOS Y TECNICAS DE INVESTIGAC.  10:00 a 12:00 A 308  RAFFUL LOERA CLAUDIA MARGARITA  1521  PSICODIAGNOSTICO I  08:00 a 11:00 A 112  10:00 a 13:00 A 205  PEREZ AGUERO MARIA CRISTINA  1522  TEORIA Y TECNICA DE LA ENTREVIS. I  09:00 a 13:00 A 002  MARTINEZ BASURTO AIME EDITH  PRáCTICA EN ESCENARIO EN EL INSTITUTO NACIONAL DE ENFERMEDADES RESPIRATORIAS. LAS PRIMERAS SESIONES SE REALIZARáN EN MODALIDAD EN LíNEA Y LA ASISTENCIA AL ESCENARIO COMENZARá A PARTIR DE SEPTIEMBRE.  Grupo 5404  CLAVE  ASIGNATURA  LUNES  MARTES  MIERCOLES  JUEVES  VIERNES  SABADO  PROFESOR  OBSERVACIONES  1520  METODOS Y TECNICAS DE INVESTIGAC.  10:00 a 12:00 Edif C Salon 2  GUTIERREZ MARTINEZ ERIKA  1521  PSICODIAGNOSTICO I  10:00 a 13:00 A 113  10:00 a 13:00 Edif C Salon 3  CHAVEZ MURGUIA ALEJANDRA  1522  TEORIA Y TECNICA DE LA ENTREVIS. I  09:00 a 13:00 A 308  LANDA RAMÍREZ EDGAR  PRáCTICA EN EL PROGRAMA PSICOLOGíA DE URGENCIAS DEL HOSPITAL GENERAL DR. MANUEL GEA GONZáLEZ. OBLIGATORIO CONTAR CON VACUNAS DE INFLUENZA Y COVID-19.  Grupo 5405  CLAVE  ASIGNATURA  LUNES  MARTES  MIERCOLES  JUEVES  VIERNES  SABADO  PROFESOR  OBSERVACIONES  1519  BIOETICA  10:00 a 12:00 A 313  RAFFUL LOERA CLAUDIA MARGARITA  1520  METODOS Y TECNICAS DE INVESTIGAC.  09:00 a 11:00 A 001  SILVA GUTIERREZ CECILIA GUADALUPE  1521  PSICODIAGNOSTICO I  08:00 a 11:00 B 17  08:00 a 11:00 A 201  BECERRIL PEREZ MARIA SANTOS  PRáCTICA EN ESCENARIO LOS MIéRCOLES EN EL COLEGIO AGUSTíN GARCíA CONDE, A PARTIR DE LA MITAD DEL SEMESTRE.  1522  TEORIA Y TECNICA DE LA ENTREVIS. I  12:00 a 14:00 A 211  12:00 a 14:00 A 312  VALENZUELA VALLEJO JORGE ALFONSO  Grupo 5406  CLAVE  ASIGNATURA  LUNES  MARTES  MIERCOLES  JUEVES  VIERNES  SABADO  PROFESOR  OBSERVACIONES  1519  BIOETICA  10:00 a 12:00 A 201  PROFESOR PENDIENTE IMPARTIRá LA ASIGNATURA LA DRA. CLAUDIA IVETHE JAEN CORTéS  1520  METODOS Y TECNICAS DE INVESTIGAC.  09:00 a 11:00 A 101  SUAREZ RODRIGUEZ KARLA  1521  PSICODIAGNOSTICO I  08:00 a 11:00 A 211  08:00 a 11:00 A 314  HERNANDEZ TREJO LAURA AMADA  PRáCTICA EN ESCENARIO LOS MIéRCOLES EN EL COLEGIO AGUSTíN GARCíA CONDE, A MITAD DEL SEMESTRE.  1522  TEORIA Y TECNICA DE LA ENTREVIS. I  12:00 a 14:00 A 301  12:00 a 14:00 A 313  SOTO CRISTOBAL GABRIEL  Grupo 5407  CLAVE  ASIGNATURA  LUNES  MARTES  MIERCOLES  JUEVES  VIERNES  SABADO  PROFESOR  OBSERVACIONES  1519  BIOETICA  10:00 a 12:00 A 312  SOSA TORRALBA JANETT ESMERALDA  1521  PSICODIAGNOSTICO I  09:00 a 12:00 B 07  09:00 a 12:00 B 07  SOMARRIBA ROCHA LAURA ANGELA  1522  TEORIA Y TECNICA DE LA ENTREVIS. I  14:00 a 16:00 A 003  14:00 a 16:00 A 003  MEDINA GUTIERREZ MIGUEL ANGEL  Grupo 5408  CLAVE  ASIGNATURA  LUNES  MARTES  MIERCOLES  JUEVES  VIERNES  SABADO  PROFESOR  OBSERVACIONES  1520  METODOS Y TECNICAS DE INVESTIGAC.  10:00 a 12:00 Edif C Salon 3  RAFFUL LOERA CLAUDIA MARGARITA  1521  PSICODIAGNOSTICO I  10:00 a 13:00 Edif C URIDES 1  09:00 a 12:00 A 102  VELEZ GARCIA ALICIA ELVIRA  LA CLASE SE IMPARTE CON ENFOQUE NEUROPSICOLóGICO 1522  TEORIA Y TECNICA DE LA ENTREVIS. I  08:00 a 12:00 A 204  CERVANTES BAZAN KARLA ALEJANDRA  Grupo 5409  CLAVE  ASIGNATURA  LUNES  MARTES  MIERCOLES  JUEVES  VIERNES  SABADO  PROFESOR  OBSERVACIONES  1519  BIOETICA  16:00 a 18:00 A 308  REYES GONZALEZ JOSE LUIS  1521  PSICODIAGNOSTICO I  12:00 a 15:00 A 312  12:00 a 15:00 A 310  MONJARÁS RODRÍGUEZ MARÍA TERESA  SE ASISTIRá A PRáCTICAS EN ESCENARIO LOS DíAS MARTES, EN EL CENTRO COMUNITARIO SAN LORENZO, A PARTIR DEL MES DE SEPTIEMBRE.  1522  TEORIA Y TECNICA DE LA ENTREVIS. I  08:00 a 10:00 A 002  08:00 a 10:00 A 002  PROFESOR PENDIENTE LA MATERIA SERá IMPARTIDA LOS DíAS LUNES POR LA LIC. CYNDI PAOLA JIMéNEZ CHáVEZ Y LOS JUEVES POR LA MTRA. BRENDA YENICAN CASTRO JERóNIMO.  Grupo 5410  CLAVE  ASIGNATURA  LUNES  MARTES  MIERCOLES  JUEVES  VIERNES  SABADO  PROFESOR  OBSERVACIONES  1520  METODOS Y TECNICAS DE INVESTIGAC.  16:00 a 18:00 A 304  PROFESOR PENDIENTE LA CLASE SERá IMPARTIDA POR EL DR. RICARDO TRUJILLO CORREA  1522  TEORIA Y TECNICA DE LA ENTREVIS. I  16:00 a 20:00 A 311  REYES GONZALEZ JOSE LUIS  Grupo 5411  CLAVE  ASIGNATURA  LUNES  MARTES  MIERCOLES  JUEVES  VIERNES  SABADO  PROFESOR  OBSERVACIONES  1520  METODOS Y TECNICAS DE INVESTIGAC.  14:00 a 16:00 A 105  PROFESOR PENDIENTE LA CLASE SERá IMPARTIDA POR LA MTRA. ARETA ORTEGA OROZCO  1521  PSICODIAGNOSTICO I  16:00 a 19:00 A 312  16:00 a 19:00 A 312  HERNANDEZ ESTRADA LIZBETH  LA PRáCTICA EN ESCENARIO SE LLEVARá A CABO LOS DíAS LUNES EN EL CENTRO COMUNITARIO DR. JULIáN MACGREGOR Y SáNCHEZ NAVARRO, A PARTIR DEL 14 DE SEPTIEMBRE.  1522  TEORIA Y TECNICA DE LA ENTREVIS. I  16:00 a 20:00 A 312  PROFESOR PENDIENTE LA CLASE SERá IMPARTIDA POR LA MTRA. DANIELA ITZEL PEñA GONZáLEZ  Grupo 5412  CLAVE  ASIGNATURA  LUNES  MARTES  MIERCOLES  JUEVES  VIERNES  SABADO  PROFESOR  OBSERVACIONES  1520  METODOS Y TECNICAS DE INVESTIGAC.  11:00 a 13:00 A 101  SUAREZ RODRIGUEZ KARLA  1521  PSICODIAGNOSTICO I  13:00 a 16:00 A 001  13:00 a 16:00 A 110  CHAPA ROMERO ANA CELIA  1522  TEORIA Y TECNICA DE LA ENTREVIS. I  08:00 a 10:00 A 312  08:00 a 10:00 A 312  ESPINOZA SALGADO FATIMA SAGRARIO PROFESOR PENDIENTE LA CLASE DE LOS LUNES SERá IMPARTIDA POR EL MTRO. JUAN MANUEL SANTIAGO MALDONADO Y LA DE LOS JUEVES POR LA DRA. FáTIMA SAGRARIO ESPINOZA SALGADO, QUIEN ADEMáS ESTARá A CARGO DE LA PRáCTICA EN ESCENARIO EN EL INSTITUTO NACIONAL DE PEDIATRíA  Grupo 5413  CLAVE  ASIGNATURA  LUNES  MARTES  MIERCOLES  JUEVES  VIERNES  SABADO  PROFESOR  OBSERVACIONES  1519  BIOETICA  17:00 a 19:00 A 310  REYES GONZALEZ JOSE LUIS  1520  METODOS Y TECNICAS DE INVESTIGAC.  18:00 a 20:00 A 102  RODRIGUEZ SERRANO AIDEE ELENA  1521  PSICODIAGNOSTICO I  15:00 a 18:00 A 003  15:00 a 18:00 A 309  HERNANDEZ TREJO LAURA AMADA  A PARTIR DE LA MITAD DEL SEMESTRE, LOS MIéRCOLES SE LLEVARáN A CABO PRáCTICAS EN EL CENTRO COMUNITARIO DR. JULIáN MACGREGOR Y SáNCHEZ NAVARRO.  1522  TEORIA Y TECNICA DE LA ENTREVIS. I  13:00 a 15:00 A 311  12:00 a 14:00 A 311  PROFESOR PENDIENTE LA CLASE SERá IMPARTIDA POR EL MTRO. ESTEBAN LEONARDO JIMéNEZ RIVARGOZA.  Grupo 5414  CLAVE  ASIGNATURA  LUNES  MARTES  MIERCOLES  JUEVES  VIERNES  SABADO  PROFESOR  OBSERVACIONES  1519  BIOETICA  10:00 a 12:00 A 312  PROFESOR PENDIENTE LA CLASE SERá IMPARTIDA POR LA DRA. CLAUDIA IVETHE JAEN CORTéS  1521  PSICODIAGNOSTICO I  16:00 a 19:00 A 001  16:00 a 19:00 A 101  PADILLA MARQUEZ XOCHITL BERENICE  1522  TEORIA Y TECNICA DE LA ENTREVIS. I  12:00 a 14:00 A 312  12:00 a 14:00 A 312  MACOUZET MENENDEZ BEATRIZ ALEJANDRA  LOS JUEVES SE LLEVARá A CABO LA PRáCTICA DE OBSERVACIóN EN CáMARA DE GESELL EN EL DáVILA (CáMARAS DEPI).  Grupo 5415  CLAVE  ASIGNATURA  LUNES  MARTES  MIERCOLES  JUEVES  VIERNES  SABADO  PROFESOR  OBSERVACIONES  1519  BIOETICA  17:00 a 19:00 A 308  DE LA VEGA MORALES ROCIO IVONNE  1520  METODOS Y TECNICAS DE INVESTIGAC.  15:00 a 17:00 A 108  DE LA VEGA MORALES ROCIO IVONNE  1521  PSICODIAGNOSTICO I  16:00 a 19:00 A 205  16:00 a 19:00 A 110  ACOSTA GALVAN SAMUEL HERNANDEZ ESTRADA LIZBETH  LOS LUNES SE IMPARTIRá LA CLASE PRáCTICA CON EL MTRO. SAMUEL ACOSTA GALVáN, Y LOS MIéRCOLES LA CLASE TEóRICA CON LA MTRA. LIZBETH HERNáNDEZ ESTRADA.  1522  TEORIA Y TECNICA DE LA ENTREVIS. I  17:00 a 19:00 A 308  17:00 a 19:00 A 001  MORALES CHAMBERT BRENDA CONCEPCION  LA PRáCTICA SE REALIZARá EN LAS CáMARAS DE GESELL DEL EDIFICIO D, A PARTIR DE OCTUBRE.  Grupo 5416  CLAVE  ASIGNATURA  LUNES  MARTES  MIERCOLES  JUEVES  VIERNES  SABADO  PROFESOR  OBSERVACIONES  1521  PSICODIAGNOSTICO I  16:00 a 19:00 A 308  16:00 a 19:00 A 001  RUÍZ GONZÁLEZ VERÓNICA  1522  TEORIA Y TECNICA DE LA ENTREVIS. I  17:00 a 19:00 A 311  17:00 a 19:00 A 102  PROFESOR PENDIENTE IMPARTIRáN LA ASIGNATURA LAS PROFESORAS: MTRA. SOFíA GUADALUPE RODRíGUEZ PAZ (TEORíA) Y LA MTRA. VIRIDIANA EGUíA MARTíNEZ (PRáCTICA)  Grupo 5417  CLAVE  ASIGNATURA  LUNES  MARTES  MIERCOLES  JUEVES  VIERNES  SABADO  PROFESOR  OBSERVACIONES  1519  BIOETICA  18:00 a 20:00 A 211  REYES GONZALEZ JOSE LUIS  1520  METODOS Y TECNICAS DE INVESTIGAC.  15:00 a 17:00 A 108  GONZALEZ ALCANTARA KARLA EDITH  1521  PSICODIAGNOSTICO I  11:00 a 14:00 Edif B Sal. Juntas  11:00 a 14:00 A 310  HERNANDEZ TREJO LAURA AMADA MONJARÁS RODRÍGUEZ MARÍA TERESA  LOS LUNES, LA DRA. HERNáNDEZ IMPARTIRá LA CLASE PRáCTICA EN EL COLEGIO AGUSTíN GARCíA CONDE A PARTIR DE LA MITAD DEL SEMESTRE, Y LOS MIéRCOLES LA DRA. MONJARáS ESTARá A CARGO DE LA CLASE TEóRICA.  1522  TEORIA Y TECNICA DE LA ENTREVIS. I  15:00 a 17:00 A 311  13:00 a 15:00 A 211  MORA GUTIERREZ GERARDO PROFESOR PENDIENTE LOS JUEVES, EL MTRO. JUAN MANUEL SANTIAGO MALDONADO IMPARTIRá LA CLASE PRáCTICA, Y LOS VIERNES EL DR. GERARDO MORA GUTIéRREZ ESTARá A CARGO DE LA CLASE TEóRICA.",,,,,,,,5to Semestre,PSICOLOGIA CLINICA Y DE LA SALUD
Grupo 5401,Grupo 5401,Grupo 5401,Grupo 5401,Grupo 5401,Grupo 5401,Grupo 5401,Grupo 5401,Grupo 5401,Grupo 5401,5to Semestre,PSICOLOGIA CLINICA Y DE LA SALUD
CLAVE,ASIGNATURA,LUNES,MARTES,MIERCOLES,JUEVES,VIERNES,SABADO,PROFESOR,OBSERVACIONES,5to Semestre,PSICOLOGIA CLINICA Y DE LA SALUD
1519,BIOETICA,,,,08:00 a 10:00 A 309,,,PEREZ AGUERO MARIA CRISTINA,,5to Semestre,PSICOLOGIA CLINICA Y DE LA SALUD
1520,METODOS Y TECNICAS DE INVESTIGAC.,,,,12:00 a 14:00 A 003,,,CUEVAS RENAUD CORINA MARGARITA,,5to Semestre,PSICOLOGIA CLINICA Y DE LA SALUD
1522,TEORIA Y TECNICA DE LA ENTREVIS. I,,,10:00 a 14:00 A 313,,,,YUSSIF ROFFE DALILA,,5to Semestre,PSICOLOGIA CLINICA Y DE LA SALUD
Grupo 5402,Grupo 5402,Grupo 5402,Grupo 5402,Grupo 5402,Grupo 5402,Grupo 5402,Grupo 5402,Grupo 5402,Grupo 5402,5to Semestre,PSICOLOGIA CLINICA Y DE LA SALUD
CLAVE,ASIGNATURA,LUNES,MARTES,MIERCOLES,JUEVES,VIERNES,SABADO,PROFESOR,OBSERVACIONES,5to Semestre,PSICOLOGIA CLINICA Y DE LA SALUD
1519,BIOETICA,,,,11:00 a 13:00 A 314,,,SOSA TORRALBA JANETT ESMERALDA,,5to Semestre,PSICOLOGIA CLINICA Y DE LA SALUD
1520,METODOS Y TECNICAS DE INVESTIGAC.,,,,14:00 a 16:00 Edif C Salon 2,,,PROFESOR PENDIENTE,IMPARTIRÃ¡ LA ASIGNATURA EL DR. RICARDO TRUJILLO CORREA,5to Semestre,PSICOLOGIA CLINICA Y DE LA SALUD
1521,PSICODIAGNOSTICO I,,08:00 a 11:00 A 302,,08:00 a 11:00 Edif C Salon 1,,,RUÍZ GONZÁLEZ VERÓNICA,,5to Semestre,PSICOLOGIA CLINICA Y DE LA SALUD
1522,TEORIA Y TECNICA DE LA ENTREVIS. I,,,15:00 a 19:00 A 313,,,,PROFESOR PENDIENTE,IMPARTIRá LA ASIGNATURA EL MTRO. ALEJANDRO AZUMA ÁVILA,5to Semestre,PSICOLOGIA CLINICA Y DE LA SALUD
Grupo 5403,Grupo 5403,Grupo 5403,Grupo 5403,Grupo 5403,Grupo 5403,Grupo 5403,Grupo 5403,Grupo 5403,Grupo 5403,5to Semestre,PSICOLOGIA CLINICA Y DE LA SALUD
CLAVE,ASIGNATURA,LUNES,MARTES,MIERCOLES,JUEVES,VIERNES,SABADO,PROFESOR,OBSERVACIONES,5to Semestre,PSICOLOGIA CLINICA Y DE LA SALUD
1519,BIOETICA,10:00 a 12:00 A 002,,,,,,PROFESOR PENDIENTE,IMPARTIRá LA ASIGNATURA EL DR. ALBERTO SEYLER MANCILLA,5to Semestre,PSICOLOGIA CLINICA Y DE LA SALUD
1520,METODOS Y TECNICAS DE INVESTIGAC.,,,,,10:00 a 12:00 A 308,,RAFFUL LOERA CLAUDIA MARGARITA,,5to Semestre,PSICOLOGIA CLINICA Y DE LA SALUD
1521,PSICODIAGNOSTICO I,,08:00 a 11:00 A 112,,10:00 a 13:00 A 205,,,PEREZ AGUERO MARIA CRISTINA,,5to Semestre,PSICOLOGIA CLINICA Y DE LA SALUD
1522,TEORIA Y TECNICA DE LA ENTREVIS. I,,,09:00 a 13:00 A 002,,,,MARTINEZ BASURTO AIME EDITH,PRáCTICA EN ESCENARIO EN EL INSTITUTO NACIONAL DE ENFERMEDADES RESPIRATORIAS. LAS PRIMERAS SESIONES SE REALIZARáN EN MODALIDAD EN LíNEA Y LA ASISTENCIA AL ESCENARIO COMENZARá A PARTIR DE SEPTIEMBRE.,5to Semestre,PSICOLOGIA CLINICA Y DE LA SALUD
Grupo 5404,Grupo 5404,Grupo 5404,Grupo 5404,Grupo 5404,Grupo 5404,Grupo 5404,Grupo 5404,Grupo 5404,Grupo 5404,5to Semestre,PSICOLOGIA CLINICA Y DE LA SALUD
CLAVE,ASIGNATURA,LUNES,MARTES,MIERCOLES,JUEVES,VIERNES,SABADO,PROFESOR,OBSERVACIONES,5to Semestre,PSICOLOGIA CLINICA Y DE LA SALUD
1520,METODOS Y TECNICAS DE INVESTIGAC.,,,,,10:00 a 12:00 Edif C Salon 2,,GUTIERREZ MARTINEZ ERIKA,,5to Semestre,PSICOLOGIA CLINICA Y DE LA SALUD
1521,PSICODIAGNOSTICO I,,10:00 a 13:00 A 113,,10:00 a 13:00 Edif C Salon 3,,,CHAVEZ MURGUIA ALEJANDRA,,5to Semestre,PSICOLOGIA CLINICA Y DE LA SALUD
1522,TEORIA Y TECNICA DE LA ENTREVIS. I,,,09:00 a 13:00 A 308,,,,LANDA RAMÍREZ EDGAR,PRáCTICA EN EL PROGRAMA PSICOLOGíA DE URGENCIAS DEL HOSPITAL GENERAL DR. MANUEL GEA GONZáLEZ. OBLIGATORIO CONTAR CON VACUNAS DE INFLUENZA Y COVID-19.,5to Semestre,PSICOLOGIA CLINICA Y DE LA SALUD
Grupo 5405,Grupo 5405,Grupo 5405,Grupo 5405,Grupo 5405,Grupo 5405,Grupo 5405,Grupo 5405,Grupo 5405,Grupo 5405,5to Semestre,PSICOLOGIA CLINICA Y DE LA SALUD
CLAVE,ASIGNATURA,LUNES,MARTES,MIERCOLES,JUEVES,VIERNES,SABADO,PROFESOR,OBSERVACIONES,5to Semestre,PSICOLOGIA CLINICA Y DE LA SALUD
1519,BIOETICA,,10:00 a 12:00 A 313,,,,,RAFFUL LOERA CLAUDIA MARGARITA,,5to Semestre,PSICOLOGIA CLINICA Y DE LA SALUD
1520,METODOS Y TECNICAS DE INVESTIGAC.,,,,09:00 a 11:00 A 001,,,SILVA GUTIERREZ CECILIA GUADALUPE,,5to Semestre,PSICOLOGIA CLINICA Y DE LA SALUD
1521,PSICODIAGNOSTICO I,08:00 a 11:00 B 17,,08:00 a 11:00 A 201,,,,BECERRIL PEREZ MARIA SANTOS,"PRáCTICA EN ESCENARIO LOS MIéRCOLES EN EL COLEGIO AGUSTíN GARCíA CONDE, A PARTIR DE LA MITAD DEL SEMESTRE.",5to Semestre,PSICOLOGIA CLINICA Y DE LA SALUD
1522,TEORIA Y TECNICA DE LA ENTREVIS. I,,12:00 a 14:00 A 211,12:00 a 14:00 A 312,,,,VALENZUELA VALLEJO JORGE ALFONSO,,5to Semestre,PSICOLOGIA CLINICA Y DE LA SALUD
Grupo 5406,Grupo 5406,Grupo 5406,Grupo 5406,Grupo 5406,Grupo 5406,Grupo 5406,Grupo 5406,Grupo 5406,Grupo 5406,5to Semestre,PSICOLOGIA CLINICA Y DE LA SALUD
CLAVE,ASIGNATURA,LUNES,MARTES,MIERCOLES,JUEVES,VIERNES,SABADO,PROFESOR,OBSERVACIONES,5to Semestre,PSICOLOGIA CLINICA Y DE LA SALUD
1519,BIOETICA,,10:00 a 12:00 A 201,,,,,PROFESOR PENDIENTE,IMPARTIRá LA ASIGNATURA LA DRA. CLAUDIA IVETHE JAEN CORTéS,5to Semestre,PSICOLOGIA CLINICA Y DE LA SALUD
1520,METODOS Y TECNICAS DE INVESTIGAC.,,,,09:00 a 11:00 A 101,,,SUAREZ RODRIGUEZ KARLA,,5to Semestre,PSICOLOGIA CLINICA Y DE LA SALUD
1521,PSICODIAGNOSTICO I,08:00 a 11:00 A 211,,08:00 a 11:00 A 314,,,,HERNANDEZ TREJO LAURA AMADA,"PRáCTICA EN ESCENARIO LOS MIéRCOLES EN EL COLEGIO AGUSTíN GARCíA CONDE, A MITAD DEL SEMESTRE.",5to Semestre,PSICOLOGIA CLINICA Y DE LA SALUD
1522,TEORIA Y TECNICA DE LA ENTREVIS. I,,12:00 a 14:00 A 301,,12:00 a 14:00 A 313,,,SOTO CRISTOBAL GABRIEL,,5to Semestre,PSICOLOGIA CLINICA Y DE LA SALUD
Grupo 5407,Grupo 5407,Grupo 5407,Grupo 5407,Grupo 5407,Grupo 5407,Grupo 5407,Grupo 5407,Grupo 5407,Grupo 5407,5to Semestre,PSICOLOGIA CLINICA Y DE LA SALUD
CLAVE,ASIGNATURA,LUNES,MARTES,MIERCOLES,JUEVES,VIERNES,SABADO,PROFESOR,OBSERVACIONES,5to Semestre,PSICOLOGIA CLINICA Y DE LA SALUD
1519,BIOETICA,,,10:00 a 12:00 A 312,,,,SOSA TORRALBA JANETT ESMERALDA,,5to Semestre,PSICOLOGIA CLINICA Y DE LA SALUD
1521,PSICODIAGNOSTICO I,,09:00 a 12:00 B 07,,09:00 a 12:00 B 07,,,SOMARRIBA ROCHA LAURA ANGELA,,5to Semestre,PSICOLOGIA CLINICA Y DE LA SALUD
1522,TEORIA Y TECNICA DE LA ENTREVIS. I,14:00 a 16:00 A 003,,14:00 a 16:00 A 003,,,,MEDINA GUTIERREZ MIGUEL ANGEL,,5to Semestre,PSICOLOGIA CLINICA Y DE LA SALUD
Grupo 5408,Grupo 5408,Grupo 5408,Grupo 5408,Grupo 5408,Grupo 5408,Grupo 5408,Grupo 5408,Grupo 5408,Grupo 5408,5to Semestre,PSICOLOGIA CLINICA Y DE LA SALUD
CLAVE,ASIGNATURA,LUNES,MARTES,MIERCOLES,JUEVES,VIERNES,SABADO,PROFESOR,OBSERVACIONES,5to Semestre,PSICOLOGIA CLINICA Y DE LA SALUD
1520,METODOS Y TECNICAS DE INVESTIGAC.,,,10:00 a 12:00 Edif C Salon 3,,,,RAFFUL LOERA CLAUDIA MARGARITA,,5to Semestre,PSICOLOGIA CLINICA Y DE LA SALUD
1521,PSICODIAGNOSTICO I,10:00 a 13:00 Edif C URIDES 1,,,09:00 a 12:00 A 102,,,VELEZ GARCIA ALICIA ELVIRA,LA CLASE SE IMPARTE CON ENFOQUE NEUROPSICOLóGICO,5to Semestre,PSICOLOGIA CLINICA Y DE LA SALUD
1522,TEORIA Y TECNICA DE LA ENTREVIS. I,,08:00 a 12:00 A 204,,,,,CERVANTES BAZAN KARLA ALEJANDRA,,5to Semestre,PSICOLOGIA CLINICA Y DE LA SALUD
Grupo 5409,Grupo 5409,Grupo 5409,Grupo 5409,Grupo 5409,Grupo 5409,Grupo 5409,Grupo 5409,Grupo 5409,Grupo 5409,5to Semestre,PSICOLOGIA CLINICA Y DE LA SALUD
CLAVE,ASIGNATURA,LUNES,MARTES,MIERCOLES,JUEVES,VIERNES,SABADO,PROFESOR,OBSERVACIONES,5to Semestre,PSICOLOGIA CLINICA Y DE LA SALUD
1519,BIOETICA,,,,16:00 a 18:00 A 308,,,REYES GONZALEZ JOSE LUIS,,5to Semestre,PSICOLOGIA CLINICA Y DE LA SALUD
1521,PSICODIAGNOSTICO I,,12:00 a 15:00 A 312,,12:00 a 15:00 A 310,,,MONJARÁS RODRÍGUEZ MARÍA TERESA,"SE ASISTIRá A PRáCTICAS EN ESCENARIO LOS DíAS MARTES, EN EL CENTRO COMUNITARIO SAN LORENZO, A PARTIR DEL MES DE SEPTIEMBRE.",5to Semestre,PSICOLOGIA CLINICA Y DE LA SALUD
1522,TEORIA Y TECNICA DE LA ENTREVIS. I,08:00 a 10:00 A 002,,,08:00 a 10:00 A 002,,,PROFESOR PENDIENTE,LA MATERIA SERá IMPARTIDA LOS DíAS LUNES POR LA LIC. CYNDI PAOLA JIMéNEZ CHáVEZ Y LOS JUEVES POR LA MTRA. BRENDA YENICAN CASTRO JERóNIMO.,5to Semestre,PSICOLOGIA CLINICA Y DE LA SALUD
Grupo 5410,Grupo 5410,Grupo 5410,Grupo 5410,Grupo 5410,Grupo 5410,Grupo 5410,Grupo 5410,Grupo 5410,Grupo 5410,5to Semestre,PSICOLOGIA CLINICA Y DE LA SALUD
CLAVE,ASIGNATURA,LUNES,MARTES,MIERCOLES,JUEVES,VIERNES,SABADO,PROFESOR,OBSERVACIONES,5to Semestre,PSICOLOGIA CLINICA Y DE LA SALUD
1520,METODOS Y TECNICAS DE INVESTIGAC.,,,,16:00 a 18:00 A 304,,,PROFESOR PENDIENTE,LA CLASE SERá IMPARTIDA POR EL DR. RICARDO TRUJILLO CORREA,5to Semestre,PSICOLOGIA CLINICA Y DE LA SALUD
1522,TEORIA Y TECNICA DE LA ENTREVIS. I,,,16:00 a 20:00 A 311,,,,REYES GONZALEZ JOSE LUIS,,5to Semestre,PSICOLOGIA CLINICA Y DE LA SALUD
Grupo 5411,Grupo 5411,Grupo 5411,Grupo 5411,Grupo 5411,Grupo 5411,Grupo 5411,Grupo 5411,Grupo 5411,Grupo 5411,5to Semestre,PSICOLOGIA CLINICA Y DE LA SALUD
CLAVE,ASIGNATURA,LUNES,MARTES,MIERCOLES,JUEVES,VIERNES,SABADO,PROFESOR,OBSERVACIONES,5to Semestre,PSICOLOGIA CLINICA Y DE LA SALUD
1520,METODOS Y TECNICAS DE INVESTIGAC.,,14:00 a 16:00 A 105,,,,,PROFESOR PENDIENTE,LA CLASE SERá IMPARTIDA POR LA MTRA. ARETA ORTEGA OROZCO,5to Semestre,PSICOLOGIA CLINICA Y DE LA SALUD
1521,PSICODIAGNOSTICO I,16:00 a 19:00 A 312,,,16:00 a 19:00 A 312,,,HERNANDEZ ESTRADA LIZBETH,"LA PRáCTICA EN ESCENARIO SE LLEVARá A CABO LOS DíAS LUNES EN EL CENTRO COMUNITARIO DR. JULIáN MACGREGOR Y SáNCHEZ NAVARRO, A PARTIR DEL 14 DE SEPTIEMBRE.",5to Semestre,PSICOLOGIA CLINICA Y DE LA SALUD
1522,TEORIA Y TECNICA DE LA ENTREVIS. I,,,16:00 a 20:00 A 312,,,,PROFESOR PENDIENTE,LA CLASE SERá IMPARTIDA POR LA MTRA. DANIELA ITZEL PEñA GONZáLEZ,5to Semestre,PSICOLOGIA CLINICA Y DE LA SALUD
Grupo 5412,Grupo 5412,Grupo 5412,Grupo 5412,Grupo 5412,Grupo 5412,Grupo 5412,Grupo 5412,Grupo 5412,Grupo 5412,5to Semestre,PSICOLOGIA CLINICA Y DE LA SALUD
CLAVE,ASIGNATURA,LUNES,MARTES,MIERCOLES,JUEVES,VIERNES,SABADO,PROFESOR,OBSERVACIONES,5to Semestre,PSICOLOGIA CLINICA Y DE LA SALUD
1520,METODOS Y TECNICAS DE INVESTIGAC.,,,,11:00 a 13:00 A 101,,,SUAREZ RODRIGUEZ KARLA,,5to Semestre,PSICOLOGIA CLINICA Y DE LA SALUD
1521,PSICODIAGNOSTICO I,13:00 a 16:00 A 001,,13:00 a 16:00 A 110,,,,CHAPA ROMERO ANA CELIA,,5to Semestre,PSICOLOGIA CLINICA Y DE LA SALUD
1522,TEORIA Y TECNICA DE LA ENTREVIS. I,08:00 a 10:00 A 312,,,08:00 a 10:00 A 312,,,ESPINOZA SALGADO FATIMA SAGRARIO PROFESOR PENDIENTE,"LA CLASE DE LOS LUNES SERá IMPARTIDA POR EL MTRO. JUAN MANUEL SANTIAGO MALDONADO Y LA DE LOS JUEVES POR LA DRA. FáTIMA SAGRARIO ESPINOZA SALGADO, QUIEN ADEMáS ESTARá A CARGO DE LA PRáCTICA EN ESCENARIO EN EL INSTITUTO NACIONAL DE PEDIATRíA",5to Semestre,PSICOLOGIA CLINICA Y DE LA SALUD
Grupo 5413,Grupo 5413,Grupo 5413,Grupo 5413,Grupo 5413,Grupo 5413,Grupo 5413,Grupo 5413,Grupo 5413,Grupo 5413,5to Semestre,PSICOLOGIA CLINICA Y DE LA SALUD
CLAVE,ASIGNATURA,LUNES,MARTES,MIERCOLES,JUEVES,VIERNES,SABADO,PROFESOR,OBSERVACIONES,5to Semestre,PSICOLOGIA CLINICA Y DE LA SALUD
1519,BIOETICA,17:00 a 19:00 A 310,,,,,,REYES GONZALEZ JOSE LUIS,,5to Semestre,PSICOLOGIA CLINICA Y DE LA SALUD
1520,METODOS Y TECNICAS DE INVESTIGAC.,,,18:00 a 20:00 A 102,,,,RODRIGUEZ SERRANO AIDEE ELENA,,5to Semestre,PSICOLOGIA CLINICA Y DE LA SALUD
1521,PSICODIAGNOSTICO I,,15:00 a 18:00 A 003,,15:00 a 18:00 A 309,,,HERNANDEZ TREJO LAURA AMADA,"A PARTIR DE LA MITAD DEL SEMESTRE, LOS MIéRCOLES SE LLEVARáN A CABO PRáCTICAS EN EL CENTRO COMUNITARIO DR. JULIáN MACGREGOR Y SáNCHEZ NAVARRO.",5to Semestre,PSICOLOGIA CLINICA Y DE LA SALUD
1522,TEORIA Y TECNICA DE LA ENTREVIS. I,,,,13:00 a 15:00 A 311,12:00 a 14:00 A 311,,PROFESOR PENDIENTE,LA CLASE SERá IMPARTIDA POR EL MTRO. ESTEBAN LEONARDO JIMéNEZ RIVARGOZA.,5to Semestre,PSICOLOGIA CLINICA Y DE LA SALUD
Grupo 5414,Grupo 5414,Grupo 5414,Grupo 5414,Grupo 5414,Grupo 5414,Grupo 5414,Grupo 5414,Grupo 5414,Grupo 5414,5to Semestre,PSICOLOGIA CLINICA Y DE LA SALUD
CLAVE,ASIGNATURA,LUNES,MARTES,MIERCOLES,JUEVES,VIERNES,SABADO,PROFESOR,OBSERVACIONES,5to Semestre,PSICOLOGIA CLINICA Y DE LA SALUD
1519,BIOETICA,,,,10:00 a 12:00 A 312,,,PROFESOR PENDIENTE,LA CLASE SERá IMPARTIDA POR LA DRA. CLAUDIA IVETHE JAEN CORTéS,5to Semestre,PSICOLOGIA CLINICA Y DE LA SALUD
1521,PSICODIAGNOSTICO I,16:00 a 19:00 A 001,,16:00 a 19:00 A 101,,,,PADILLA MARQUEZ XOCHITL BERENICE,,5to Semestre,PSICOLOGIA CLINICA Y DE LA SALUD
1522,TEORIA Y TECNICA DE LA ENTREVIS. I,,,,12:00 a 14:00 A 312,12:00 a 14:00 A 312,,MACOUZET MENENDEZ BEATRIZ ALEJANDRA,LOS JUEVES SE LLEVARá A CABO LA PRáCTICA DE OBSERVACIóN EN CáMARA DE GESELL EN EL DáVILA (CáMARAS DEPI).,5to Semestre,PSICOLOGIA CLINICA Y DE LA SALUD
Grupo 5415,Grupo 5415,Grupo 5415,Grupo 5415,Grupo 5415,Grupo 5415,Grupo 5415,Grupo 5415,Grupo 5415,Grupo 5415,5to Semestre,PSICOLOGIA CLINICA Y DE LA SALUD
CLAVE,ASIGNATURA,LUNES,MARTES,MIERCOLES,JUEVES,VIERNES,SABADO,PROFESOR,OBSERVACIONES,5to Semestre,PSICOLOGIA CLINICA Y DE LA SALUD
1519,BIOETICA,,,,,17:00 a 19:00 A 308,,DE LA VEGA MORALES ROCIO IVONNE,,5to Semestre,PSICOLOGIA CLINICA Y DE LA SALUD
1520,METODOS Y TECNICAS DE INVESTIGAC.,,,,,15:00 a 17:00 A 108,,DE LA VEGA MORALES ROCIO IVONNE,,5to Semestre,PSICOLOGIA CLINICA Y DE LA SALUD
1521,PSICODIAGNOSTICO I,16:00 a 19:00 A 205,,16:00 a 19:00 A 110,,,,ACOSTA GALVAN SAMUEL HERNANDEZ ESTRADA LIZBETH,"LOS LUNES SE IMPARTIRá LA CLASE PRáCTICA CON EL MTRO. SAMUEL ACOSTA GALVáN, Y LOS MIéRCOLES LA CLASE TEóRICA CON LA MTRA. LIZBETH HERNáNDEZ ESTRADA.",5to Semestre,PSICOLOGIA CLINICA Y DE LA SALUD
1522,TEORIA Y TECNICA DE LA ENTREVIS. I,,17:00 a 19:00 A 308,,17:00 a 19:00 A 001,,,MORALES CHAMBERT BRENDA CONCEPCION,"LA PRáCTICA SE REALIZARá EN LAS CáMARAS DE GESELL DEL EDIFICIO D, A PARTIR DE OCTUBRE.",5to Semestre,PSICOLOGIA CLINICA Y DE LA SALUD
Grupo 5416,Grupo 5416,Grupo 5416,Grupo 5416,Grupo 5416,Grupo 5416,Grupo 5416,Grupo 5416,Grupo 5416,Grupo 5416,5to Semestre,PSICOLOGIA CLINICA Y DE LA SALUD
CLAVE,ASIGNATURA,LUNES,MARTES,MIERCOLES,JUEVES,VIERNES,SABADO,PROFESOR,OBSERVACIONES,5to Semestre,PSICOLOGIA CLINICA Y DE LA SALUD
1521,PSICODIAGNOSTICO I,16:00 a 19:00 A 308,,16:00 a 19:00 A 001,,,,RUÍZ GONZÁLEZ VERÓNICA,,5to Semestre,PSICOLOGIA CLINICA Y DE LA SALUD
1522,TEORIA Y TECNICA DE LA ENTREVIS. I,,17:00 a 19:00 A 311,,17:00 a 19:00 A 102,,,PROFESOR PENDIENTE,IMPARTIRáN LA ASIGNATURA LAS PROFESORAS: MTRA. SOFíA GUADALUPE RODRíGUEZ PAZ (TEORíA) Y LA MTRA. VIRIDIANA EGUíA MARTíNEZ (PRáCTICA),5to Semestre,PSICOLOGIA CLINICA Y DE LA SALUD
Grupo 5417,Grupo 5417,Grupo 5417,Grupo 5417,Grupo 5417,Grupo 5417,Grupo 5417,Grupo 5417,Grupo 5417,Grupo 5417,5to Semestre,PSICOLOGIA CLINICA Y DE LA SALUD
CLAVE,ASIGNATURA,LUNES,MARTES,MIERCOLES,JUEVES,VIERNES,SABADO,PROFESOR,OBSERVACIONES,5to Semestre,PSICOLOGIA CLINICA Y DE LA SALUD
1519,BIOETICA,,,,18:00 a 20:00 A 211,,,REYES GONZALEZ JOSE LUIS,,5to Semestre,PSICOLOGIA CLINICA Y DE LA SALUD
1520,METODOS Y TECNICAS DE INVESTIGAC.,,,15:00 a 17:00 A 108,,,,GONZALEZ ALCANTARA KARLA EDITH,,5to Semestre,PSICOLOGIA CLINICA Y DE LA SALUD
1521,PSICODIAGNOSTICO I,11:00 a 14:00 Edif B Sal. Juntas,,11:00 a 14:00 A 310,,,,HERNANDEZ TREJO LAURA AMADA MONJARÁS RODRÍGUEZ MARÍA TERESA,"LOS LUNES, LA DRA. HERNáNDEZ IMPARTIRá LA CLASE PRáCTICA EN EL COLEGIO AGUSTíN GARCíA CONDE A PARTIR DE LA MITAD DEL SEMESTRE, Y LOS MIéRCOLES LA DRA. MONJARáS ESTARá A CARGO DE LA CLASE TEóRICA.",5to Semestre,PSICOLOGIA CLINICA Y DE LA SALUD
1522,TEORIA Y TECNICA DE LA ENTREVIS. I,,,,15:00 a 17:00 A 311,13:00 a 15:00 A 211,,MORA GUTIERREZ GERARDO PROFESOR PENDIENTE,"LOS JUEVES, EL MTRO. JUAN MANUEL SANTIAGO MALDONADO IMPARTIRá LA CLASE PRáCTICA, Y LOS VIERNES EL DR. GERARDO MORA GUTIéRREZ ESTARá A CARGO DE LA CLASE TEóRICA.",5to Semestre,PSICOLOGIA CLINICA Y DE LA SALUD
Selecciona el semestre a consultar  ----------- 1er Semestre 	3er Semestre 	5to Semestre 	7mo Semestre  OPTATIVAS DE GENERO (Plan 2008)  OPTATIVAS,Selecciona el tipo de busqueda  ----------- Grupo 	Asignatura,Selecciona el campo del conocimiento  ----------- CIENCIAS COGNITIVAS Y DEL COMPORTAMIENTO 	PROCESOS PSICOSOCIALES Y CULTURALES 	PSICOBIOLOGIA Y NEUROCIENCIAS 	PSICOLOGIA CLINICA Y DE LA SALUD 	PSICOLOGIA DE LA EDUCACION 	PSICOLOGIA ORGANIZACIONAL 	CONTEXTUAL,,,,,,,,5to Semestre,PSICOLOGIA DE LA EDUCACION
,,,,,,,,,,5to Semestre,PSICOLOGIA DE LA EDUCACION
,,,,,,,,,,5to Semestre,PSICOLOGIA DE LA EDUCACION
Grupo 5501  CLAVE  ASIGNATURA  LUNES  MARTES  MIERCOLES  JUEVES  VIERNES  SABADO  PROFESOR  OBSERVACIONES  1526  EVALUACION EDUCATIVA  10:00 a 13:00 A 301  RUBIO JIMENEZ ANA LUISA  1527  EVALUAC.EN PSICOLOG.DE LA EDUCAC.  09:00 a 14:00 Edif C URIDES 3  09:00 a 14:00 Edif C URIDES 3  ALATORRE RICO JAVIER  1528  PARADIGMAS PSICOLOG.EN LA EDUCAC.  11:00 a 14:00 A 205  CARLOS GUZMAN JOSE JESUS  1529  PROCESOS PSICOSOCIALES EN EL AULA  16:00 a 19:00 A 101  MURIA VILA IRENE DANIELA  Grupo 5502  CLAVE  ASIGNATURA  LUNES  MARTES  MIERCOLES  JUEVES  VIERNES  SABADO  PROFESOR  OBSERVACIONES  1526  EVALUACION EDUCATIVA  16:00 a 19:00 A 202  FIERRO LUNA FERNANDO  1527  EVALUAC.EN PSICOLOG.DE LA EDUCAC.  08:00 a 13:00 AULA PENDIENTE  08:00 a 13:00 AULA PENDIENTE  MORALES GARDUÑO CECILIA  1528  PARADIGMAS PSICOLOG.EN LA EDUCAC.  11:30 a 14:30 A 205  HERNANDEZ ROJAS GERARDO  1529  PROCESOS PSICOSOCIALES EN EL AULA  10:00 a 13:00 A 205  HERNANDEZ ROJAS GERARDO  Grupo 5503  CLAVE  ASIGNATURA  LUNES  MARTES  MIERCOLES  JUEVES  VIERNES  SABADO  PROFESOR  OBSERVACIONES  1526  EVALUACION EDUCATIVA  15:00 a 18:00 A 205  FIGUEROA CAMPOS MILAGROS  1527  EVALUAC.EN PSICOLOG.DE LA EDUCAC.  15:00 a 19:00 Edif C Salon 4  10:00 a 16:00 A 308  GONZALEZ DOMINGUEZ PAOLA INA  1528  PARADIGMAS PSICOLOG.EN LA EDUCAC.  09:00 a 12:00 A 201  HERNANDEZ QUINTERO JOSE  1529  PROCESOS PSICOSOCIALES EN EL AULA  11:00 a 14:00 A 205  LOPEZ BANDA EDMUNDO ANTONIO  Grupo 5504  CLAVE  ASIGNATURA  LUNES  MARTES  MIERCOLES  JUEVES  VIERNES  SABADO  PROFESOR  OBSERVACIONES  1526  EVALUACION EDUCATIVA  11:00 a 14:00 A 102  ROJAS FERNANDEZ GILDA TERESA  1527  EVALUAC.EN PSICOLOG.DE LA EDUCAC.  09:00 a 14:00 Edif C Salon 2  09:00 a 14:00 Edif C Salon 2  SAAD DAYAN ELISA  1529  PROCESOS PSICOSOCIALES EN EL AULA  10:00 a 13:00 A 210  MORALES BAUTISTA MARIA LUISA  Grupo 5505  CLAVE  ASIGNATURA  LUNES  MARTES  MIERCOLES  JUEVES  VIERNES  SABADO  PROFESOR  OBSERVACIONES  1526  EVALUACION EDUCATIVA  11:00 a 14:00 A 204  GARCIA VIGIL MARIA HORTENSIA  1528  PARADIGMAS PSICOLOG.EN LA EDUCAC.  11:30 a 14:30 A 201  MARTINEZ ROMERO RINA MARIA  1529  PROCESOS PSICOSOCIALES EN EL AULA  15:00 a 18:00 A 002  POLO MARTINEZ FERNANDO JAVIER  Grupo 5506  CLAVE  ASIGNATURA  LUNES  MARTES  MIERCOLES  JUEVES  VIERNES  SABADO  PROFESOR  OBSERVACIONES  1526  EVALUACION EDUCATIVA  11:00 a 14:00 A 204  CARLOS GUZMAN JOSE JESUS  1527  EVALUAC.EN PSICOLOG.DE LA EDUCAC.  17:00 a 20:00 A 204  17:00 a 20:00 A 311  10:00 a 14:00 A 311  GUTIERREZ BENJAMIN RAFAEL  1528  PARADIGMAS PSICOLOG.EN LA EDUCAC.  16:00 a 19:00 A 301  ZARAGOZA RESENDIZ TOMAS  1529  PROCESOS PSICOSOCIALES EN EL AULA  11:00 a 14:00 A 101  DIAZ BARRIGA ARCEO FRIDA  Grupo 5507  CLAVE  ASIGNATURA  LUNES  MARTES  MIERCOLES  JUEVES  VIERNES  SABADO  PROFESOR  OBSERVACIONES  1526  EVALUACION EDUCATIVA  15:00 a 18:00 A 002  ZARAGOZA RESENDIZ TOMAS  1527  EVALUAC.EN PSICOLOG.DE LA EDUCAC.  08:00 a 13:00 Edif B Sal. Juntas 2  08:00 a 13:00 AULA PENDIENTE  TRIGO CLAPES ANA LAURA  1528  PARADIGMAS PSICOLOG.EN LA EDUCAC.  16:00 a 19:00 A 301  RUBIO JIMENEZ ANA LUISA  Grupo 5508  CLAVE  ASIGNATURA  LUNES  MARTES  MIERCOLES  JUEVES  VIERNES  SABADO  PROFESOR  OBSERVACIONES  1527  EVALUAC.EN PSICOLOG.DE LA EDUCAC.  09:00 a 14:00 Edif C URIDES 1  09:00 a 14:00 Edif C URIDES 1  LOPEZ BANDA EDMUNDO ANTONIO  1528  PARADIGMAS PSICOLOG.EN LA EDUCAC.  08:00 a 11:00 A 302  TRIGO CLAPES ANA LAURA  Grupo 5509  CLAVE  ASIGNATURA  LUNES  MARTES  MIERCOLES  JUEVES  VIERNES  SABADO  PROFESOR  OBSERVACIONES  1527  EVALUAC.EN PSICOLOG.DE LA EDUCAC.  09:00 a 14:00 AULA PENDIENTE  09:00 a 14:00 AULA PENDIENTE  MORALES BAUTISTA MARIA LUISA  Grupo 5510  CLAVE  ASIGNATURA  LUNES  MARTES  MIERCOLES  JUEVES  VIERNES  SABADO  PROFESOR  OBSERVACIONES  1527  EVALUAC.EN PSICOLOG.DE LA EDUCAC.  09:00 a 14:00 AULA PENDIENTE  09:00 a 14:00 A 304  PROFESOR PENDIENTE LA ASIGNATURA ES IMPARTIDA POR LA DRA. NORMA GEORGINA DELGADO CERVANTES,Grupo 5501  CLAVE  ASIGNATURA  LUNES  MARTES  MIERCOLES  JUEVES  VIERNES  SABADO  PROFESOR  OBSERVACIONES  1526  EVALUACION EDUCATIVA  10:00 a 13:00 A 301  RUBIO JIMENEZ ANA LUISA  1527  EVALUAC.EN PSICOLOG.DE LA EDUCAC.  09:00 a 14:00 Edif C URIDES 3  09:00 a 14:00 Edif C URIDES 3  ALATORRE RICO JAVIER  1528  PARADIGMAS PSICOLOG.EN LA EDUCAC.  11:00 a 14:00 A 205  CARLOS GUZMAN JOSE JESUS  1529  PROCESOS PSICOSOCIALES EN EL AULA  16:00 a 19:00 A 101  MURIA VILA IRENE DANIELA  Grupo 5502  CLAVE  ASIGNATURA  LUNES  MARTES  MIERCOLES  JUEVES  VIERNES  SABADO  PROFESOR  OBSERVACIONES  1526  EVALUACION EDUCATIVA  16:00 a 19:00 A 202  FIERRO LUNA FERNANDO  1527  EVALUAC.EN PSICOLOG.DE LA EDUCAC.  08:00 a 13:00 AULA PENDIENTE  08:00 a 13:00 AULA PENDIENTE  MORALES GARDUÑO CECILIA  1528  PARADIGMAS PSICOLOG.EN LA EDUCAC.  11:30 a 14:30 A 205  HERNANDEZ ROJAS GERARDO  1529  PROCESOS PSICOSOCIALES EN EL AULA  10:00 a 13:00 A 205  HERNANDEZ ROJAS GERARDO  Grupo 5503  CLAVE  ASIGNATURA  LUNES  MARTES  MIERCOLES  JUEVES  VIERNES  SABADO  PROFESOR  OBSERVACIONES  1526  EVALUACION EDUCATIVA  15:00 a 18:00 A 205  FIGUEROA CAMPOS MILAGROS  1527  EVALUAC.EN PSICOLOG.DE LA EDUCAC.  15:00 a 19:00 Edif C Salon 4  10:00 a 16:00 A 308  GONZALEZ DOMINGUEZ PAOLA INA  1528  PARADIGMAS PSICOLOG.EN LA EDUCAC.  09:00 a 12:00 A 201  HERNANDEZ QUINTERO JOSE  1529  PROCESOS PSICOSOCIALES EN EL AULA  11:00 a 14:00 A 205  LOPEZ BANDA EDMUNDO ANTONIO  Grupo 5504  CLAVE  ASIGNATURA  LUNES  MARTES  MIERCOLES  JUEVES  VIERNES  SABADO  PROFESOR  OBSERVACIONES  1526  EVALUACION EDUCATIVA  11:00 a 14:00 A 102  ROJAS FERNANDEZ GILDA TERESA  1527  EVALUAC.EN PSICOLOG.DE LA EDUCAC.  09:00 a 14:00 Edif C Salon 2  09:00 a 14:00 Edif C Salon 2  SAAD DAYAN ELISA  1529  PROCESOS PSICOSOCIALES EN EL AULA  10:00 a 13:00 A 210  MORALES BAUTISTA MARIA LUISA  Grupo 5505  CLAVE  ASIGNATURA  LUNES  MARTES  MIERCOLES  JUEVES  VIERNES  SABADO  PROFESOR  OBSERVACIONES  1526  EVALUACION EDUCATIVA  11:00 a 14:00 A 204  GARCIA VIGIL MARIA HORTENSIA  1528  PARADIGMAS PSICOLOG.EN LA EDUCAC.  11:30 a 14:30 A 201  MARTINEZ ROMERO RINA MARIA  1529  PROCESOS PSICOSOCIALES EN EL AULA  15:00 a 18:00 A 002  POLO MARTINEZ FERNANDO JAVIER  Grupo 5506  CLAVE  ASIGNATURA  LUNES  MARTES  MIERCOLES  JUEVES  VIERNES  SABADO  PROFESOR  OBSERVACIONES  1526  EVALUACION EDUCATIVA  11:00 a 14:00 A 204  CARLOS GUZMAN JOSE JESUS  1527  EVALUAC.EN PSICOLOG.DE LA EDUCAC.  17:00 a 20:00 A 204  17:00 a 20:00 A 311  10:00 a 14:00 A 311  GUTIERREZ BENJAMIN RAFAEL  1528  PARADIGMAS PSICOLOG.EN LA EDUCAC.  16:00 a 19:00 A 301  ZARAGOZA RESENDIZ TOMAS  1529  PROCESOS PSICOSOCIALES EN EL AULA  11:00 a 14:00 A 101  DIAZ BARRIGA ARCEO FRIDA  Grupo 5507  CLAVE  ASIGNATURA  LUNES  MARTES  MIERCOLES  JUEVES  VIERNES  SABADO  PROFESOR  OBSERVACIONES  1526  EVALUACION EDUCATIVA  15:00 a 18:00 A 002  ZARAGOZA RESENDIZ TOMAS  1527  EVALUAC.EN PSICOLOG.DE LA EDUCAC.  08:00 a 13:00 Edif B Sal. Juntas 2  08:00 a 13:00 AULA PENDIENTE  TRIGO CLAPES ANA LAURA  1528  PARADIGMAS PSICOLOG.EN LA EDUCAC.  16:00 a 19:00 A 301  RUBIO JIMENEZ ANA LUISA  Grupo 5508  CLAVE  ASIGNATURA  LUNES  MARTES  MIERCOLES  JUEVES  VIERNES  SABADO  PROFESOR  OBSERVACIONES  1527  EVALUAC.EN PSICOLOG.DE LA EDUCAC.  09:00 a 14:00 Edif C URIDES 1  09:00 a 14:00 Edif C URIDES 1  LOPEZ BANDA EDMUNDO ANTONIO  1528  PARADIGMAS PSICOLOG.EN LA EDUCAC.  08:00 a 11:00 A 302  TRIGO CLAPES ANA LAURA  Grupo 5509  CLAVE  ASIGNATURA  LUNES  MARTES  MIERCOLES  JUEVES  VIERNES  SABADO  PROFESOR  OBSERVACIONES  1527  EVALUAC.EN PSICOLOG.DE LA EDUCAC.  09:00 a 14:00 AULA PENDIENTE  09:00 a 14:00 AULA PENDIENTE  MORALES BAUTISTA MARIA LUISA  Grupo 5510  CLAVE  ASIGNATURA  LUNES  MARTES  MIERCOLES  JUEVES  VIERNES  SABADO  PROFESOR  OBSERVACIONES  1527  EVALUAC.EN PSICOLOG.DE LA EDUCAC.  09:00 a 14:00 AULA PENDIENTE  09:00 a 14:00 A 304  PROFESOR PENDIENTE LA ASIGNATURA ES IMPARTIDA POR LA DRA. NORMA GEORGINA DELGADO CERVANTES,Grupo 5501  CLAVE  ASIGNATURA  LUNES  MARTES  MIERCOLES  JUEVES  VIERNES  SABADO  PROFESOR  OBSERVACIONES  1526  EVALUACION EDUCATIVA  10:00 a 13:00 A 301  RUBIO JIMENEZ ANA LUISA  1527  EVALUAC.EN PSICOLOG.DE LA EDUCAC.  09:00 a 14:00 Edif C URIDES 3  09:00 a 14:00 Edif C URIDES 3  ALATORRE RICO JAVIER  1528  PARADIGMAS PSICOLOG.EN LA EDUCAC.  11:00 a 14:00 A 205  CARLOS GUZMAN JOSE JESUS  1529  PROCESOS PSICOSOCIALES EN EL AULA  16:00 a 19:00 A 101  MURIA VILA IRENE DANIELA  Grupo 5502  CLAVE  ASIGNATURA  LUNES  MARTES  MIERCOLES  JUEVES  VIERNES  SABADO  PROFESOR  OBSERVACIONES  1526  EVALUACION EDUCATIVA  16:00 a 19:00 A 202  FIERRO LUNA FERNANDO  1527  EVALUAC.EN PSICOLOG.DE LA EDUCAC.  08:00 a 13:00 AULA PENDIENTE  08:00 a 13:00 AULA PENDIENTE  MORALES GARDUÑO CECILIA  1528  PARADIGMAS PSICOLOG.EN LA EDUCAC.  11:30 a 14:30 A 205  HERNANDEZ ROJAS GERARDO  1529  PROCESOS PSICOSOCIALES EN EL AULA  10:00 a 13:00 A 205  HERNANDEZ ROJAS GERARDO  Grupo 5503  CLAVE  ASIGNATURA  LUNES  MARTES  MIERCOLES  JUEVES  VIERNES  SABADO  PROFESOR  OBSERVACIONES  1526  EVALUACION EDUCATIVA  15:00 a 18:00 A 205  FIGUEROA CAMPOS MILAGROS  1527  EVALUAC.EN PSICOLOG.DE LA EDUCAC.  15:00 a 19:00 Edif C Salon 4  10:00 a 16:00 A 308  GONZALEZ DOMINGUEZ PAOLA INA  1528  PARADIGMAS PSICOLOG.EN LA EDUCAC.  09:00 a 12:00 A 201  HERNANDEZ QUINTERO JOSE  1529  PROCESOS PSICOSOCIALES EN EL AULA  11:00 a 14:00 A 205  LOPEZ BANDA EDMUNDO ANTONIO  Grupo 5504  CLAVE  ASIGNATURA  LUNES  MARTES  MIERCOLES  JUEVES  VIERNES  SABADO  PROFESOR  OBSERVACIONES  1526  EVALUACION EDUCATIVA  11:00 a 14:00 A 102  ROJAS FERNANDEZ GILDA TERESA  1527  EVALUAC.EN PSICOLOG.DE LA EDUCAC.  09:00 a 14:00 Edif C Salon 2  09:00 a 14:00 Edif C Salon 2  SAAD DAYAN ELISA  1529  PROCESOS PSICOSOCIALES EN EL AULA  10:00 a 13:00 A 210  MORALES BAUTISTA MARIA LUISA  Grupo 5505  CLAVE  ASIGNATURA  LUNES  MARTES  MIERCOLES  JUEVES  VIERNES  SABADO  PROFESOR  OBSERVACIONES  1526  EVALUACION EDUCATIVA  11:00 a 14:00 A 204  GARCIA VIGIL MARIA HORTENSIA  1528  PARADIGMAS PSICOLOG.EN LA EDUCAC.  11:30 a 14:30 A 201  MARTINEZ ROMERO RINA MARIA  1529  PROCESOS PSICOSOCIALES EN EL AULA  15:00 a 18:00 A 002  POLO MARTINEZ FERNANDO JAVIER  Grupo 5506  CLAVE  ASIGNATURA  LUNES  MARTES  MIERCOLES  JUEVES  VIERNES  SABADO  PROFESOR  OBSERVACIONES  1526  EVALUACION EDUCATIVA  11:00 a 14:00 A 204  CARLOS GUZMAN JOSE JESUS  1527  EVALUAC.EN PSICOLOG.DE LA EDUCAC.  17:00 a 20:00 A 204  17:00 a 20:00 A 311  10:00 a 14:00 A 311  GUTIERREZ BENJAMIN RAFAEL  1528  PARADIGMAS PSICOLOG.EN LA EDUCAC.  16:00 a 19:00 A 301  ZARAGOZA RESENDIZ TOMAS  1529  PROCESOS PSICOSOCIALES EN EL AULA  11:00 a 14:00 A 101  DIAZ BARRIGA ARCEO FRIDA  Grupo 5507  CLAVE  ASIGNATURA  LUNES  MARTES  MIERCOLES  JUEVES  VIERNES  SABADO  PROFESOR  OBSERVACIONES  1526  EVALUACION EDUCATIVA  15:00 a 18:00 A 002  ZARAGOZA RESENDIZ TOMAS  1527  EVALUAC.EN PSICOLOG.DE LA EDUCAC.  08:00 a 13:00 Edif B Sal. Juntas 2  08:00 a 13:00 AULA PENDIENTE  TRIGO CLAPES ANA LAURA  1528  PARADIGMAS PSICOLOG.EN LA EDUCAC.  16:00 a 19:00 A 301  RUBIO JIMENEZ ANA LUISA  Grupo 5508  CLAVE  ASIGNATURA  LUNES  MARTES  MIERCOLES  JUEVES  VIERNES  SABADO  PROFESOR  OBSERVACIONES  1527  EVALUAC.EN PSICOLOG.DE LA EDUCAC.  09:00 a 14:00 Edif C URIDES 1  09:00 a 14:00 Edif C URIDES 1  LOPEZ BANDA EDMUNDO ANTONIO  1528  PARADIGMAS PSICOLOG.EN LA EDUCAC.  08:00 a 11:00 A 302  TRIGO CLAPES ANA LAURA  Grupo 5509  CLAVE  ASIGNATURA  LUNES  MARTES  MIERCOLES  JUEVES  VIERNES  SABADO  PROFESOR  OBSERVACIONES  1527  EVALUAC.EN PSICOLOG.DE LA EDUCAC.  09:00 a 14:00 AULA PENDIENTE  09:00 a 14:00 AULA PENDIENTE  MORALES BAUTISTA MARIA LUISA  Grupo 5510  CLAVE  ASIGNATURA  LUNES  MARTES  MIERCOLES  JUEVES  VIERNES  SABADO  PROFESOR  OBSERVACIONES  1527  EVALUAC.EN PSICOLOG.DE LA EDUCAC.  09:00 a 14:00 AULA PENDIENTE  09:00 a 14:00 A 304  PROFESOR PENDIENTE LA ASIGNATURA ES IMPARTIDA POR LA DRA. NORMA GEORGINA DELGADO CERVANTES,,,,,,,,5to Semestre,PSICOLOGIA DE LA EDUCACION
Grupo 5501,Grupo 5501,Grupo 5501,Grupo 5501,Grupo 5501,Grupo 5501,Grupo 5501,Grupo 5501,Grupo 5501,Grupo 5501,5to Semestre,PSICOLOGIA DE LA EDUCACION
CLAVE,ASIGNATURA,LUNES,MARTES,MIERCOLES,JUEVES,VIERNES,SABADO,PROFESOR,OBSERVACIONES,5to Semestre,PSICOLOGIA DE LA EDUCACION
1526,EVALUACION EDUCATIVA,10:00 a 13:00 A 301,,,,,,RUBIO JIMENEZ ANA LUISA,,5to Semestre,PSICOLOGIA DE LA EDUCACION
1527,EVALUAC.EN PSICOLOG.DE LA EDUCAC.,,09:00 a 14:00 Edif C URIDES 3,,09:00 a 14:00 Edif C URIDES 3,,,ALATORRE RICO JAVIER,,5to Semestre,PSICOLOGIA DE LA EDUCACION
1528,PARADIGMAS PSICOLOG.EN LA EDUCAC.,,11:00 a 14:00 A 205,,,,,CARLOS GUZMAN JOSE JESUS,,5to Semestre,PSICOLOGIA DE LA EDUCACION
1529,PROCESOS PSICOSOCIALES EN EL AULA,16:00 a 19:00 A 101,,,,,,MURIA VILA IRENE DANIELA,,5to Semestre,PSICOLOGIA DE LA EDUCACION
Grupo 5502,Grupo 5502,Grupo 5502,Grupo 5502,Grupo 5502,Grupo 5502,Grupo 5502,Grupo 5502,Grupo 5502,Grupo 5502,5to Semestre,PSICOLOGIA DE LA EDUCACION
CLAVE,ASIGNATURA,LUNES,MARTES,MIERCOLES,JUEVES,VIERNES,SABADO,PROFESOR,OBSERVACIONES,5to Semestre,PSICOLOGIA DE LA EDUCACION
1526,EVALUACION EDUCATIVA,,16:00 a 19:00 A 202,,,,,FIERRO LUNA FERNANDO,,5to Semestre,PSICOLOGIA DE LA EDUCACION
1527,EVALUAC.EN PSICOLOG.DE LA EDUCAC.,,08:00 a 13:00 AULA PENDIENTE,,08:00 a 13:00 AULA PENDIENTE,,,MORALES GARDUÑO CECILIA,,5to Semestre,PSICOLOGIA DE LA EDUCACION
1528,PARADIGMAS PSICOLOG.EN LA EDUCAC.,,,11:30 a 14:30 A 205,,,,HERNANDEZ ROJAS GERARDO,,5to Semestre,PSICOLOGIA DE LA EDUCACION
1529,PROCESOS PSICOSOCIALES EN EL AULA,10:00 a 13:00 A 205,,,,,,HERNANDEZ ROJAS GERARDO,,5to Semestre,PSICOLOGIA DE LA EDUCACION
Grupo 5503,Grupo 5503,Grupo 5503,Grupo 5503,Grupo 5503,Grupo 5503,Grupo 5503,Grupo 5503,Grupo 5503,Grupo 5503,5to Semestre,PSICOLOGIA DE LA EDUCACION
CLAVE,ASIGNATURA,LUNES,MARTES,MIERCOLES,JUEVES,VIERNES,SABADO,PROFESOR,OBSERVACIONES,5to Semestre,PSICOLOGIA DE LA EDUCACION
1526,EVALUACION EDUCATIVA,,,15:00 a 18:00 A 205,,,,FIGUEROA CAMPOS MILAGROS,,5to Semestre,PSICOLOGIA DE LA EDUCACION
1527,EVALUAC.EN PSICOLOG.DE LA EDUCAC.,,15:00 a 19:00 Edif C Salon 4,,,,10:00 a 16:00 A 308,GONZALEZ DOMINGUEZ PAOLA INA,,5to Semestre,PSICOLOGIA DE LA EDUCACION
1528,PARADIGMAS PSICOLOG.EN LA EDUCAC.,09:00 a 12:00 A 201,,,,,,HERNANDEZ QUINTERO JOSE,,5to Semestre,PSICOLOGIA DE LA EDUCACION
1529,PROCESOS PSICOSOCIALES EN EL AULA,,,,,11:00 a 14:00 A 205,,LOPEZ BANDA EDMUNDO ANTONIO,,5to Semestre,PSICOLOGIA DE LA EDUCACION
Grupo 5504,Grupo 5504,Grupo 5504,Grupo 5504,Grupo 5504,Grupo 5504,Grupo 5504,Grupo 5504,Grupo 5504,Grupo 5504,5to Semestre,PSICOLOGIA DE LA EDUCACION
CLAVE,ASIGNATURA,LUNES,MARTES,MIERCOLES,JUEVES,VIERNES,SABADO,PROFESOR,OBSERVACIONES,5to Semestre,PSICOLOGIA DE LA EDUCACION
1526,EVALUACION EDUCATIVA,,,11:00 a 14:00 A 102,,,,ROJAS FERNANDEZ GILDA TERESA,,5to Semestre,PSICOLOGIA DE LA EDUCACION
1527,EVALUAC.EN PSICOLOG.DE LA EDUCAC.,,09:00 a 14:00 Edif C Salon 2,,09:00 a 14:00 Edif C Salon 2,,,SAAD DAYAN ELISA,,5to Semestre,PSICOLOGIA DE LA EDUCACION
1529,PROCESOS PSICOSOCIALES EN EL AULA,10:00 a 13:00 A 210,,,,,,MORALES BAUTISTA MARIA LUISA,,5to Semestre,PSICOLOGIA DE LA EDUCACION
Grupo 5505,Grupo 5505,Grupo 5505,Grupo 5505,Grupo 5505,Grupo 5505,Grupo 5505,Grupo 5505,Grupo 5505,Grupo 5505,5to Semestre,PSICOLOGIA DE LA EDUCACION
CLAVE,ASIGNATURA,LUNES,MARTES,MIERCOLES,JUEVES,VIERNES,SABADO,PROFESOR,OBSERVACIONES,5to Semestre,PSICOLOGIA DE LA EDUCACION
1526,EVALUACION EDUCATIVA,,,,11:00 a 14:00 A 204,,,GARCIA VIGIL MARIA HORTENSIA,,5to Semestre,PSICOLOGIA DE LA EDUCACION
1528,PARADIGMAS PSICOLOG.EN LA EDUCAC.,,,11:30 a 14:30 A 201,,,,MARTINEZ ROMERO RINA MARIA,,5to Semestre,PSICOLOGIA DE LA EDUCACION
1529,PROCESOS PSICOSOCIALES EN EL AULA,15:00 a 18:00 A 002,,,,,,POLO MARTINEZ FERNANDO JAVIER,,5to Semestre,PSICOLOGIA DE LA EDUCACION
Grupo 5506,Grupo 5506,Grupo 5506,Grupo 5506,Grupo 5506,Grupo 5506,Grupo 5506,Grupo 5506,Grupo 5506,Grupo 5506,5to Semestre,PSICOLOGIA DE LA EDUCACION
CLAVE,ASIGNATURA,LUNES,MARTES,MIERCOLES,JUEVES,VIERNES,SABADO,PROFESOR,OBSERVACIONES,5to Semestre,PSICOLOGIA DE LA EDUCACION
1526,EVALUACION EDUCATIVA,,,,,11:00 a 14:00 A 204,,CARLOS GUZMAN JOSE JESUS,,5to Semestre,PSICOLOGIA DE LA EDUCACION
1527,EVALUAC.EN PSICOLOG.DE LA EDUCAC.,,17:00 a 20:00 A 204,,17:00 a 20:00 A 311,,10:00 a 14:00 A 311,GUTIERREZ BENJAMIN RAFAEL,,5to Semestre,PSICOLOGIA DE LA EDUCACION
1528,PARADIGMAS PSICOLOG.EN LA EDUCAC.,,,16:00 a 19:00 A 301,,,,ZARAGOZA RESENDIZ TOMAS,,5to Semestre,PSICOLOGIA DE LA EDUCACION
1529,PROCESOS PSICOSOCIALES EN EL AULA,,,11:00 a 14:00 A 101,,,,DIAZ BARRIGA ARCEO FRIDA,,5to Semestre,PSICOLOGIA DE LA EDUCACION
Grupo 5507,Grupo 5507,Grupo 5507,Grupo 5507,Grupo 5507,Grupo 5507,Grupo 5507,Grupo 5507,Grupo 5507,Grupo 5507,5to Semestre,PSICOLOGIA DE LA EDUCACION
CLAVE,ASIGNATURA,LUNES,MARTES,MIERCOLES,JUEVES,VIERNES,SABADO,PROFESOR,OBSERVACIONES,5to Semestre,PSICOLOGIA DE LA EDUCACION
1526,EVALUACION EDUCATIVA,,,,,15:00 a 18:00 A 002,,ZARAGOZA RESENDIZ TOMAS,,5to Semestre,PSICOLOGIA DE LA EDUCACION
1527,EVALUAC.EN PSICOLOG.DE LA EDUCAC.,,08:00 a 13:00 Edif B Sal. Juntas 2,,08:00 a 13:00 AULA PENDIENTE,,,TRIGO CLAPES ANA LAURA,,5to Semestre,PSICOLOGIA DE LA EDUCACION
1528,PARADIGMAS PSICOLOG.EN LA EDUCAC.,16:00 a 19:00 A 301,,,,,,RUBIO JIMENEZ ANA LUISA,,5to Semestre,PSICOLOGIA DE LA EDUCACION
Grupo 5508,Grupo 5508,Grupo 5508,Grupo 5508,Grupo 5508,Grupo 5508,Grupo 5508,Grupo 5508,Grupo 5508,Grupo 5508,5to Semestre,PSICOLOGIA DE LA EDUCACION
CLAVE,ASIGNATURA,LUNES,MARTES,MIERCOLES,JUEVES,VIERNES,SABADO,PROFESOR,OBSERVACIONES,5to Semestre,PSICOLOGIA DE LA EDUCACION
1527,EVALUAC.EN PSICOLOG.DE LA EDUCAC.,,09:00 a 14:00 Edif C URIDES 1,,09:00 a 14:00 Edif C URIDES 1,,,LOPEZ BANDA EDMUNDO ANTONIO,,5to Semestre,PSICOLOGIA DE LA EDUCACION
1528,PARADIGMAS PSICOLOG.EN LA EDUCAC.,08:00 a 11:00 A 302,,,,,,TRIGO CLAPES ANA LAURA,,5to Semestre,PSICOLOGIA DE LA EDUCACION
Grupo 5509,Grupo 5509,Grupo 5509,Grupo 5509,Grupo 5509,Grupo 5509,Grupo 5509,Grupo 5509,Grupo 5509,Grupo 5509,5to Semestre,PSICOLOGIA DE LA EDUCACION
CLAVE,ASIGNATURA,LUNES,MARTES,MIERCOLES,JUEVES,VIERNES,SABADO,PROFESOR,OBSERVACIONES,5to Semestre,PSICOLOGIA DE LA EDUCACION
1527,EVALUAC.EN PSICOLOG.DE LA EDUCAC.,,09:00 a 14:00 AULA PENDIENTE,,09:00 a 14:00 AULA PENDIENTE,,,MORALES BAUTISTA MARIA LUISA,,5to Semestre,PSICOLOGIA DE LA EDUCACION
Grupo 5510,Grupo 5510,Grupo 5510,Grupo 5510,Grupo 5510,Grupo 5510,Grupo 5510,Grupo 5510,Grupo 5510,Grupo 5510,5to Semestre,PSICOLOGIA DE LA EDUCACION
CLAVE,ASIGNATURA,LUNES,MARTES,MIERCOLES,JUEVES,VIERNES,SABADO,PROFESOR,OBSERVACIONES,5to Semestre,PSICOLOGIA DE LA EDUCACION
1527,EVALUAC.EN PSICOLOG.DE LA EDUCAC.,,09:00 a 14:00 AULA PENDIENTE,,09:00 a 14:00 A 304,,,PROFESOR PENDIENTE,LA ASIGNATURA ES IMPARTIDA POR LA DRA. NORMA GEORGINA DELGADO CERVANTES,5to Semestre,PSICOLOGIA DE LA EDUCACION
Selecciona el semestre a consultar  ----------- 1er Semestre 	3er Semestre 	5to Semestre 	7mo Semestre  OPTATIVAS DE GENERO (Plan 2008)  OPTATIVAS,Selecciona el tipo de busqueda  ----------- Grupo 	Asignatura,Selecciona el campo del conocimiento  ----------- CIENCIAS COGNITIVAS Y DEL COMPORTAMIENTO 	PROCESOS PSICOSOCIALES Y CULTURALES 	PSICOBIOLOGIA Y NEUROCIENCIAS 	PSICOLOGIA CLINICA Y DE LA SALUD 	PSICOLOGIA DE LA EDUCACION 	PSICOLOGIA ORGANIZACIONAL 	CONTEXTUAL,,,,,,,,5to Semestre,PSICOLOGIA ORGANIZACIONAL
,,,,,,,,,,5to Semestre,PSICOLOGIA ORGANIZACIONAL
,,,,,,,,,,5to Semestre,PSICOLOGIA ORGANIZACIONAL
"Grupo 5601  CLAVE  ASIGNATURA  LUNES  MARTES  MIERCOLES  JUEVES  VIERNES  SABADO  PROFESOR  OBSERVACIONES  1523  CAPACITAC.Y DESARR.DE PERSONAL I  10:00 a 13:00 A 110  10:00 a 13:00 A 110  MARTINEZ MEJIA EMMANUEL  LA ASIGNATURA SERá IMPARTIDA POR DR. EMMANUEL MARTíNEZ MEJíA Y EL LIC. OSVALDO VáZQUEZ PICHARDO.  1524  CONDUCTA ORGANIZAC.Y ADMINISTRAC.  09:00 a 12:00 A 114  LOZADA VAZQUEZ RICARDO ALBERTO  1525  SEGURID,HIGIEN.Y AMBIENT.D TRABAJO  08:00 a 13:00 A 001  ONGAY VALLE MIRNA ROCIO  Grupo 5602  CLAVE  ASIGNATURA  LUNES  MARTES  MIERCOLES  JUEVES  VIERNES  SABADO  PROFESOR  OBSERVACIONES  1523  CAPACITAC.Y DESARR.DE PERSONAL I  12:00 a 15:00 A 108  12:00 a 15:00 A 108  SOUZA COLIN ERIKA  1524  CONDUCTA ORGANIZAC.Y ADMINISTRAC.  11:00 a 14:00 A 101  LOZADA VAZQUEZ RICARDO ALBERTO  Grupo 5603  CLAVE  ASIGNATURA  LUNES  MARTES  MIERCOLES  JUEVES  VIERNES  SABADO  PROFESOR  OBSERVACIONES  1523  CAPACITAC.Y DESARR.DE PERSONAL I  09:00 a 15:00 A 101  MARTINEZ MEJIA EMMANUEL  LA ASIGNATURA SERá IMPARTIDA POR DR. EMMANUEL MARTíNEZ MEJíA Y EL DR. MIGUEL ALEJANDRO VILLAVICENCIO CARRANZA (UNA HORA)  1524  CONDUCTA ORGANIZAC.Y ADMINISTRAC.  07:00 a 10:00 A 314  MUÑOZ PERTIERRA MERCEDES XOCHITL  1525  SEGURID,HIGIEN.Y AMBIENT.D TRABAJO  11:00 a 14:00 AULA PENDIENTE  12:00 a 14:00 A 102  GARCIA SAISO ALEJANDRA  EL AULA ASIGNADA A LOS MARTES DE 11 A 14 - AULA ASIGNADA A102  Grupo 5604  CLAVE  ASIGNATURA  LUNES  MARTES  MIERCOLES  JUEVES  VIERNES  SABADO  PROFESOR  OBSERVACIONES  1524  CONDUCTA ORGANIZAC.Y ADMINISTRAC.  11:00 a 14:00 A 202  LOZADA VAZQUEZ RICARDO ALBERTO  1525  SEGURID,HIGIEN.Y AMBIENT.D TRABAJO  08:00 a 13:00 A 301  ONGAY VALLE MIRNA ROCIO  Grupo 5605  CLAVE  ASIGNATURA  LUNES  MARTES  MIERCOLES  JUEVES  VIERNES  SABADO  PROFESOR  OBSERVACIONES  1524  CONDUCTA ORGANIZAC.Y ADMINISTRAC.  07:00 a 10:00 A 106  MUÑOZ PERTIERRA MERCEDES XOCHITL  Grupo 5606  CLAVE  ASIGNATURA  LUNES  MARTES  MIERCOLES  JUEVES  VIERNES  SABADO  PROFESOR  OBSERVACIONES  1524  CONDUCTA ORGANIZAC.Y ADMINISTRAC.  10:00 a 13:00 Edif C Salon 2  MUÑOZ PERTIERRA MERCEDES XOCHITL  Grupo 5607  CLAVE  ASIGNATURA  LUNES  MARTES  MIERCOLES  JUEVES  VIERNES  SABADO  PROFESOR  OBSERVACIONES  1524  CONDUCTA ORGANIZAC.Y ADMINISTRAC.  11:00 a 14:00 A 106  VILLAVICENCIO AYUB ERIKA ROSALIA  Grupo 5608  CLAVE  ASIGNATURA  LUNES  MARTES  MIERCOLES  JUEVES  VIERNES  SABADO  PROFESOR  OBSERVACIONES  1524  CONDUCTA ORGANIZAC.Y ADMINISTRAC.  16:00 a 19:00 A 302  PROFESOR PENDIENTE LA ASIGNATURA SERá IMPARTIDA POR LA MTRA. ABIGAIL PéREZ AGUILAR  Grupo 5609  CLAVE  ASIGNATURA  LUNES  MARTES  MIERCOLES  JUEVES  VIERNES  SABADO  PROFESOR  OBSERVACIONES  1523  CAPACITAC.Y DESARR.DE PERSONAL I  17:00 a 20:00 A 101  17:00 a 20:00 A 101  ESLAVA GUEVARA ADELINA  1525  SEGURID,HIGIEN.Y AMBIENT.D TRABAJO  16:00 a 19:00 A 102  16:00 a 18:00 A 102  GARCIA SAISO ALEJANDRA  Grupo 5610  CLAVE  ASIGNATURA  LUNES  MARTES  MIERCOLES  JUEVES  VIERNES  SABADO  PROFESOR  OBSERVACIONES  1523  CAPACITAC.Y DESARR.DE PERSONAL I  14:00 a 17:00 A 101  14:00 a 17:00 A 101  MARTINEZ MEJIA EMMANUEL  LA ASIGNATURA SERá IMPARTIDA POR DR. EMMANUEL MARTíNEZ MEJíA Y MTRA. JULIA CONCHA GAONA  1525  SEGURID,HIGIEN.Y AMBIENT.D TRABAJO  17:00 a 20:00 A 104  17:00 a 19:00 A 108  RIVERA GARCIA JORGE LUIS  Grupo 5611  CLAVE  ASIGNATURA  LUNES  MARTES  MIERCOLES  JUEVES  VIERNES  SABADO  PROFESOR  OBSERVACIONES  1525  SEGURID,HIGIEN.Y AMBIENT.D TRABAJO  14:00 a 17:00 A 205  15:00 a 17:00 A 301  RIVERA GARCIA JORGE LUIS  Grupo 5612  CLAVE  ASIGNATURA  LUNES  MARTES  MIERCOLES  JUEVES  VIERNES  SABADO  PROFESOR  OBSERVACIONES  1524  CONDUCTA ORGANIZAC.Y ADMINISTRAC.  17:00 a 20:00 A 302  SERRANO GARCIA VICTOR","Grupo 5601  CLAVE  ASIGNATURA  LUNES  MARTES  MIERCOLES  JUEVES  VIERNES  SABADO  PROFESOR  OBSERVACIONES  1523  CAPACITAC.Y DESARR.DE PERSONAL I  10:00 a 13:00 A 110  10:00 a 13:00 A 110  MARTINEZ MEJIA EMMANUEL  LA ASIGNATURA SERá IMPARTIDA POR DR. EMMANUEL MARTíNEZ MEJíA Y EL LIC. OSVALDO VáZQUEZ PICHARDO.  1524  CONDUCTA ORGANIZAC.Y ADMINISTRAC.  09:00 a 12:00 A 114  LOZADA VAZQUEZ RICARDO ALBERTO  1525  SEGURID,HIGIEN.Y AMBIENT.D TRABAJO  08:00 a 13:00 A 001  ONGAY VALLE MIRNA ROCIO  Grupo 5602  CLAVE  ASIGNATURA  LUNES  MARTES  MIERCOLES  JUEVES  VIERNES  SABADO  PROFESOR  OBSERVACIONES  1523  CAPACITAC.Y DESARR.DE PERSONAL I  12:00 a 15:00 A 108  12:00 a 15:00 A 108  SOUZA COLIN ERIKA  1524  CONDUCTA ORGANIZAC.Y ADMINISTRAC.  11:00 a 14:00 A 101  LOZADA VAZQUEZ RICARDO ALBERTO  Grupo 5603  CLAVE  ASIGNATURA  LUNES  MARTES  MIERCOLES  JUEVES  VIERNES  SABADO  PROFESOR  OBSERVACIONES  1523  CAPACITAC.Y DESARR.DE PERSONAL I  09:00 a 15:00 A 101  MARTINEZ MEJIA EMMANUEL  LA ASIGNATURA SERá IMPARTIDA POR DR. EMMANUEL MARTíNEZ MEJíA Y EL DR. MIGUEL ALEJANDRO VILLAVICENCIO CARRANZA (UNA HORA)  1524  CONDUCTA ORGANIZAC.Y ADMINISTRAC.  07:00 a 10:00 A 314  MUÑOZ PERTIERRA MERCEDES XOCHITL  1525  SEGURID,HIGIEN.Y AMBIENT.D TRABAJO  11:00 a 14:00 AULA PENDIENTE  12:00 a 14:00 A 102  GARCIA SAISO ALEJANDRA  EL AULA ASIGNADA A LOS MARTES DE 11 A 14 - AULA ASIGNADA A102  Grupo 5604  CLAVE  ASIGNATURA  LUNES  MARTES  MIERCOLES  JUEVES  VIERNES  SABADO  PROFESOR  OBSERVACIONES  1524  CONDUCTA ORGANIZAC.Y ADMINISTRAC.  11:00 a 14:00 A 202  LOZADA VAZQUEZ RICARDO ALBERTO  1525  SEGURID,HIGIEN.Y AMBIENT.D TRABAJO  08:00 a 13:00 A 301  ONGAY VALLE MIRNA ROCIO  Grupo 5605  CLAVE  ASIGNATURA  LUNES  MARTES  MIERCOLES  JUEVES  VIERNES  SABADO  PROFESOR  OBSERVACIONES  1524  CONDUCTA ORGANIZAC.Y ADMINISTRAC.  07:00 a 10:00 A 106  MUÑOZ PERTIERRA MERCEDES XOCHITL  Grupo 5606  CLAVE  ASIGNATURA  LUNES  MARTES  MIERCOLES  JUEVES  VIERNES  SABADO  PROFESOR  OBSERVACIONES  1524  CONDUCTA ORGANIZAC.Y ADMINISTRAC.  10:00 a 13:00 Edif C Salon 2  MUÑOZ PERTIERRA MERCEDES XOCHITL  Grupo 5607  CLAVE  ASIGNATURA  LUNES  MARTES  MIERCOLES  JUEVES  VIERNES  SABADO  PROFESOR  OBSERVACIONES  1524  CONDUCTA ORGANIZAC.Y ADMINISTRAC.  11:00 a 14:00 A 106  VILLAVICENCIO AYUB ERIKA ROSALIA  Grupo 5608  CLAVE  ASIGNATURA  LUNES  MARTES  MIERCOLES  JUEVES  VIERNES  SABADO  PROFESOR  OBSERVACIONES  1524  CONDUCTA ORGANIZAC.Y ADMINISTRAC.  16:00 a 19:00 A 302  PROFESOR PENDIENTE LA ASIGNATURA SERá IMPARTIDA POR LA MTRA. ABIGAIL PéREZ AGUILAR  Grupo 5609  CLAVE  ASIGNATURA  LUNES  MARTES  MIERCOLES  JUEVES  VIERNES  SABADO  PROFESOR  OBSERVACIONES  1523  CAPACITAC.Y DESARR.DE PERSONAL I  17:00 a 20:00 A 101  17:00 a 20:00 A 101  ESLAVA GUEVARA ADELINA  1525  SEGURID,HIGIEN.Y AMBIENT.D TRABAJO  16:00 a 19:00 A 102  16:00 a 18:00 A 102  GARCIA SAISO ALEJANDRA  Grupo 5610  CLAVE  ASIGNATURA  LUNES  MARTES  MIERCOLES  JUEVES  VIERNES  SABADO  PROFESOR  OBSERVACIONES  1523  CAPACITAC.Y DESARR.DE PERSONAL I  14:00 a 17:00 A 101  14:00 a 17:00 A 101  MARTINEZ MEJIA EMMANUEL  LA ASIGNATURA SERá IMPARTIDA POR DR. EMMANUEL MARTíNEZ MEJíA Y MTRA. JULIA CONCHA GAONA  1525  SEGURID,HIGIEN.Y AMBIENT.D TRABAJO  17:00 a 20:00 A 104  17:00 a 19:00 A 108  RIVERA GARCIA JORGE LUIS  Grupo 5611  CLAVE  ASIGNATURA  LUNES  MARTES  MIERCOLES  JUEVES  VIERNES  SABADO  PROFESOR  OBSERVACIONES  1525  SEGURID,HIGIEN.Y AMBIENT.D TRABAJO  14:00 a 17:00 A 205  15:00 a 17:00 A 301  RIVERA GARCIA JORGE LUIS  Grupo 5612  CLAVE  ASIGNATURA  LUNES  MARTES  MIERCOLES  JUEVES  VIERNES  SABADO  PROFESOR  OBSERVACIONES  1524  CONDUCTA ORGANIZAC.Y ADMINISTRAC.  17:00 a 20:00 A 302  SERRANO GARCIA VICTOR","Grupo 5601  CLAVE  ASIGNATURA  LUNES  MARTES  MIERCOLES  JUEVES  VIERNES  SABADO  PROFESOR  OBSERVACIONES  1523  CAPACITAC.Y DESARR.DE PERSONAL I  10:00 a 13:00 A 110  10:00 a 13:00 A 110  MARTINEZ MEJIA EMMANUEL  LA ASIGNATURA SERá IMPARTIDA POR DR. EMMANUEL MARTíNEZ MEJíA Y EL LIC. OSVALDO VáZQUEZ PICHARDO.  1524  CONDUCTA ORGANIZAC.Y ADMINISTRAC.  09:00 a 12:00 A 114  LOZADA VAZQUEZ RICARDO ALBERTO  1525  SEGURID,HIGIEN.Y AMBIENT.D TRABAJO  08:00 a 13:00 A 001  ONGAY VALLE MIRNA ROCIO  Grupo 5602  CLAVE  ASIGNATURA  LUNES  MARTES  MIERCOLES  JUEVES  VIERNES  SABADO  PROFESOR  OBSERVACIONES  1523  CAPACITAC.Y DESARR.DE PERSONAL I  12:00 a 15:00 A 108  12:00 a 15:00 A 108  SOUZA COLIN ERIKA  1524  CONDUCTA ORGANIZAC.Y ADMINISTRAC.  11:00 a 14:00 A 101  LOZADA VAZQUEZ RICARDO ALBERTO  Grupo 5603  CLAVE  ASIGNATURA  LUNES  MARTES  MIERCOLES  JUEVES  VIERNES  SABADO  PROFESOR  OBSERVACIONES  1523  CAPACITAC.Y DESARR.DE PERSONAL I  09:00 a 15:00 A 101  MARTINEZ MEJIA EMMANUEL  LA ASIGNATURA SERá IMPARTIDA POR DR. EMMANUEL MARTíNEZ MEJíA Y EL DR. MIGUEL ALEJANDRO VILLAVICENCIO CARRANZA (UNA HORA)  1524  CONDUCTA ORGANIZAC.Y ADMINISTRAC.  07:00 a 10:00 A 314  MUÑOZ PERTIERRA MERCEDES XOCHITL  1525  SEGURID,HIGIEN.Y AMBIENT.D TRABAJO  11:00 a 14:00 AULA PENDIENTE  12:00 a 14:00 A 102  GARCIA SAISO ALEJANDRA  EL AULA ASIGNADA A LOS MARTES DE 11 A 14 - AULA ASIGNADA A102  Grupo 5604  CLAVE  ASIGNATURA  LUNES  MARTES  MIERCOLES  JUEVES  VIERNES  SABADO  PROFESOR  OBSERVACIONES  1524  CONDUCTA ORGANIZAC.Y ADMINISTRAC.  11:00 a 14:00 A 202  LOZADA VAZQUEZ RICARDO ALBERTO  1525  SEGURID,HIGIEN.Y AMBIENT.D TRABAJO  08:00 a 13:00 A 301  ONGAY VALLE MIRNA ROCIO  Grupo 5605  CLAVE  ASIGNATURA  LUNES  MARTES  MIERCOLES  JUEVES  VIERNES  SABADO  PROFESOR  OBSERVACIONES  1524  CONDUCTA ORGANIZAC.Y ADMINISTRAC.  07:00 a 10:00 A 106  MUÑOZ PERTIERRA MERCEDES XOCHITL  Grupo 5606  CLAVE  ASIGNATURA  LUNES  MARTES  MIERCOLES  JUEVES  VIERNES  SABADO  PROFESOR  OBSERVACIONES  1524  CONDUCTA ORGANIZAC.Y ADMINISTRAC.  10:00 a 13:00 Edif C Salon 2  MUÑOZ PERTIERRA MERCEDES XOCHITL  Grupo 5607  CLAVE  ASIGNATURA  LUNES  MARTES  MIERCOLES  JUEVES  VIERNES  SABADO  PROFESOR  OBSERVACIONES  1524  CONDUCTA ORGANIZAC.Y ADMINISTRAC.  11:00 a 14:00 A 106  VILLAVICENCIO AYUB ERIKA ROSALIA  Grupo 5608  CLAVE  ASIGNATURA  LUNES  MARTES  MIERCOLES  JUEVES  VIERNES  SABADO  PROFESOR  OBSERVACIONES  1524  CONDUCTA ORGANIZAC.Y ADMINISTRAC.  16:00 a 19:00 A 302  PROFESOR PENDIENTE LA ASIGNATURA SERá IMPARTIDA POR LA MTRA. ABIGAIL PéREZ AGUILAR  Grupo 5609  CLAVE  ASIGNATURA  LUNES  MARTES  MIERCOLES  JUEVES  VIERNES  SABADO  PROFESOR  OBSERVACIONES  1523  CAPACITAC.Y DESARR.DE PERSONAL I  17:00 a 20:00 A 101  17:00 a 20:00 A 101  ESLAVA GUEVARA ADELINA  1525  SEGURID,HIGIEN.Y AMBIENT.D TRABAJO  16:00 a 19:00 A 102  16:00 a 18:00 A 102  GARCIA SAISO ALEJANDRA  Grupo 5610  CLAVE  ASIGNATURA  LUNES  MARTES  MIERCOLES  JUEVES  VIERNES  SABADO  PROFESOR  OBSERVACIONES  1523  CAPACITAC.Y DESARR.DE PERSONAL I  14:00 a 17:00 A 101  14:00 a 17:00 A 101  MARTINEZ MEJIA EMMANUEL  LA ASIGNATURA SERá IMPARTIDA POR DR. EMMANUEL MARTíNEZ MEJíA Y MTRA. JULIA CONCHA GAONA  1525  SEGURID,HIGIEN.Y AMBIENT.D TRABAJO  17:00 a 20:00 A 104  17:00 a 19:00 A 108  RIVERA GARCIA JORGE LUIS  Grupo 5611  CLAVE  ASIGNATURA  LUNES  MARTES  MIERCOLES  JUEVES  VIERNES  SABADO  PROFESOR  OBSERVACIONES  1525  SEGURID,HIGIEN.Y AMBIENT.D TRABAJO  14:00 a 17:00 A 205  15:00 a 17:00 A 301  RIVERA GARCIA JORGE LUIS  Grupo 5612  CLAVE  ASIGNATURA  LUNES  MARTES  MIERCOLES  JUEVES  VIERNES  SABADO  PROFESOR  OBSERVACIONES  1524  CONDUCTA ORGANIZAC.Y ADMINISTRAC.  17:00 a 20:00 A 302  SERRANO GARCIA VICTOR",,,,,,,,5to Semestre,PSICOLOGIA ORGANIZACIONAL
Grupo 5601,Grupo 5601,Grupo 5601,Grupo 5601,Grupo 5601,Grupo 5601,Grupo 5601,Grupo 5601,Grupo 5601,Grupo 5601,5to Semestre,PSICOLOGIA ORGANIZACIONAL
CLAVE,ASIGNATURA,LUNES,MARTES,MIERCOLES,JUEVES,VIERNES,SABADO,PROFESOR,OBSERVACIONES,5to Semestre,PSICOLOGIA ORGANIZACIONAL
1523,CAPACITAC.Y DESARR.DE PERSONAL I,,10:00 a 13:00 A 110,,10:00 a 13:00 A 110,,,MARTINEZ MEJIA EMMANUEL,LA ASIGNATURA SERá IMPARTIDA POR DR. EMMANUEL MARTíNEZ MEJíA Y EL LIC. OSVALDO VáZQUEZ PICHARDO.,5to Semestre,PSICOLOGIA ORGANIZACIONAL
1524,CONDUCTA ORGANIZAC.Y ADMINISTRAC.,,,09:00 a 12:00 A 114,,,,LOZADA VAZQUEZ RICARDO ALBERTO,,5to Semestre,PSICOLOGIA ORGANIZACIONAL
1525,"SEGURID,HIGIEN.Y AMBIENT.D TRABAJO",08:00 a 13:00 A 001,,,,,,ONGAY VALLE MIRNA ROCIO,,5to Semestre,PSICOLOGIA ORGANIZACIONAL
Grupo 5602,Grupo 5602,Grupo 5602,Grupo 5602,Grupo 5602,Grupo 5602,Grupo 5602,Grupo 5602,Grupo 5602,Grupo 5602,5to Semestre,PSICOLOGIA ORGANIZACIONAL
CLAVE,ASIGNATURA,LUNES,MARTES,MIERCOLES,JUEVES,VIERNES,SABADO,PROFESOR,OBSERVACIONES,5to Semestre,PSICOLOGIA ORGANIZACIONAL
1523,CAPACITAC.Y DESARR.DE PERSONAL I,12:00 a 15:00 A 108,,12:00 a 15:00 A 108,,,,SOUZA COLIN ERIKA,,5to Semestre,PSICOLOGIA ORGANIZACIONAL
1524,CONDUCTA ORGANIZAC.Y ADMINISTRAC.,,11:00 a 14:00 A 101,,,,,LOZADA VAZQUEZ RICARDO ALBERTO,,5to Semestre,PSICOLOGIA ORGANIZACIONAL
Grupo 5603,Grupo 5603,Grupo 5603,Grupo 5603,Grupo 5603,Grupo 5603,Grupo 5603,Grupo 5603,Grupo 5603,Grupo 5603,5to Semestre,PSICOLOGIA ORGANIZACIONAL
CLAVE,ASIGNATURA,LUNES,MARTES,MIERCOLES,JUEVES,VIERNES,SABADO,PROFESOR,OBSERVACIONES,5to Semestre,PSICOLOGIA ORGANIZACIONAL
1523,CAPACITAC.Y DESARR.DE PERSONAL I,,,,,,09:00 a 15:00 A 101,MARTINEZ MEJIA EMMANUEL,LA ASIGNATURA SERá IMPARTIDA POR DR. EMMANUEL MARTíNEZ MEJíA Y EL DR. MIGUEL ALEJANDRO VILLAVICENCIO CARRANZA (UNA HORA),5to Semestre,PSICOLOGIA ORGANIZACIONAL
1524,CONDUCTA ORGANIZAC.Y ADMINISTRAC.,07:00 a 10:00 A 314,,,,,,MUÑOZ PERTIERRA MERCEDES XOCHITL,,5to Semestre,PSICOLOGIA ORGANIZACIONAL
1525,"SEGURID,HIGIEN.Y AMBIENT.D TRABAJO",,11:00 a 14:00 AULA PENDIENTE,,12:00 a 14:00 A 102,,,GARCIA SAISO ALEJANDRA,EL AULA ASIGNADA A LOS MARTES DE 11 A 14 - AULA ASIGNADA A102,5to Semestre,PSICOLOGIA ORGANIZACIONAL
Grupo 5604,Grupo 5604,Grupo 5604,Grupo 5604,Grupo 5604,Grupo 5604,Grupo 5604,Grupo 5604,Grupo 5604,Grupo 5604,5to Semestre,PSICOLOGIA ORGANIZACIONAL
CLAVE,ASIGNATURA,LUNES,MARTES,MIERCOLES,JUEVES,VIERNES,SABADO,PROFESOR,OBSERVACIONES,5to Semestre,PSICOLOGIA ORGANIZACIONAL
1524,CONDUCTA ORGANIZAC.Y ADMINISTRAC.,11:00 a 14:00 A 202,,,,,,LOZADA VAZQUEZ RICARDO ALBERTO,,5to Semestre,PSICOLOGIA ORGANIZACIONAL
1525,"SEGURID,HIGIEN.Y AMBIENT.D TRABAJO",,,08:00 a 13:00 A 301,,,,ONGAY VALLE MIRNA ROCIO,,5to Semestre,PSICOLOGIA ORGANIZACIONAL
Grupo 5605,Grupo 5605,Grupo 5605,Grupo 5605,Grupo 5605,Grupo 5605,Grupo 5605,Grupo 5605,Grupo 5605,Grupo 5605,5to Semestre,PSICOLOGIA ORGANIZACIONAL
CLAVE,ASIGNATURA,LUNES,MARTES,MIERCOLES,JUEVES,VIERNES,SABADO,PROFESOR,OBSERVACIONES,5to Semestre,PSICOLOGIA ORGANIZACIONAL
1524,CONDUCTA ORGANIZAC.Y ADMINISTRAC.,,,07:00 a 10:00 A 106,,,,MUÑOZ PERTIERRA MERCEDES XOCHITL,,5to Semestre,PSICOLOGIA ORGANIZACIONAL
Grupo 5606,Grupo 5606,Grupo 5606,Grupo 5606,Grupo 5606,Grupo 5606,Grupo 5606,Grupo 5606,Grupo 5606,Grupo 5606,5to Semestre,PSICOLOGIA ORGANIZACIONAL
CLAVE,ASIGNATURA,LUNES,MARTES,MIERCOLES,JUEVES,VIERNES,SABADO,PROFESOR,OBSERVACIONES,5to Semestre,PSICOLOGIA ORGANIZACIONAL
1524,CONDUCTA ORGANIZAC.Y ADMINISTRAC.,10:00 a 13:00 Edif C Salon 2,,,,,,MUÑOZ PERTIERRA MERCEDES XOCHITL,,5to Semestre,PSICOLOGIA ORGANIZACIONAL
Grupo 5607,Grupo 5607,Grupo 5607,Grupo 5607,Grupo 5607,Grupo 5607,Grupo 5607,Grupo 5607,Grupo 5607,Grupo 5607,5to Semestre,PSICOLOGIA ORGANIZACIONAL
CLAVE,ASIGNATURA,LUNES,MARTES,MIERCOLES,JUEVES,VIERNES,SABADO,PROFESOR,OBSERVACIONES,5to Semestre,PSICOLOGIA ORGANIZACIONAL
1524,CONDUCTA ORGANIZAC.Y ADMINISTRAC.,11:00 a 14:00 A 106,,,,,,VILLAVICENCIO AYUB ERIKA ROSALIA,,5to Semestre,PSICOLOGIA ORGANIZACIONAL
Grupo 5608,Grupo 5608,Grupo 5608,Grupo 5608,Grupo 5608,Grupo 5608,Grupo 5608,Grupo 5608,Grupo 5608,Grupo 5608,5to Semestre,PSICOLOGIA ORGANIZACIONAL
CLAVE,ASIGNATURA,LUNES,MARTES,MIERCOLES,JUEVES,VIERNES,SABADO,PROFESOR,OBSERVACIONES,5to Semestre,PSICOLOGIA ORGANIZACIONAL
1524,CONDUCTA ORGANIZAC.Y ADMINISTRAC.,,,,16:00 a 19:00 A 302,,,PROFESOR PENDIENTE,LA ASIGNATURA SERá IMPARTIDA POR LA MTRA. ABIGAIL PéREZ AGUILAR,5to Semestre,PSICOLOGIA ORGANIZACIONAL
Grupo 5609,Grupo 5609,Grupo 5609,Grupo 5609,Grupo 5609,Grupo 5609,Grupo 5609,Grupo 5609,Grupo 5609,Grupo 5609,5to Semestre,PSICOLOGIA ORGANIZACIONAL
CLAVE,ASIGNATURA,LUNES,MARTES,MIERCOLES,JUEVES,VIERNES,SABADO,PROFESOR,OBSERVACIONES,5to Semestre,PSICOLOGIA ORGANIZACIONAL
1523,CAPACITAC.Y DESARR.DE PERSONAL I,,17:00 a 20:00 A 101,,17:00 a 20:00 A 101,,,ESLAVA GUEVARA ADELINA,,5to Semestre,PSICOLOGIA ORGANIZACIONAL
1525,"SEGURID,HIGIEN.Y AMBIENT.D TRABAJO",16:00 a 19:00 A 102,,16:00 a 18:00 A 102,,,,GARCIA SAISO ALEJANDRA,,5to Semestre,PSICOLOGIA ORGANIZACIONAL
Grupo 5610,Grupo 5610,Grupo 5610,Grupo 5610,Grupo 5610,Grupo 5610,Grupo 5610,Grupo 5610,Grupo 5610,Grupo 5610,5to Semestre,PSICOLOGIA ORGANIZACIONAL
CLAVE,ASIGNATURA,LUNES,MARTES,MIERCOLES,JUEVES,VIERNES,SABADO,PROFESOR,OBSERVACIONES,5to Semestre,PSICOLOGIA ORGANIZACIONAL
1523,CAPACITAC.Y DESARR.DE PERSONAL I,,14:00 a 17:00 A 101,,14:00 a 17:00 A 101,,,MARTINEZ MEJIA EMMANUEL,LA ASIGNATURA SERá IMPARTIDA POR DR. EMMANUEL MARTíNEZ MEJíA Y MTRA. JULIA CONCHA GAONA,5to Semestre,PSICOLOGIA ORGANIZACIONAL
1525,"SEGURID,HIGIEN.Y AMBIENT.D TRABAJO",,,17:00 a 20:00 A 104,,17:00 a 19:00 A 108,,RIVERA GARCIA JORGE LUIS,,5to Semestre,PSICOLOGIA ORGANIZACIONAL
Grupo 5611,Grupo 5611,Grupo 5611,Grupo 5611,Grupo 5611,Grupo 5611,Grupo 5611,Grupo 5611,Grupo 5611,Grupo 5611,5to Semestre,PSICOLOGIA ORGANIZACIONAL
CLAVE,ASIGNATURA,LUNES,MARTES,MIERCOLES,JUEVES,VIERNES,SABADO,PROFESOR,OBSERVACIONES,5to Semestre,PSICOLOGIA ORGANIZACIONAL
1525,"SEGURID,HIGIEN.Y AMBIENT.D TRABAJO",,14:00 a 17:00 A 205,,15:00 a 17:00 A 301,,,RIVERA GARCIA JORGE LUIS,,5to Semestre,PSICOLOGIA ORGANIZACIONAL
Grupo 5612,Grupo 5612,Grupo 5612,Grupo 5612,Grupo 5612,Grupo 5612,Grupo 5612,Grupo 5612,Grupo 5612,Grupo 5612,5to Semestre,PSICOLOGIA ORGANIZACIONAL
CLAVE,ASIGNATURA,LUNES,MARTES,MIERCOLES,JUEVES,VIERNES,SABADO,PROFESOR,OBSERVACIONES,5to Semestre,PSICOLOGIA ORGANIZACIONAL
1524,CONDUCTA ORGANIZAC.Y ADMINISTRAC.,,17:00 a 20:00 A 302,,,,,SERRANO GARCIA VICTOR,,5to Semestre,PSICOLOGIA ORGANIZACIONAL
Selecciona el semestre a consultar  ----------- 1er Semestre 	3er Semestre 	5to Semestre 	7mo Semestre  OPTATIVAS DE GENERO (Plan 2008)  OPTATIVAS,Selecciona el tipo de busqueda  ----------- Grupo 	Asignatura,Selecciona el campo del conocimiento  ----------- CIENCIAS COGNITIVAS Y DEL COMPORTAMIENTO 	PROCESOS PSICOSOCIALES Y CULTURALES 	PSICOBIOLOGIA Y NEUROCIENCIAS 	PSICOLOGIA CLINICA Y DE LA SALUD 	PSICOLOGIA DE LA EDUCACION 	PSICOLOGIA ORGANIZACIONAL 	CONTEXTUAL,,,,,,,,5to Semestre,CONTEXTUAL
,,,,,,,,,,5to Semestre,CONTEXTUAL
,,,,,,,,,,5to Semestre,CONTEXTUAL
Grupo 5701  CLAVE  ASIGNATURA  LUNES  MARTES  MIERCOLES  JUEVES  VIERNES  SABADO  PROFESOR  OBSERVACIONES  1500  CONOCIMIENTO DE FRONTERA I  10:00 a 12:00 A 108  JURADO CARDENAS RAUL  Grupo 5702  CLAVE  ASIGNATURA  LUNES  MARTES  MIERCOLES  JUEVES  VIERNES  SABADO  PROFESOR  OBSERVACIONES  1500  CONOCIMIENTO DE FRONTERA I  07:00 a 09:00 A 109  AVELAR RODRIGUEZ CRISTINA  Grupo 5703  CLAVE  ASIGNATURA  LUNES  MARTES  MIERCOLES  JUEVES  VIERNES  SABADO  PROFESOR  OBSERVACIONES  1500  CONOCIMIENTO DE FRONTERA I  09:00 a 11:00 A 108  MAZON PARRA NANCY C  Grupo 5704  CLAVE  ASIGNATURA  LUNES  MARTES  MIERCOLES  JUEVES  VIERNES  SABADO  PROFESOR  OBSERVACIONES  1500  CONOCIMIENTO DE FRONTERA I  09:00 a 11:00 A 109  AVELAR RODRIGUEZ CRISTINA  Grupo 5705  CLAVE  ASIGNATURA  LUNES  MARTES  MIERCOLES  JUEVES  VIERNES  SABADO  PROFESOR  OBSERVACIONES  1500  CONOCIMIENTO DE FRONTERA I  17:00 a 19:00 A 301  MANZANARES RUIZ MARTIN  Grupo 5706  CLAVE  ASIGNATURA  LUNES  MARTES  MIERCOLES  JUEVES  VIERNES  SABADO  PROFESOR  OBSERVACIONES  1500  CONOCIMIENTO DE FRONTERA I  18:00 a 20:00 A 104  PROFESOR PENDIENTE LA CLASE LA IMPARTIRá EL PROFESOR ANDRéS MORALES Grupo 5707  CLAVE  ASIGNATURA  LUNES  MARTES  MIERCOLES  JUEVES  VIERNES  SABADO  PROFESOR  OBSERVACIONES  1500  CONOCIMIENTO DE FRONTERA I  14:00 a 16:00 A 104  HERNANDEZ CRESPO TANIA JIMENA  Grupo 5708  CLAVE  ASIGNATURA  LUNES  MARTES  MIERCOLES  JUEVES  VIERNES  SABADO  PROFESOR  OBSERVACIONES  1500  CONOCIMIENTO DE FRONTERA I  18:00 a 20:00 A 105  TREJO MORALES MARTHA PATRICIA  Grupo 5709  CLAVE  ASIGNATURA  LUNES  MARTES  MIERCOLES  JUEVES  VIERNES  SABADO  PROFESOR  OBSERVACIONES  1500  CONOCIMIENTO DE FRONTERA I  16:00 a 18:00 A 109  CRUZ CRUZ ALEJANDRA  Grupo 5710  CLAVE  ASIGNATURA  LUNES  MARTES  MIERCOLES  JUEVES  VIERNES  SABADO  PROFESOR  OBSERVACIONES  1500  CONOCIMIENTO DE FRONTERA I  16:00 a 18:00 A 106  PROFESOR PENDIENTE LA CLASE SERA IMPARTIDA POR LA PROFESORA REBECA GARRIDO  Grupo 5711  CLAVE  ASIGNATURA  LUNES  MARTES  MIERCOLES  JUEVES  VIERNES  SABADO  PROFESOR  OBSERVACIONES  1500  CONOCIMIENTO DE FRONTERA I  14:00 a 16:00 A 104  PROFESOR PENDIENTE LA CLASE LA IMPARTIRá EL PROFESOR HERSON GARCíA G  Grupo 5712  CLAVE  ASIGNATURA  LUNES  MARTES  MIERCOLES  JUEVES  VIERNES  SABADO  PROFESOR  OBSERVACIONES  1500  CONOCIMIENTO DE FRONTERA I  08:00 a 10:00 A 108  PROFESOR PENDIENTE LA CLASE LA IMPARTIRá EL PROFESOR RAZIEL VALDéS,Grupo 5701  CLAVE  ASIGNATURA  LUNES  MARTES  MIERCOLES  JUEVES  VIERNES  SABADO  PROFESOR  OBSERVACIONES  1500  CONOCIMIENTO DE FRONTERA I  10:00 a 12:00 A 108  JURADO CARDENAS RAUL  Grupo 5702  CLAVE  ASIGNATURA  LUNES  MARTES  MIERCOLES  JUEVES  VIERNES  SABADO  PROFESOR  OBSERVACIONES  1500  CONOCIMIENTO DE FRONTERA I  07:00 a 09:00 A 109  AVELAR RODRIGUEZ CRISTINA  Grupo 5703  CLAVE  ASIGNATURA  LUNES  MARTES  MIERCOLES  JUEVES  VIERNES  SABADO  PROFESOR  OBSERVACIONES  1500  CONOCIMIENTO DE FRONTERA I  09:00 a 11:00 A 108  MAZON PARRA NANCY C  Grupo 5704  CLAVE  ASIGNATURA  LUNES  MARTES  MIERCOLES  JUEVES  VIERNES  SABADO  PROFESOR  OBSERVACIONES  1500  CONOCIMIENTO DE FRONTERA I  09:00 a 11:00 A 109  AVELAR RODRIGUEZ CRISTINA  Grupo 5705  CLAVE  ASIGNATURA  LUNES  MARTES  MIERCOLES  JUEVES  VIERNES  SABADO  PROFESOR  OBSERVACIONES  1500  CONOCIMIENTO DE FRONTERA I  17:00 a 19:00 A 301  MANZANARES RUIZ MARTIN  Grupo 5706  CLAVE  ASIGNATURA  LUNES  MARTES  MIERCOLES  JUEVES  VIERNES  SABADO  PROFESOR  OBSERVACIONES  1500  CONOCIMIENTO DE FRONTERA I  18:00 a 20:00 A 104  PROFESOR PENDIENTE LA CLASE LA IMPARTIRá EL PROFESOR ANDRéS MORALES Grupo 5707  CLAVE  ASIGNATURA  LUNES  MARTES  MIERCOLES  JUEVES  VIERNES  SABADO  PROFESOR  OBSERVACIONES  1500  CONOCIMIENTO DE FRONTERA I  14:00 a 16:00 A 104  HERNANDEZ CRESPO TANIA JIMENA  Grupo 5708  CLAVE  ASIGNATURA  LUNES  MARTES  MIERCOLES  JUEVES  VIERNES  SABADO  PROFESOR  OBSERVACIONES  1500  CONOCIMIENTO DE FRONTERA I  18:00 a 20:00 A 105  TREJO MORALES MARTHA PATRICIA  Grupo 5709  CLAVE  ASIGNATURA  LUNES  MARTES  MIERCOLES  JUEVES  VIERNES  SABADO  PROFESOR  OBSERVACIONES  1500  CONOCIMIENTO DE FRONTERA I  16:00 a 18:00 A 109  CRUZ CRUZ ALEJANDRA  Grupo 5710  CLAVE  ASIGNATURA  LUNES  MARTES  MIERCOLES  JUEVES  VIERNES  SABADO  PROFESOR  OBSERVACIONES  1500  CONOCIMIENTO DE FRONTERA I  16:00 a 18:00 A 106  PROFESOR PENDIENTE LA CLASE SERA IMPARTIDA POR LA PROFESORA REBECA GARRIDO  Grupo 5711  CLAVE  ASIGNATURA  LUNES  MARTES  MIERCOLES  JUEVES  VIERNES  SABADO  PROFESOR  OBSERVACIONES  1500  CONOCIMIENTO DE FRONTERA I  14:00 a 16:00 A 104  PROFESOR PENDIENTE LA CLASE LA IMPARTIRá EL PROFESOR HERSON GARCíA G  Grupo 5712  CLAVE  ASIGNATURA  LUNES  MARTES  MIERCOLES  JUEVES  VIERNES  SABADO  PROFESOR  OBSERVACIONES  1500  CONOCIMIENTO DE FRONTERA I  08:00 a 10:00 A 108  PROFESOR PENDIENTE LA CLASE LA IMPARTIRá EL PROFESOR RAZIEL VALDéS,Grupo 5701  CLAVE  ASIGNATURA  LUNES  MARTES  MIERCOLES  JUEVES  VIERNES  SABADO  PROFESOR  OBSERVACIONES  1500  CONOCIMIENTO DE FRONTERA I  10:00 a 12:00 A 108  JURADO CARDENAS RAUL  Grupo 5702  CLAVE  ASIGNATURA  LUNES  MARTES  MIERCOLES  JUEVES  VIERNES  SABADO  PROFESOR  OBSERVACIONES  1500  CONOCIMIENTO DE FRONTERA I  07:00 a 09:00 A 109  AVELAR RODRIGUEZ CRISTINA  Grupo 5703  CLAVE  ASIGNATURA  LUNES  MARTES  MIERCOLES  JUEVES  VIERNES  SABADO  PROFESOR  OBSERVACIONES  1500  CONOCIMIENTO DE FRONTERA I  09:00 a 11:00 A 108  MAZON PARRA NANCY C  Grupo 5704  CLAVE  ASIGNATURA  LUNES  MARTES  MIERCOLES  JUEVES  VIERNES  SABADO  PROFESOR  OBSERVACIONES  1500  CONOCIMIENTO DE FRONTERA I  09:00 a 11:00 A 109  AVELAR RODRIGUEZ CRISTINA  Grupo 5705  CLAVE  ASIGNATURA  LUNES  MARTES  MIERCOLES  JUEVES  VIERNES  SABADO  PROFESOR  OBSERVACIONES  1500  CONOCIMIENTO DE FRONTERA I  17:00 a 19:00 A 301  MANZANARES RUIZ MARTIN  Grupo 5706  CLAVE  ASIGNATURA  LUNES  MARTES  MIERCOLES  JUEVES  VIERNES  SABADO  PROFESOR  OBSERVACIONES  1500  CONOCIMIENTO DE FRONTERA I  18:00 a 20:00 A 104  PROFESOR PENDIENTE LA CLASE LA IMPARTIRá EL PROFESOR ANDRéS MORALES Grupo 5707  CLAVE  ASIGNATURA  LUNES  MARTES  MIERCOLES  JUEVES  VIERNES  SABADO  PROFESOR  OBSERVACIONES  1500  CONOCIMIENTO DE FRONTERA I  14:00 a 16:00 A 104  HERNANDEZ CRESPO TANIA JIMENA  Grupo 5708  CLAVE  ASIGNATURA  LUNES  MARTES  MIERCOLES  JUEVES  VIERNES  SABADO  PROFESOR  OBSERVACIONES  1500  CONOCIMIENTO DE FRONTERA I  18:00 a 20:00 A 105  TREJO MORALES MARTHA PATRICIA  Grupo 5709  CLAVE  ASIGNATURA  LUNES  MARTES  MIERCOLES  JUEVES  VIERNES  SABADO  PROFESOR  OBSERVACIONES  1500  CONOCIMIENTO DE FRONTERA I  16:00 a 18:00 A 109  CRUZ CRUZ ALEJANDRA  Grupo 5710  CLAVE  ASIGNATURA  LUNES  MARTES  MIERCOLES  JUEVES  VIERNES  SABADO  PROFESOR  OBSERVACIONES  1500  CONOCIMIENTO DE FRONTERA I  16:00 a 18:00 A 106  PROFESOR PENDIENTE LA CLASE SERA IMPARTIDA POR LA PROFESORA REBECA GARRIDO  Grupo 5711  CLAVE  ASIGNATURA  LUNES  MARTES  MIERCOLES  JUEVES  VIERNES  SABADO  PROFESOR  OBSERVACIONES  1500  CONOCIMIENTO DE FRONTERA I  14:00 a 16:00 A 104  PROFESOR PENDIENTE LA CLASE LA IMPARTIRá EL PROFESOR HERSON GARCíA G  Grupo 5712  CLAVE  ASIGNATURA  LUNES  MARTES  MIERCOLES  JUEVES  VIERNES  SABADO  PROFESOR  OBSERVACIONES  1500  CONOCIMIENTO DE FRONTERA I  08:00 a 10:00 A 108  PROFESOR PENDIENTE LA CLASE LA IMPARTIRá EL PROFESOR RAZIEL VALDéS,,,,,,,,5to Semestre,CONTEXTUAL
Grupo 5701,Grupo 5701,Grupo 5701,Grupo 5701,Grupo 5701,Grupo 5701,Grupo 5701,Grupo 5701,Grupo 5701,Grupo 5701,5to Semestre,CONTEXTUAL
CLAVE,ASIGNATURA,LUNES,MARTES,MIERCOLES,JUEVES,VIERNES,SABADO,PROFESOR,OBSERVACIONES,5to Semestre,CONTEXTUAL
1500,CONOCIMIENTO DE FRONTERA I,,,10:00 a 12:00 A 108,,,,JURADO CARDENAS RAUL,,5to Semestre,CONTEXTUAL
Grupo 5702,Grupo 5702,Grupo 5702,Grupo 5702,Grupo 5702,Grupo 5702,Grupo 5702,Grupo 5702,Grupo 5702,Grupo 5702,5to Semestre,CONTEXTUAL
CLAVE,ASIGNATURA,LUNES,MARTES,MIERCOLES,JUEVES,VIERNES,SABADO,PROFESOR,OBSERVACIONES,5to Semestre,CONTEXTUAL
1500,CONOCIMIENTO DE FRONTERA I,,07:00 a 09:00 A 109,,,,,AVELAR RODRIGUEZ CRISTINA,,5to Semestre,CONTEXTUAL
Grupo 5703,Grupo 5703,Grupo 5703,Grupo 5703,Grupo 5703,Grupo 5703,Grupo 5703,Grupo 5703,Grupo 5703,Grupo 5703,5to Semestre,CONTEXTUAL
CLAVE,ASIGNATURA,LUNES,MARTES,MIERCOLES,JUEVES,VIERNES,SABADO,PROFESOR,OBSERVACIONES,5to Semestre,CONTEXTUAL
1500,CONOCIMIENTO DE FRONTERA I,09:00 a 11:00 A 108,,,,,,MAZON PARRA NANCY C,,5to Semestre,CONTEXTUAL
Grupo 5704,Grupo 5704,Grupo 5704,Grupo 5704,Grupo 5704,Grupo 5704,Grupo 5704,Grupo 5704,Grupo 5704,Grupo 5704,5to Semestre,CONTEXTUAL
CLAVE,ASIGNATURA,LUNES,MARTES,MIERCOLES,JUEVES,VIERNES,SABADO,PROFESOR,OBSERVACIONES,5to Semestre,CONTEXTUAL
1500,CONOCIMIENTO DE FRONTERA I,,09:00 a 11:00 A 109,,,,,AVELAR RODRIGUEZ CRISTINA,,5to Semestre,CONTEXTUAL
Grupo 5705,Grupo 5705,Grupo 5705,Grupo 5705,Grupo 5705,Grupo 5705,Grupo 5705,Grupo 5705,Grupo 5705,Grupo 5705,5to Semestre,CONTEXTUAL
CLAVE,ASIGNATURA,LUNES,MARTES,MIERCOLES,JUEVES,VIERNES,SABADO,PROFESOR,OBSERVACIONES,5to Semestre,CONTEXTUAL
1500,CONOCIMIENTO DE FRONTERA I,,,,17:00 a 19:00 A 301,,,MANZANARES RUIZ MARTIN,,5to Semestre,CONTEXTUAL
Grupo 5706,Grupo 5706,Grupo 5706,Grupo 5706,Grupo 5706,Grupo 5706,Grupo 5706,Grupo 5706,Grupo 5706,Grupo 5706,5to Semestre,CONTEXTUAL
CLAVE,ASIGNATURA,LUNES,MARTES,MIERCOLES,JUEVES,VIERNES,SABADO,PROFESOR,OBSERVACIONES,5to Semestre,CONTEXTUAL
1500,CONOCIMIENTO DE FRONTERA I,18:00 a 20:00 A 104,,,,,,PROFESOR PENDIENTE,LA CLASE LA IMPARTIRá EL PROFESOR ANDRéS MORALES,5to Semestre,CONTEXTUAL
Grupo 5707,Grupo 5707,Grupo 5707,Grupo 5707,Grupo 5707,Grupo 5707,Grupo 5707,Grupo 5707,Grupo 5707,Grupo 5707,5to Semestre,CONTEXTUAL
CLAVE,ASIGNATURA,LUNES,MARTES,MIERCOLES,JUEVES,VIERNES,SABADO,PROFESOR,OBSERVACIONES,5to Semestre,CONTEXTUAL
1500,CONOCIMIENTO DE FRONTERA I,,14:00 a 16:00 A 104,,,,,HERNANDEZ CRESPO TANIA JIMENA,,5to Semestre,CONTEXTUAL
Grupo 5708,Grupo 5708,Grupo 5708,Grupo 5708,Grupo 5708,Grupo 5708,Grupo 5708,Grupo 5708,Grupo 5708,Grupo 5708,5to Semestre,CONTEXTUAL
CLAVE,ASIGNATURA,LUNES,MARTES,MIERCOLES,JUEVES,VIERNES,SABADO,PROFESOR,OBSERVACIONES,5to Semestre,CONTEXTUAL
1500,CONOCIMIENTO DE FRONTERA I,,18:00 a 20:00 A 105,,,,,TREJO MORALES MARTHA PATRICIA,,5to Semestre,CONTEXTUAL
Grupo 5709,Grupo 5709,Grupo 5709,Grupo 5709,Grupo 5709,Grupo 5709,Grupo 5709,Grupo 5709,Grupo 5709,Grupo 5709,5to Semestre,CONTEXTUAL
CLAVE,ASIGNATURA,LUNES,MARTES,MIERCOLES,JUEVES,VIERNES,SABADO,PROFESOR,OBSERVACIONES,5to Semestre,CONTEXTUAL
1500,CONOCIMIENTO DE FRONTERA I,,16:00 a 18:00 A 109,,,,,CRUZ CRUZ ALEJANDRA,,5to Semestre,CONTEXTUAL
Grupo 5710,Grupo 5710,Grupo 5710,Grupo 5710,Grupo 5710,Grupo 5710,Grupo 5710,Grupo 5710,Grupo 5710,Grupo 5710,5to Semestre,CONTEXTUAL
CLAVE,ASIGNATURA,LUNES,MARTES,MIERCOLES,JUEVES,VIERNES,SABADO,PROFESOR,OBSERVACIONES,5to Semestre,CONTEXTUAL
1500,CONOCIMIENTO DE FRONTERA I,,,16:00 a 18:00 A 106,,,,PROFESOR PENDIENTE,LA CLASE SERA IMPARTIDA POR LA PROFESORA REBECA GARRIDO,5to Semestre,CONTEXTUAL
Grupo 5711,Grupo 5711,Grupo 5711,Grupo 5711,Grupo 5711,Grupo 5711,Grupo 5711,Grupo 5711,Grupo 5711,Grupo 5711,5to Semestre,CONTEXTUAL
CLAVE,ASIGNATURA,LUNES,MARTES,MIERCOLES,JUEVES,VIERNES,SABADO,PROFESOR,OBSERVACIONES,5to Semestre,CONTEXTUAL
1500,CONOCIMIENTO DE FRONTERA I,,,,14:00 a 16:00 A 104,,,PROFESOR PENDIENTE,LA CLASE LA IMPARTIRá EL PROFESOR HERSON GARCíA G,5to Semestre,CONTEXTUAL
Grupo 5712,Grupo 5712,Grupo 5712,Grupo 5712,Grupo 5712,Grupo 5712,Grupo 5712,Grupo 5712,Grupo 5712,Grupo 5712,5to Semestre,CONTEXTUAL
CLAVE,ASIGNATURA,LUNES,MARTES,MIERCOLES,JUEVES,VIERNES,SABADO,PROFESOR,OBSERVACIONES,5to Semestre,CONTEXTUAL
1500,CONOCIMIENTO DE FRONTERA I,,,,,08:00 a 10:00 A 108,,PROFESOR PENDIENTE,LA CLASE LA IMPARTIRá EL PROFESOR RAZIEL VALDéS,5to Semestre,CONTEXTUAL
Selecciona el semestre a consultar  ----------- 1er Semestre 	3er Semestre 	5to Semestre 	7mo Semestre  OPTATIVAS DE GENERO (Plan 2008)  OPTATIVAS,Selecciona el tipo de busqueda  ----------- Grupo 	Asignatura,Selecciona el campo del conocimiento  ----------- CIENCIAS COGNITIVAS Y DEL COMPORTAMIENTO 	PROCESOS PSICOSOCIALES Y CULTURALES 	PSICOBIOLOGIA Y NEUROCIENCIAS 	PSICOLOGIA CLINICA Y DE LA SALUD 	PSICOLOGIA DE LA EDUCACION 	PSICOLOGIA ORGANIZACIONAL 	CONTEXTUAL,,,,,,,,7mo Semestre,CIENCIAS COGNITIVAS Y DEL COMPORTAMIENTO
,,,,,,,,,,7mo Semestre,CIENCIAS COGNITIVAS Y DEL COMPORTAMIENTO
,,,,,,,,,,7mo Semestre,CIENCIAS COGNITIVAS Y DEL COMPORTAMIENTO
"Grupo 7101  CLAVE  ASIGNATURA  LUNES  MARTES  MIERCOLES  JUEVES  VIERNES  SABADO  PROFESOR  OBSERVACIONES  1715  APRENDIZAJE, MOTIVAC.Y COGNIC.III  15:00 a 17:30 A 310  15:00 a 17:30 A 310  REYES CONTRERAS RAUL  TEMáTICA: INTEGRACIóN PSICOFíSICA DE VARIABLES SOCIALMENTE RELEVANTES. PRE-REQUISITOS: HABER CURSADO AMC L, AMC LL, E INVESTIGACIóN Y ANáLISIS DE DATOS L Y LL. 1716  DESAR.ACTUALS.EN COGNIC.COMPORT.III  10:00 a 13:00 A 309  DURON FIGUEROA RAUL  TEMáTICA: INCORPORACIóN DE HERRAMIENTAS DIGITALES A LAS INTERVENCIONES COGNITIVAS Y CONDUCTUALES. PRE-REQUISITO: COMPRENSIóN DE TEXTOS CIENTíFICOS EN INGLéS Y BúSQUEDA BIBLIOGRáFICA EN BASES DE DATOS ESPECIALIZADAS. 1717  INVESTIGACION Y ANALISIS DATOS III  08:00 a 10:00 B 12  08:00 a 10:00 B 12  SANCHEZ CARRASCO LIVIA  TEMáTICA: DISEñO DE EXPERIMENTOS Y ANáLISIS DE DATOS CON RSTUDIO. PRE-REQUISITOS: CONOCIMIENTOS DE PROGRAMACIóN EN RSTUDIO.  1718  TALLER DE INVESTIGACION III  08:00 a 18:00 AULA PENDIENTE  CANSINO ORTIZ CARMEN SELENE  TEMáTICA: MéTODOS EN PSICOLOGíA COGNOSCITIVA. PRE-REQUISITOS: INTERéS POR LA INVESTIGACIóN, HORARIO A ACORDAR CON LA ACADéMICA.  Grupo 7102  CLAVE  ASIGNATURA  LUNES  MARTES  MIERCOLES  JUEVES  VIERNES  SABADO  PROFESOR  OBSERVACIONES  1716  DESAR.ACTUALS.EN COGNIC.COMPORT.III  14:30 a 17:30 Edif C Salon 1  MORAN MARTINEZ MARIA CONCEPCION  TEMáTICA: COGNICIóN MUSICAL. PRE-REQUISITO: COMPRENSIóN LECTORA EN INGLéS Y FORMACIóN MUSICAL  1717  INVESTIGACION Y ANALISIS DATOS III  12:00 a 14:00 B 12  11:00 a 13:00 B 12  REYES CORTES ANA MARIA  TEMáTICA: APLICACIóN DE TéCNICAS ESTADíSTICAS EN EL CONTEXTO DE LA INVESTIGACIóN EN PSICOLOGíA. PRE-REQUISITOS: NINGUNO  1718  TALLER DE INVESTIGACION III  07:00 a 17:00 AULA PENDIENTE  ESCOBAR HERNANDEZ ROGELIO  TEMáTICA: TRABAJO DE LABORATORIO EN ANáLISIS EXPERIMENTAL DE LA CONDUCTA. PRE-REQUISITOS: HABER CURSADO TALLER L O LL CON EL PROFESOR, INDISPENSABLE REALIZAR ENTREVISTA PREVIA A LA INSCRIPCIóN CON EL DR. ESCOBAR, RESCOBAR@UNAM.MX  Grupo 7103  CLAVE  ASIGNATURA  LUNES  MARTES  MIERCOLES  JUEVES  VIERNES  SABADO  PROFESOR  OBSERVACIONES  1715  APRENDIZAJE, MOTIVAC.Y COGNIC.III  17:00 a 20:00 A 309  12:00 a 14:00 A 309  PALAFOX PALAFOX GERMAN  TEMáTICA: DECISIONES Y ACCIóN. PREREQUISITOS: NINGUNO. 1716  DESAR.ACTUALS.EN COGNIC.COMPORT.III  15:00 a 18:00 AULA PENDIENTE  CANSINO ORTIZ CARMEN SELENE  TEMáTICA: DISEñOS EXPERIMENTALES EN COGNICIóN. PRE-REQUISITO: INTERES POR LA INVESTIGACIóN.  1718  TALLER DE INVESTIGACION III  09:00 a 11:00 AULA PENDIENTE  09:00 a 11:00 AULA PENDIENTE  09:00 a 11:00 AULA PENDIENTE  09:00 a 11:00 AULA PENDIENTE  09:00 a 11:00 AULA PENDIENTE  ORDUÑA TRUJILLO OSCAR VLADIMIR  TEMáTICA: ELECCIóN ANIMAL. PRE-REQUISITOS: INTERéS EN EL TEMA Y LECTURA FLUIDA EN INGLéS  Grupo 7104  CLAVE  ASIGNATURA  LUNES  MARTES  MIERCOLES  JUEVES  VIERNES  SABADO  PROFESOR  OBSERVACIONES  1716  DESAR.ACTUALS.EN COGNIC.COMPORT.III  14:00 a 17:00 A 310  REYES CONTRERAS RAUL  TEMáTICA: DECISIONES UNIPERSONALES, DIáDICAS Y GRUPALES. PRE-REQUISITO: HABER CURSADO INVESTIGACIóN Y ANáLISIS DE DATOS L Y LL.  1718  TALLER DE INVESTIGACION III  08:00 a 18:00 AULA PENDIENTE  PROFESOR PENDIENTE TEMáTICA: EVIDENCIA Y DATOS PARA LAS POLíTICAS PúBLICAS. PRE-REQUISITOS: NINGUNO, EL HORARIO SE ACORDARA CON LAS PERSONAS INTERESADAS, ESCRIBIR A ERAZO25@GMAIL.COM  Grupo 7105  CLAVE  ASIGNATURA  LUNES  MARTES  MIERCOLES  JUEVES  VIERNES  SABADO  PROFESOR  OBSERVACIONES  1716  DESAR.ACTUALS.EN COGNIC.COMPORT.III  19:00 a 22:00 AULA PENDIENTE  SANCHEZ SOSA JUAN JOSE  TEMáTICA: INVESTIGACIóN EN INTERVENCIóN CONDUCTUAL. PRE-REQUISITO: EL HORARIO REAL ES DE 17:00 A 20:00 HRS, TENER BUENA COMPRENSIóN DE LECTURA EN INGLéS, ESCRIBIR A MEDICINACONDUCTUAL.CU20@GMAIL.COM PARA RECIBIR INFORMACIóN.  1718  TALLER DE INVESTIGACION III  08:00 a 18:00 A 310  REYES CONTRERAS RAUL  TEMáTICA: INTEGRACIóN PSICOFíSICA DE VARIABLES SOCIALMENTE RELEVANTES. PRE-REQUISITOS: HABER CURSADO INVESTIGACIóN Y ANáLISIS DE DATOS L, LL Y LL.  Grupo 7106  CLAVE  ASIGNATURA  LUNES  MARTES  MIERCOLES  JUEVES  VIERNES  SABADO  PROFESOR  OBSERVACIONES  1716  DESAR.ACTUALS.EN COGNIC.COMPORT.III  11:00 a 14:00 A 102  ROJAS RAMIREZ SYLVIA MARGARITA  TEMáTICA: INVESTIGACIóN CONTEMPORáNEA SOBRE PROCESOS DE INTERACIóN SOCIAL, COGNICIóN Y DIáLOGO EN DIVERSOS CONTEXTOS SOCIOCULTURALES. PRE-REQUISITO: NINGUNO  1717  INVESTIGACION Y ANALISIS DATOS III  16:00 a 18:00 B 12  16:00 a 18:00 B 12  ROMERO SANCHEZ PATRICIA  TEMáTICA: MODELOS ESTADíSTICOS PARA VARIABLES CATEGóRICAS. REQUISITOS: HABER CURSADO INVESTIGACIóN Y ANáLISIS DE DATOS I Y II  1718  TALLER DE INVESTIGACION III  08:00 a 18:00 AULA PENDIENTE  MENEZ DIAZ JUDITH MARINA  TEMáTICA: HABILIDADES PARA LA INVESTIGACIóN BáSICA EN CCC. PRE-REQUISITOS: HABER CURSADO TALLER DE INVESTIGACIóN L Y LL, ENTREVISTA PREVIA A LA INSCRIPCIóN DE LA MATERIA CON LA ACADéMICA MENEZ@UNAM.MX","Grupo 7101  CLAVE  ASIGNATURA  LUNES  MARTES  MIERCOLES  JUEVES  VIERNES  SABADO  PROFESOR  OBSERVACIONES  1715  APRENDIZAJE, MOTIVAC.Y COGNIC.III  15:00 a 17:30 A 310  15:00 a 17:30 A 310  REYES CONTRERAS RAUL  TEMáTICA: INTEGRACIóN PSICOFíSICA DE VARIABLES SOCIALMENTE RELEVANTES. PRE-REQUISITOS: HABER CURSADO AMC L, AMC LL, E INVESTIGACIóN Y ANáLISIS DE DATOS L Y LL. 1716  DESAR.ACTUALS.EN COGNIC.COMPORT.III  10:00 a 13:00 A 309  DURON FIGUEROA RAUL  TEMáTICA: INCORPORACIóN DE HERRAMIENTAS DIGITALES A LAS INTERVENCIONES COGNITIVAS Y CONDUCTUALES. PRE-REQUISITO: COMPRENSIóN DE TEXTOS CIENTíFICOS EN INGLéS Y BúSQUEDA BIBLIOGRáFICA EN BASES DE DATOS ESPECIALIZADAS. 1717  INVESTIGACION Y ANALISIS DATOS III  08:00 a 10:00 B 12  08:00 a 10:00 B 12  SANCHEZ CARRASCO LIVIA  TEMáTICA: DISEñO DE EXPERIMENTOS Y ANáLISIS DE DATOS CON RSTUDIO. PRE-REQUISITOS: CONOCIMIENTOS DE PROGRAMACIóN EN RSTUDIO.  1718  TALLER DE INVESTIGACION III  08:00 a 18:00 AULA PENDIENTE  CANSINO ORTIZ CARMEN SELENE  TEMáTICA: MéTODOS EN PSICOLOGíA COGNOSCITIVA. PRE-REQUISITOS: INTERéS POR LA INVESTIGACIóN, HORARIO A ACORDAR CON LA ACADéMICA.  Grupo 7102  CLAVE  ASIGNATURA  LUNES  MARTES  MIERCOLES  JUEVES  VIERNES  SABADO  PROFESOR  OBSERVACIONES  1716  DESAR.ACTUALS.EN COGNIC.COMPORT.III  14:30 a 17:30 Edif C Salon 1  MORAN MARTINEZ MARIA CONCEPCION  TEMáTICA: COGNICIóN MUSICAL. PRE-REQUISITO: COMPRENSIóN LECTORA EN INGLéS Y FORMACIóN MUSICAL  1717  INVESTIGACION Y ANALISIS DATOS III  12:00 a 14:00 B 12  11:00 a 13:00 B 12  REYES CORTES ANA MARIA  TEMáTICA: APLICACIóN DE TéCNICAS ESTADíSTICAS EN EL CONTEXTO DE LA INVESTIGACIóN EN PSICOLOGíA. PRE-REQUISITOS: NINGUNO  1718  TALLER DE INVESTIGACION III  07:00 a 17:00 AULA PENDIENTE  ESCOBAR HERNANDEZ ROGELIO  TEMáTICA: TRABAJO DE LABORATORIO EN ANáLISIS EXPERIMENTAL DE LA CONDUCTA. PRE-REQUISITOS: HABER CURSADO TALLER L O LL CON EL PROFESOR, INDISPENSABLE REALIZAR ENTREVISTA PREVIA A LA INSCRIPCIóN CON EL DR. ESCOBAR, RESCOBAR@UNAM.MX  Grupo 7103  CLAVE  ASIGNATURA  LUNES  MARTES  MIERCOLES  JUEVES  VIERNES  SABADO  PROFESOR  OBSERVACIONES  1715  APRENDIZAJE, MOTIVAC.Y COGNIC.III  17:00 a 20:00 A 309  12:00 a 14:00 A 309  PALAFOX PALAFOX GERMAN  TEMáTICA: DECISIONES Y ACCIóN. PREREQUISITOS: NINGUNO. 1716  DESAR.ACTUALS.EN COGNIC.COMPORT.III  15:00 a 18:00 AULA PENDIENTE  CANSINO ORTIZ CARMEN SELENE  TEMáTICA: DISEñOS EXPERIMENTALES EN COGNICIóN. PRE-REQUISITO: INTERES POR LA INVESTIGACIóN.  1718  TALLER DE INVESTIGACION III  09:00 a 11:00 AULA PENDIENTE  09:00 a 11:00 AULA PENDIENTE  09:00 a 11:00 AULA PENDIENTE  09:00 a 11:00 AULA PENDIENTE  09:00 a 11:00 AULA PENDIENTE  ORDUÑA TRUJILLO OSCAR VLADIMIR  TEMáTICA: ELECCIóN ANIMAL. PRE-REQUISITOS: INTERéS EN EL TEMA Y LECTURA FLUIDA EN INGLéS  Grupo 7104  CLAVE  ASIGNATURA  LUNES  MARTES  MIERCOLES  JUEVES  VIERNES  SABADO  PROFESOR  OBSERVACIONES  1716  DESAR.ACTUALS.EN COGNIC.COMPORT.III  14:00 a 17:00 A 310  REYES CONTRERAS RAUL  TEMáTICA: DECISIONES UNIPERSONALES, DIáDICAS Y GRUPALES. PRE-REQUISITO: HABER CURSADO INVESTIGACIóN Y ANáLISIS DE DATOS L Y LL.  1718  TALLER DE INVESTIGACION III  08:00 a 18:00 AULA PENDIENTE  PROFESOR PENDIENTE TEMáTICA: EVIDENCIA Y DATOS PARA LAS POLíTICAS PúBLICAS. PRE-REQUISITOS: NINGUNO, EL HORARIO SE ACORDARA CON LAS PERSONAS INTERESADAS, ESCRIBIR A ERAZO25@GMAIL.COM  Grupo 7105  CLAVE  ASIGNATURA  LUNES  MARTES  MIERCOLES  JUEVES  VIERNES  SABADO  PROFESOR  OBSERVACIONES  1716  DESAR.ACTUALS.EN COGNIC.COMPORT.III  19:00 a 22:00 AULA PENDIENTE  SANCHEZ SOSA JUAN JOSE  TEMáTICA: INVESTIGACIóN EN INTERVENCIóN CONDUCTUAL. PRE-REQUISITO: EL HORARIO REAL ES DE 17:00 A 20:00 HRS, TENER BUENA COMPRENSIóN DE LECTURA EN INGLéS, ESCRIBIR A MEDICINACONDUCTUAL.CU20@GMAIL.COM PARA RECIBIR INFORMACIóN.  1718  TALLER DE INVESTIGACION III  08:00 a 18:00 A 310  REYES CONTRERAS RAUL  TEMáTICA: INTEGRACIóN PSICOFíSICA DE VARIABLES SOCIALMENTE RELEVANTES. PRE-REQUISITOS: HABER CURSADO INVESTIGACIóN Y ANáLISIS DE DATOS L, LL Y LL.  Grupo 7106  CLAVE  ASIGNATURA  LUNES  MARTES  MIERCOLES  JUEVES  VIERNES  SABADO  PROFESOR  OBSERVACIONES  1716  DESAR.ACTUALS.EN COGNIC.COMPORT.III  11:00 a 14:00 A 102  ROJAS RAMIREZ SYLVIA MARGARITA  TEMáTICA: INVESTIGACIóN CONTEMPORáNEA SOBRE PROCESOS DE INTERACIóN SOCIAL, COGNICIóN Y DIáLOGO EN DIVERSOS CONTEXTOS SOCIOCULTURALES. PRE-REQUISITO: NINGUNO  1717  INVESTIGACION Y ANALISIS DATOS III  16:00 a 18:00 B 12  16:00 a 18:00 B 12  ROMERO SANCHEZ PATRICIA  TEMáTICA: MODELOS ESTADíSTICOS PARA VARIABLES CATEGóRICAS. REQUISITOS: HABER CURSADO INVESTIGACIóN Y ANáLISIS DE DATOS I Y II  1718  TALLER DE INVESTIGACION III  08:00 a 18:00 AULA PENDIENTE  MENEZ DIAZ JUDITH MARINA  TEMáTICA: HABILIDADES PARA LA INVESTIGACIóN BáSICA EN CCC. PRE-REQUISITOS: HABER CURSADO TALLER DE INVESTIGACIóN L Y LL, ENTREVISTA PREVIA A LA INSCRIPCIóN DE LA MATERIA CON LA ACADéMICA MENEZ@UNAM.MX","Grupo 7101  CLAVE  ASIGNATURA  LUNES  MARTES  MIERCOLES  JUEVES  VIERNES  SABADO  PROFESOR  OBSERVACIONES  1715  APRENDIZAJE, MOTIVAC.Y COGNIC.III  15:00 a 17:30 A 310  15:00 a 17:30 A 310  REYES CONTRERAS RAUL  TEMáTICA: INTEGRACIóN PSICOFíSICA DE VARIABLES SOCIALMENTE RELEVANTES. PRE-REQUISITOS: HABER CURSADO AMC L, AMC LL, E INVESTIGACIóN Y ANáLISIS DE DATOS L Y LL. 1716  DESAR.ACTUALS.EN COGNIC.COMPORT.III  10:00 a 13:00 A 309  DURON FIGUEROA RAUL  TEMáTICA: INCORPORACIóN DE HERRAMIENTAS DIGITALES A LAS INTERVENCIONES COGNITIVAS Y CONDUCTUALES. PRE-REQUISITO: COMPRENSIóN DE TEXTOS CIENTíFICOS EN INGLéS Y BúSQUEDA BIBLIOGRáFICA EN BASES DE DATOS ESPECIALIZADAS. 1717  INVESTIGACION Y ANALISIS DATOS III  08:00 a 10:00 B 12  08:00 a 10:00 B 12  SANCHEZ CARRASCO LIVIA  TEMáTICA: DISEñO DE EXPERIMENTOS Y ANáLISIS DE DATOS CON RSTUDIO. PRE-REQUISITOS: CONOCIMIENTOS DE PROGRAMACIóN EN RSTUDIO.  1718  TALLER DE INVESTIGACION III  08:00 a 18:00 AULA PENDIENTE  CANSINO ORTIZ CARMEN SELENE  TEMáTICA: MéTODOS EN PSICOLOGíA COGNOSCITIVA. PRE-REQUISITOS: INTERéS POR LA INVESTIGACIóN, HORARIO A ACORDAR CON LA ACADéMICA.  Grupo 7102  CLAVE  ASIGNATURA  LUNES  MARTES  MIERCOLES  JUEVES  VIERNES  SABADO  PROFESOR  OBSERVACIONES  1716  DESAR.ACTUALS.EN COGNIC.COMPORT.III  14:30 a 17:30 Edif C Salon 1  MORAN MARTINEZ MARIA CONCEPCION  TEMáTICA: COGNICIóN MUSICAL. PRE-REQUISITO: COMPRENSIóN LECTORA EN INGLéS Y FORMACIóN MUSICAL  1717  INVESTIGACION Y ANALISIS DATOS III  12:00 a 14:00 B 12  11:00 a 13:00 B 12  REYES CORTES ANA MARIA  TEMáTICA: APLICACIóN DE TéCNICAS ESTADíSTICAS EN EL CONTEXTO DE LA INVESTIGACIóN EN PSICOLOGíA. PRE-REQUISITOS: NINGUNO  1718  TALLER DE INVESTIGACION III  07:00 a 17:00 AULA PENDIENTE  ESCOBAR HERNANDEZ ROGELIO  TEMáTICA: TRABAJO DE LABORATORIO EN ANáLISIS EXPERIMENTAL DE LA CONDUCTA. PRE-REQUISITOS: HABER CURSADO TALLER L O LL CON EL PROFESOR, INDISPENSABLE REALIZAR ENTREVISTA PREVIA A LA INSCRIPCIóN CON EL DR. ESCOBAR, RESCOBAR@UNAM.MX  Grupo 7103  CLAVE  ASIGNATURA  LUNES  MARTES  MIERCOLES  JUEVES  VIERNES  SABADO  PROFESOR  OBSERVACIONES  1715  APRENDIZAJE, MOTIVAC.Y COGNIC.III  17:00 a 20:00 A 309  12:00 a 14:00 A 309  PALAFOX PALAFOX GERMAN  TEMáTICA: DECISIONES Y ACCIóN. PREREQUISITOS: NINGUNO. 1716  DESAR.ACTUALS.EN COGNIC.COMPORT.III  15:00 a 18:00 AULA PENDIENTE  CANSINO ORTIZ CARMEN SELENE  TEMáTICA: DISEñOS EXPERIMENTALES EN COGNICIóN. PRE-REQUISITO: INTERES POR LA INVESTIGACIóN.  1718  TALLER DE INVESTIGACION III  09:00 a 11:00 AULA PENDIENTE  09:00 a 11:00 AULA PENDIENTE  09:00 a 11:00 AULA PENDIENTE  09:00 a 11:00 AULA PENDIENTE  09:00 a 11:00 AULA PENDIENTE  ORDUÑA TRUJILLO OSCAR VLADIMIR  TEMáTICA: ELECCIóN ANIMAL. PRE-REQUISITOS: INTERéS EN EL TEMA Y LECTURA FLUIDA EN INGLéS  Grupo 7104  CLAVE  ASIGNATURA  LUNES  MARTES  MIERCOLES  JUEVES  VIERNES  SABADO  PROFESOR  OBSERVACIONES  1716  DESAR.ACTUALS.EN COGNIC.COMPORT.III  14:00 a 17:00 A 310  REYES CONTRERAS RAUL  TEMáTICA: DECISIONES UNIPERSONALES, DIáDICAS Y GRUPALES. PRE-REQUISITO: HABER CURSADO INVESTIGACIóN Y ANáLISIS DE DATOS L Y LL.  1718  TALLER DE INVESTIGACION III  08:00 a 18:00 AULA PENDIENTE  PROFESOR PENDIENTE TEMáTICA: EVIDENCIA Y DATOS PARA LAS POLíTICAS PúBLICAS. PRE-REQUISITOS: NINGUNO, EL HORARIO SE ACORDARA CON LAS PERSONAS INTERESADAS, ESCRIBIR A ERAZO25@GMAIL.COM  Grupo 7105  CLAVE  ASIGNATURA  LUNES  MARTES  MIERCOLES  JUEVES  VIERNES  SABADO  PROFESOR  OBSERVACIONES  1716  DESAR.ACTUALS.EN COGNIC.COMPORT.III  19:00 a 22:00 AULA PENDIENTE  SANCHEZ SOSA JUAN JOSE  TEMáTICA: INVESTIGACIóN EN INTERVENCIóN CONDUCTUAL. PRE-REQUISITO: EL HORARIO REAL ES DE 17:00 A 20:00 HRS, TENER BUENA COMPRENSIóN DE LECTURA EN INGLéS, ESCRIBIR A MEDICINACONDUCTUAL.CU20@GMAIL.COM PARA RECIBIR INFORMACIóN.  1718  TALLER DE INVESTIGACION III  08:00 a 18:00 A 310  REYES CONTRERAS RAUL  TEMáTICA: INTEGRACIóN PSICOFíSICA DE VARIABLES SOCIALMENTE RELEVANTES. PRE-REQUISITOS: HABER CURSADO INVESTIGACIóN Y ANáLISIS DE DATOS L, LL Y LL.  Grupo 7106  CLAVE  ASIGNATURA  LUNES  MARTES  MIERCOLES  JUEVES  VIERNES  SABADO  PROFESOR  OBSERVACIONES  1716  DESAR.ACTUALS.EN COGNIC.COMPORT.III  11:00 a 14:00 A 102  ROJAS RAMIREZ SYLVIA MARGARITA  TEMáTICA: INVESTIGACIóN CONTEMPORáNEA SOBRE PROCESOS DE INTERACIóN SOCIAL, COGNICIóN Y DIáLOGO EN DIVERSOS CONTEXTOS SOCIOCULTURALES. PRE-REQUISITO: NINGUNO  1717  INVESTIGACION Y ANALISIS DATOS III  16:00 a 18:00 B 12  16:00 a 18:00 B 12  ROMERO SANCHEZ PATRICIA  TEMáTICA: MODELOS ESTADíSTICOS PARA VARIABLES CATEGóRICAS. REQUISITOS: HABER CURSADO INVESTIGACIóN Y ANáLISIS DE DATOS I Y II  1718  TALLER DE INVESTIGACION III  08:00 a 18:00 AULA PENDIENTE  MENEZ DIAZ JUDITH MARINA  TEMáTICA: HABILIDADES PARA LA INVESTIGACIóN BáSICA EN CCC. PRE-REQUISITOS: HABER CURSADO TALLER DE INVESTIGACIóN L Y LL, ENTREVISTA PREVIA A LA INSCRIPCIóN DE LA MATERIA CON LA ACADéMICA MENEZ@UNAM.MX",,,,,,,,7mo Semestre,CIENCIAS COGNITIVAS Y DEL COMPORTAMIENTO
Grupo 7101,Grupo 7101,Grupo 7101,Grupo 7101,Grupo 7101,Grupo 7101,Grupo 7101,Grupo 7101,Grupo 7101,Grupo 7101,7mo Semestre,CIENCIAS COGNITIVAS Y DEL COMPORTAMIENTO
CLAVE,ASIGNATURA,LUNES,MARTES,MIERCOLES,JUEVES,VIERNES,SABADO,PROFESOR,OBSERVACIONES,7mo Semestre,CIENCIAS COGNITIVAS Y DEL COMPORTAMIENTO
1715,"APRENDIZAJE, MOTIVAC.Y COGNIC.III",,,15:00 a 17:30 A 310,15:00 a 17:30 A 310,,,REYES CONTRERAS RAUL,"TEMáTICA: INTEGRACIóN PSICOFíSICA DE VARIABLES SOCIALMENTE RELEVANTES. PRE-REQUISITOS: HABER CURSADO AMC L, AMC LL, E INVESTIGACIóN Y ANáLISIS DE DATOS L Y LL.",7mo Semestre,CIENCIAS COGNITIVAS Y DEL COMPORTAMIENTO
1716,DESAR.ACTUALS.EN COGNIC.COMPORT.III,,,,10:00 a 13:00 A 309,,,DURON FIGUEROA RAUL,TEMáTICA: INCORPORACIóN DE HERRAMIENTAS DIGITALES A LAS INTERVENCIONES COGNITIVAS Y CONDUCTUALES. PRE-REQUISITO: COMPRENSIóN DE TEXTOS CIENTíFICOS EN INGLéS Y BúSQUEDA BIBLIOGRáFICA EN BASES DE DATOS ESPECIALIZADAS.,7mo Semestre,CIENCIAS COGNITIVAS Y DEL COMPORTAMIENTO
1717,INVESTIGACION Y ANALISIS DATOS III,,08:00 a 10:00 B 12,,08:00 a 10:00 B 12,,,SANCHEZ CARRASCO LIVIA,TEMáTICA: DISEñO DE EXPERIMENTOS Y ANáLISIS DE DATOS CON RSTUDIO. PRE-REQUISITOS: CONOCIMIENTOS DE PROGRAMACIóN EN RSTUDIO.,7mo Semestre,CIENCIAS COGNITIVAS Y DEL COMPORTAMIENTO
1718,TALLER DE INVESTIGACION III,,,,,,08:00 a 18:00 AULA PENDIENTE,CANSINO ORTIZ CARMEN SELENE,"TEMáTICA: MéTODOS EN PSICOLOGíA COGNOSCITIVA. PRE-REQUISITOS: INTERéS POR LA INVESTIGACIóN, HORARIO A ACORDAR CON LA ACADéMICA.",7mo Semestre,CIENCIAS COGNITIVAS Y DEL COMPORTAMIENTO
Grupo 7102,Grupo 7102,Grupo 7102,Grupo 7102,Grupo 7102,Grupo 7102,Grupo 7102,Grupo 7102,Grupo 7102,Grupo 7102,7mo Semestre,CIENCIAS COGNITIVAS Y DEL COMPORTAMIENTO
CLAVE,ASIGNATURA,LUNES,MARTES,MIERCOLES,JUEVES,VIERNES,SABADO,PROFESOR,OBSERVACIONES,7mo Semestre,CIENCIAS COGNITIVAS Y DEL COMPORTAMIENTO
1716,DESAR.ACTUALS.EN COGNIC.COMPORT.III,,,,14:30 a 17:30 Edif C Salon 1,,,MORAN MARTINEZ MARIA CONCEPCION,TEMáTICA: COGNICIóN MUSICAL. PRE-REQUISITO: COMPRENSIóN LECTORA EN INGLéS Y FORMACIóN MUSICAL,7mo Semestre,CIENCIAS COGNITIVAS Y DEL COMPORTAMIENTO
1717,INVESTIGACION Y ANALISIS DATOS III,,,,12:00 a 14:00 B 12,11:00 a 13:00 B 12,,REYES CORTES ANA MARIA,TEMáTICA: APLICACIóN DE TéCNICAS ESTADíSTICAS EN EL CONTEXTO DE LA INVESTIGACIóN EN PSICOLOGíA. PRE-REQUISITOS: NINGUNO,7mo Semestre,CIENCIAS COGNITIVAS Y DEL COMPORTAMIENTO
1718,TALLER DE INVESTIGACION III,,,,,,07:00 a 17:00 AULA PENDIENTE,ESCOBAR HERNANDEZ ROGELIO,"TEMáTICA: TRABAJO DE LABORATORIO EN ANáLISIS EXPERIMENTAL DE LA CONDUCTA. PRE-REQUISITOS: HABER CURSADO TALLER L O LL CON EL PROFESOR, INDISPENSABLE REALIZAR ENTREVISTA PREVIA A LA INSCRIPCIóN CON EL DR. ESCOBAR, RESCOBAR@UNAM.MX",7mo Semestre,CIENCIAS COGNITIVAS Y DEL COMPORTAMIENTO
Grupo 7103,Grupo 7103,Grupo 7103,Grupo 7103,Grupo 7103,Grupo 7103,Grupo 7103,Grupo 7103,Grupo 7103,Grupo 7103,7mo Semestre,CIENCIAS COGNITIVAS Y DEL COMPORTAMIENTO
CLAVE,ASIGNATURA,LUNES,MARTES,MIERCOLES,JUEVES,VIERNES,SABADO,PROFESOR,OBSERVACIONES,7mo Semestre,CIENCIAS COGNITIVAS Y DEL COMPORTAMIENTO
1715,"APRENDIZAJE, MOTIVAC.Y COGNIC.III",,,17:00 a 20:00 A 309,,12:00 a 14:00 A 309,,PALAFOX PALAFOX GERMAN,TEMáTICA: DECISIONES Y ACCIóN. PREREQUISITOS: NINGUNO.,7mo Semestre,CIENCIAS COGNITIVAS Y DEL COMPORTAMIENTO
1716,DESAR.ACTUALS.EN COGNIC.COMPORT.III,15:00 a 18:00 AULA PENDIENTE,,,,,,CANSINO ORTIZ CARMEN SELENE,TEMáTICA: DISEñOS EXPERIMENTALES EN COGNICIóN. PRE-REQUISITO: INTERES POR LA INVESTIGACIóN.,7mo Semestre,CIENCIAS COGNITIVAS Y DEL COMPORTAMIENTO
1718,TALLER DE INVESTIGACION III,09:00 a 11:00 AULA PENDIENTE,09:00 a 11:00 AULA PENDIENTE,09:00 a 11:00 AULA PENDIENTE,09:00 a 11:00 AULA PENDIENTE,09:00 a 11:00 AULA PENDIENTE,,ORDUÑA TRUJILLO OSCAR VLADIMIR,TEMáTICA: ELECCIóN ANIMAL. PRE-REQUISITOS: INTERéS EN EL TEMA Y LECTURA FLUIDA EN INGLéS,7mo Semestre,CIENCIAS COGNITIVAS Y DEL COMPORTAMIENTO
Grupo 7104,Grupo 7104,Grupo 7104,Grupo 7104,Grupo 7104,Grupo 7104,Grupo 7104,Grupo 7104,Grupo 7104,Grupo 7104,7mo Semestre,CIENCIAS COGNITIVAS Y DEL COMPORTAMIENTO
CLAVE,ASIGNATURA,LUNES,MARTES,MIERCOLES,JUEVES,VIERNES,SABADO,PROFESOR,OBSERVACIONES,7mo Semestre,CIENCIAS COGNITIVAS Y DEL COMPORTAMIENTO
1716,DESAR.ACTUALS.EN COGNIC.COMPORT.III,14:00 a 17:00 A 310,,,,,,REYES CONTRERAS RAUL,"TEMáTICA: DECISIONES UNIPERSONALES, DIáDICAS Y GRUPALES. PRE-REQUISITO: HABER CURSADO INVESTIGACIóN Y ANáLISIS DE DATOS L Y LL.",7mo Semestre,CIENCIAS COGNITIVAS Y DEL COMPORTAMIENTO
1718,TALLER DE INVESTIGACION III,,,,,,08:00 a 18:00 AULA PENDIENTE,PROFESOR PENDIENTE,"TEMáTICA: EVIDENCIA Y DATOS PARA LAS POLíTICAS PúBLICAS. PRE-REQUISITOS: NINGUNO, EL HORARIO SE ACORDARA CON LAS PERSONAS INTERESADAS, ESCRIBIR A ERAZO25@GMAIL.COM",7mo Semestre,CIENCIAS COGNITIVAS Y DEL COMPORTAMIENTO
Grupo 7105,Grupo 7105,Grupo 7105,Grupo 7105,Grupo 7105,Grupo 7105,Grupo 7105,Grupo 7105,Grupo 7105,Grupo 7105,7mo Semestre,CIENCIAS COGNITIVAS Y DEL COMPORTAMIENTO
CLAVE,ASIGNATURA,LUNES,MARTES,MIERCOLES,JUEVES,VIERNES,SABADO,PROFESOR,OBSERVACIONES,7mo Semestre,CIENCIAS COGNITIVAS Y DEL COMPORTAMIENTO
1716,DESAR.ACTUALS.EN COGNIC.COMPORT.III,,19:00 a 22:00 AULA PENDIENTE,,,,,SANCHEZ SOSA JUAN JOSE,"TEMáTICA: INVESTIGACIóN EN INTERVENCIóN CONDUCTUAL. PRE-REQUISITO: EL HORARIO REAL ES DE 17:00 A 20:00 HRS, TENER BUENA COMPRENSIóN DE LECTURA EN INGLéS, ESCRIBIR A MEDICINACONDUCTUAL.CU20@GMAIL.COM PARA RECIBIR INFORMACIóN.",7mo Semestre,CIENCIAS COGNITIVAS Y DEL COMPORTAMIENTO
1718,TALLER DE INVESTIGACION III,,,,,,08:00 a 18:00 A 310,REYES CONTRERAS RAUL,"TEMáTICA: INTEGRACIóN PSICOFíSICA DE VARIABLES SOCIALMENTE RELEVANTES. PRE-REQUISITOS: HABER CURSADO INVESTIGACIóN Y ANáLISIS DE DATOS L, LL Y LL.",7mo Semestre,CIENCIAS COGNITIVAS Y DEL COMPORTAMIENTO
Grupo 7106,Grupo 7106,Grupo 7106,Grupo 7106,Grupo 7106,Grupo 7106,Grupo 7106,Grupo 7106,Grupo 7106,Grupo 7106,7mo Semestre,CIENCIAS COGNITIVAS Y DEL COMPORTAMIENTO
CLAVE,ASIGNATURA,LUNES,MARTES,MIERCOLES,JUEVES,VIERNES,SABADO,PROFESOR,OBSERVACIONES,7mo Semestre,CIENCIAS COGNITIVAS Y DEL COMPORTAMIENTO
1716,DESAR.ACTUALS.EN COGNIC.COMPORT.III,11:00 a 14:00 A 102,,,,,,ROJAS RAMIREZ SYLVIA MARGARITA,"TEMáTICA: INVESTIGACIóN CONTEMPORáNEA SOBRE PROCESOS DE INTERACIóN SOCIAL, COGNICIóN Y DIáLOGO EN DIVERSOS CONTEXTOS SOCIOCULTURALES. PRE-REQUISITO: NINGUNO",7mo Semestre,CIENCIAS COGNITIVAS Y DEL COMPORTAMIENTO
1717,INVESTIGACION Y ANALISIS DATOS III,16:00 a 18:00 B 12,,16:00 a 18:00 B 12,,,,ROMERO SANCHEZ PATRICIA,TEMáTICA: MODELOS ESTADíSTICOS PARA VARIABLES CATEGóRICAS. REQUISITOS: HABER CURSADO INVESTIGACIóN Y ANáLISIS DE DATOS I Y II,7mo Semestre,CIENCIAS COGNITIVAS Y DEL COMPORTAMIENTO
1718,TALLER DE INVESTIGACION III,,,,,,08:00 a 18:00 AULA PENDIENTE,MENEZ DIAZ JUDITH MARINA,"TEMáTICA: HABILIDADES PARA LA INVESTIGACIóN BáSICA EN CCC. PRE-REQUISITOS: HABER CURSADO TALLER DE INVESTIGACIóN L Y LL, ENTREVISTA PREVIA A LA INSCRIPCIóN DE LA MATERIA CON LA ACADéMICA MENEZ@UNAM.MX",7mo Semestre,CIENCIAS COGNITIVAS Y DEL COMPORTAMIENTO
Selecciona el semestre a consultar  ----------- 1er Semestre 	3er Semestre 	5to Semestre 	7mo Semestre  OPTATIVAS DE GENERO (Plan 2008)  OPTATIVAS,Selecciona el tipo de busqueda  ----------- Grupo 	Asignatura,Selecciona el campo del conocimiento  ----------- CIENCIAS COGNITIVAS Y DEL COMPORTAMIENTO 	PROCESOS PSICOSOCIALES Y CULTURALES 	PSICOBIOLOGIA Y NEUROCIENCIAS 	PSICOLOGIA CLINICA Y DE LA SALUD 	PSICOLOGIA DE LA EDUCACION 	PSICOLOGIA ORGANIZACIONAL 	CONTEXTUAL,,,,,,,,7mo Semestre,PROCESOS PSICOSOCIALES Y CULTURALES
,,,,,,,,,,7mo Semestre,PROCESOS PSICOSOCIALES Y CULTURALES
,,,,,,,,,,7mo Semestre,PROCESOS PSICOSOCIALES Y CULTURALES
"Grupo 7201  CLAVE  ASIGNATURA  LUNES  MARTES  MIERCOLES  JUEVES  VIERNES  SABADO  PROFESOR  OBSERVACIONES  1710  ANALISIS DEL DISCURSO  15:00 a 18:00 A 109  RAMOS BELTRAN IGNACIO  1711  ANALISIS SEMIOTICO  15:00 a 18:00 A 109  RAMOS BELTRAN IGNACIO  1712  CULTURA, TECNOLOGIA Y DIVERSIDAD  10:00 a 13:00 A 106  SOLER ANGUIANO FRANCISCO LEONARDO  1713  ESTRATEGIAS DE INTERVENCION  15:30 a 18:30 A 110  ORTIZ HERNANDEZ CITLALI QUETZALLI  1714  INTERVENCION EN PROCESOS PSICOSOC.  09:30 a 14:00 A 310  10:00 a 13:30 A 310  10:00 a 13:00 A 002  ORTIZ HERNANDEZ CITLALI QUETZALLI ORTIZ HERNANDEZ GEORGINA MA. IGNACIA  LA TEORIA LA IMPARTIRA LOS JUEVES LA DRA. GEORGINA ORTIZ HERNANDEZ. SE TRABAJARá CON POBLACIóN DE PERSONAS DE LA TERCERA EDAD.  Grupo 7202  CLAVE  ASIGNATURA  LUNES  MARTES  MIERCOLES  JUEVES  VIERNES  SABADO  PROFESOR  OBSERVACIONES  1710  ANALISIS DEL DISCURSO  11:00 a 14:00 A 207  PROFESOR PENDIENTE LA ASIGNATURA SERA IMPARTIDA POR EL DR. AQUILES NEGRETE YANKELEVICH  1711  ANALISIS SEMIOTICO  09:00 a 12:00 A 210  MEDINA LIBERTY JOSE ADRIAN ALFREDO  1712  CULTURA, TECNOLOGIA Y DIVERSIDAD  16:00 a 19:00 AULA PENDIENTE  PROFESOR PENDIENTE LA ASIGNATURA SERA IMPARTIDA POR EL DR. JOHN M. ACKERMAN DEL PUEDJS  1713  ESTRATEGIAS DE INTERVENCION  13:00 a 16:00 A 106  HERAZO GONZALEZ KATHERINE ISABEL  1714  INTERVENCION EN PROCESOS PSICOSOC.  09:00 a 12:00 A 210  09:00 a 17:00 A 313  HERAZO GONZALEZ KATHERINE ISABEL  LA PRACTICA SE REALIZARA EN EL PUEBLO DE LA CANDELARIA CON COMUNIDADES AFROMEXICANAS  Grupo 7203  CLAVE  ASIGNATURA  LUNES  MARTES  MIERCOLES  JUEVES  VIERNES  SABADO  PROFESOR  OBSERVACIONES  1710  ANALISIS DEL DISCURSO  12:00 a 15:00 A 105  GARCIA MERAZ MELISSA  1711  ANALISIS SEMIOTICO  10:00 a 13:00 A 110  MEDINA LIBERTY JOSE ADRIAN ALFREDO  1712  CULTURA, TECNOLOGIA Y DIVERSIDAD  14:00 a 17:00 A 105  LOPEZ OLMEDO ROBERTO  1713  ESTRATEGIAS DE INTERVENCION  11:00 a 14:00 A 109  PROFESOR PENDIENTE LA ASIGNATURA SERA IMPARTIDA POR EL DR. ISAIAS LARA KLAHR  Grupo 7204  CLAVE  ASIGNATURA  LUNES  MARTES  MIERCOLES  JUEVES  VIERNES  SABADO  PROFESOR  OBSERVACIONES  1712  CULTURA, TECNOLOGIA Y DIVERSIDAD  15:00 a 18:00 A 209  HUIDOBRO MARQUEZ JUAN CARLOS  1713  ESTRATEGIAS DE INTERVENCION  10:00 a 13:00 A 109  DOMINGUEZ ZUÑIGA TANIA FABIOLA","Grupo 7201  CLAVE  ASIGNATURA  LUNES  MARTES  MIERCOLES  JUEVES  VIERNES  SABADO  PROFESOR  OBSERVACIONES  1710  ANALISIS DEL DISCURSO  15:00 a 18:00 A 109  RAMOS BELTRAN IGNACIO  1711  ANALISIS SEMIOTICO  15:00 a 18:00 A 109  RAMOS BELTRAN IGNACIO  1712  CULTURA, TECNOLOGIA Y DIVERSIDAD  10:00 a 13:00 A 106  SOLER ANGUIANO FRANCISCO LEONARDO  1713  ESTRATEGIAS DE INTERVENCION  15:30 a 18:30 A 110  ORTIZ HERNANDEZ CITLALI QUETZALLI  1714  INTERVENCION EN PROCESOS PSICOSOC.  09:30 a 14:00 A 310  10:00 a 13:30 A 310  10:00 a 13:00 A 002  ORTIZ HERNANDEZ CITLALI QUETZALLI ORTIZ HERNANDEZ GEORGINA MA. IGNACIA  LA TEORIA LA IMPARTIRA LOS JUEVES LA DRA. GEORGINA ORTIZ HERNANDEZ. SE TRABAJARá CON POBLACIóN DE PERSONAS DE LA TERCERA EDAD.  Grupo 7202  CLAVE  ASIGNATURA  LUNES  MARTES  MIERCOLES  JUEVES  VIERNES  SABADO  PROFESOR  OBSERVACIONES  1710  ANALISIS DEL DISCURSO  11:00 a 14:00 A 207  PROFESOR PENDIENTE LA ASIGNATURA SERA IMPARTIDA POR EL DR. AQUILES NEGRETE YANKELEVICH  1711  ANALISIS SEMIOTICO  09:00 a 12:00 A 210  MEDINA LIBERTY JOSE ADRIAN ALFREDO  1712  CULTURA, TECNOLOGIA Y DIVERSIDAD  16:00 a 19:00 AULA PENDIENTE  PROFESOR PENDIENTE LA ASIGNATURA SERA IMPARTIDA POR EL DR. JOHN M. ACKERMAN DEL PUEDJS  1713  ESTRATEGIAS DE INTERVENCION  13:00 a 16:00 A 106  HERAZO GONZALEZ KATHERINE ISABEL  1714  INTERVENCION EN PROCESOS PSICOSOC.  09:00 a 12:00 A 210  09:00 a 17:00 A 313  HERAZO GONZALEZ KATHERINE ISABEL  LA PRACTICA SE REALIZARA EN EL PUEBLO DE LA CANDELARIA CON COMUNIDADES AFROMEXICANAS  Grupo 7203  CLAVE  ASIGNATURA  LUNES  MARTES  MIERCOLES  JUEVES  VIERNES  SABADO  PROFESOR  OBSERVACIONES  1710  ANALISIS DEL DISCURSO  12:00 a 15:00 A 105  GARCIA MERAZ MELISSA  1711  ANALISIS SEMIOTICO  10:00 a 13:00 A 110  MEDINA LIBERTY JOSE ADRIAN ALFREDO  1712  CULTURA, TECNOLOGIA Y DIVERSIDAD  14:00 a 17:00 A 105  LOPEZ OLMEDO ROBERTO  1713  ESTRATEGIAS DE INTERVENCION  11:00 a 14:00 A 109  PROFESOR PENDIENTE LA ASIGNATURA SERA IMPARTIDA POR EL DR. ISAIAS LARA KLAHR  Grupo 7204  CLAVE  ASIGNATURA  LUNES  MARTES  MIERCOLES  JUEVES  VIERNES  SABADO  PROFESOR  OBSERVACIONES  1712  CULTURA, TECNOLOGIA Y DIVERSIDAD  15:00 a 18:00 A 209  HUIDOBRO MARQUEZ JUAN CARLOS  1713  ESTRATEGIAS DE INTERVENCION  10:00 a 13:00 A 109  DOMINGUEZ ZUÑIGA TANIA FABIOLA","Grupo 7201  CLAVE  ASIGNATURA  LUNES  MARTES  MIERCOLES  JUEVES  VIERNES  SABADO  PROFESOR  OBSERVACIONES  1710  ANALISIS DEL DISCURSO  15:00 a 18:00 A 109  RAMOS BELTRAN IGNACIO  1711  ANALISIS SEMIOTICO  15:00 a 18:00 A 109  RAMOS BELTRAN IGNACIO  1712  CULTURA, TECNOLOGIA Y DIVERSIDAD  10:00 a 13:00 A 106  SOLER ANGUIANO FRANCISCO LEONARDO  1713  ESTRATEGIAS DE INTERVENCION  15:30 a 18:30 A 110  ORTIZ HERNANDEZ CITLALI QUETZALLI  1714  INTERVENCION EN PROCESOS PSICOSOC.  09:30 a 14:00 A 310  10:00 a 13:30 A 310  10:00 a 13:00 A 002  ORTIZ HERNANDEZ CITLALI QUETZALLI ORTIZ HERNANDEZ GEORGINA MA. IGNACIA  LA TEORIA LA IMPARTIRA LOS JUEVES LA DRA. GEORGINA ORTIZ HERNANDEZ. SE TRABAJARá CON POBLACIóN DE PERSONAS DE LA TERCERA EDAD.  Grupo 7202  CLAVE  ASIGNATURA  LUNES  MARTES  MIERCOLES  JUEVES  VIERNES  SABADO  PROFESOR  OBSERVACIONES  1710  ANALISIS DEL DISCURSO  11:00 a 14:00 A 207  PROFESOR PENDIENTE LA ASIGNATURA SERA IMPARTIDA POR EL DR. AQUILES NEGRETE YANKELEVICH  1711  ANALISIS SEMIOTICO  09:00 a 12:00 A 210  MEDINA LIBERTY JOSE ADRIAN ALFREDO  1712  CULTURA, TECNOLOGIA Y DIVERSIDAD  16:00 a 19:00 AULA PENDIENTE  PROFESOR PENDIENTE LA ASIGNATURA SERA IMPARTIDA POR EL DR. JOHN M. ACKERMAN DEL PUEDJS  1713  ESTRATEGIAS DE INTERVENCION  13:00 a 16:00 A 106  HERAZO GONZALEZ KATHERINE ISABEL  1714  INTERVENCION EN PROCESOS PSICOSOC.  09:00 a 12:00 A 210  09:00 a 17:00 A 313  HERAZO GONZALEZ KATHERINE ISABEL  LA PRACTICA SE REALIZARA EN EL PUEBLO DE LA CANDELARIA CON COMUNIDADES AFROMEXICANAS  Grupo 7203  CLAVE  ASIGNATURA  LUNES  MARTES  MIERCOLES  JUEVES  VIERNES  SABADO  PROFESOR  OBSERVACIONES  1710  ANALISIS DEL DISCURSO  12:00 a 15:00 A 105  GARCIA MERAZ MELISSA  1711  ANALISIS SEMIOTICO  10:00 a 13:00 A 110  MEDINA LIBERTY JOSE ADRIAN ALFREDO  1712  CULTURA, TECNOLOGIA Y DIVERSIDAD  14:00 a 17:00 A 105  LOPEZ OLMEDO ROBERTO  1713  ESTRATEGIAS DE INTERVENCION  11:00 a 14:00 A 109  PROFESOR PENDIENTE LA ASIGNATURA SERA IMPARTIDA POR EL DR. ISAIAS LARA KLAHR  Grupo 7204  CLAVE  ASIGNATURA  LUNES  MARTES  MIERCOLES  JUEVES  VIERNES  SABADO  PROFESOR  OBSERVACIONES  1712  CULTURA, TECNOLOGIA Y DIVERSIDAD  15:00 a 18:00 A 209  HUIDOBRO MARQUEZ JUAN CARLOS  1713  ESTRATEGIAS DE INTERVENCION  10:00 a 13:00 A 109  DOMINGUEZ ZUÑIGA TANIA FABIOLA",,,,,,,,7mo Semestre,PROCESOS PSICOSOCIALES Y CULTURALES
Grupo 7201,Grupo 7201,Grupo 7201,Grupo 7201,Grupo 7201,Grupo 7201,Grupo 7201,Grupo 7201,Grupo 7201,Grupo 7201,7mo Semestre,PROCESOS PSICOSOCIALES Y CULTURALES
CLAVE,ASIGNATURA,LUNES,MARTES,MIERCOLES,JUEVES,VIERNES,SABADO,PROFESOR,OBSERVACIONES,7mo Semestre,PROCESOS PSICOSOCIALES Y CULTURALES
1710,ANALISIS DEL DISCURSO,,,15:00 a 18:00 A 109,,,,RAMOS BELTRAN IGNACIO,,7mo Semestre,PROCESOS PSICOSOCIALES Y CULTURALES
1711,ANALISIS SEMIOTICO,15:00 a 18:00 A 109,,,,,,RAMOS BELTRAN IGNACIO,,7mo Semestre,PROCESOS PSICOSOCIALES Y CULTURALES
1712,"CULTURA, TECNOLOGIA Y DIVERSIDAD",,,10:00 a 13:00 A 106,,,,SOLER ANGUIANO FRANCISCO LEONARDO,,7mo Semestre,PROCESOS PSICOSOCIALES Y CULTURALES
1713,ESTRATEGIAS DE INTERVENCION,,15:30 a 18:30 A 110,,,,,ORTIZ HERNANDEZ CITLALI QUETZALLI,,7mo Semestre,PROCESOS PSICOSOCIALES Y CULTURALES
1714,INTERVENCION EN PROCESOS PSICOSOC.,09:30 a 14:00 A 310,10:00 a 13:30 A 310,,10:00 a 13:00 A 002,,,ORTIZ HERNANDEZ CITLALI QUETZALLI ORTIZ HERNANDEZ GEORGINA MA. IGNACIA,LA TEORIA LA IMPARTIRA LOS JUEVES LA DRA. GEORGINA ORTIZ HERNANDEZ. SE TRABAJARá CON POBLACIóN DE PERSONAS DE LA TERCERA EDAD.,7mo Semestre,PROCESOS PSICOSOCIALES Y CULTURALES
Grupo 7202,Grupo 7202,Grupo 7202,Grupo 7202,Grupo 7202,Grupo 7202,Grupo 7202,Grupo 7202,Grupo 7202,Grupo 7202,7mo Semestre,PROCESOS PSICOSOCIALES Y CULTURALES
CLAVE,ASIGNATURA,LUNES,MARTES,MIERCOLES,JUEVES,VIERNES,SABADO,PROFESOR,OBSERVACIONES,7mo Semestre,PROCESOS PSICOSOCIALES Y CULTURALES
1710,ANALISIS DEL DISCURSO,,,,11:00 a 14:00 A 207,,,PROFESOR PENDIENTE,LA ASIGNATURA SERA IMPARTIDA POR EL DR. AQUILES NEGRETE YANKELEVICH,7mo Semestre,PROCESOS PSICOSOCIALES Y CULTURALES
1711,ANALISIS SEMIOTICO,,09:00 a 12:00 A 210,,,,,MEDINA LIBERTY JOSE ADRIAN ALFREDO,,7mo Semestre,PROCESOS PSICOSOCIALES Y CULTURALES
1712,"CULTURA, TECNOLOGIA Y DIVERSIDAD",,16:00 a 19:00 AULA PENDIENTE,,,,,PROFESOR PENDIENTE,LA ASIGNATURA SERA IMPARTIDA POR EL DR. JOHN M. ACKERMAN DEL PUEDJS,7mo Semestre,PROCESOS PSICOSOCIALES Y CULTURALES
1713,ESTRATEGIAS DE INTERVENCION,,,13:00 a 16:00 A 106,,,,HERAZO GONZALEZ KATHERINE ISABEL,,7mo Semestre,PROCESOS PSICOSOCIALES Y CULTURALES
1714,INTERVENCION EN PROCESOS PSICOSOC.,,,09:00 a 12:00 A 210,,09:00 a 17:00 A 313,,HERAZO GONZALEZ KATHERINE ISABEL,LA PRACTICA SE REALIZARA EN EL PUEBLO DE LA CANDELARIA CON COMUNIDADES AFROMEXICANAS,7mo Semestre,PROCESOS PSICOSOCIALES Y CULTURALES
Grupo 7203,Grupo 7203,Grupo 7203,Grupo 7203,Grupo 7203,Grupo 7203,Grupo 7203,Grupo 7203,Grupo 7203,Grupo 7203,7mo Semestre,PROCESOS PSICOSOCIALES Y CULTURALES
CLAVE,ASIGNATURA,LUNES,MARTES,MIERCOLES,JUEVES,VIERNES,SABADO,PROFESOR,OBSERVACIONES,7mo Semestre,PROCESOS PSICOSOCIALES Y CULTURALES
1710,ANALISIS DEL DISCURSO,,,,,12:00 a 15:00 A 105,,GARCIA MERAZ MELISSA,,7mo Semestre,PROCESOS PSICOSOCIALES Y CULTURALES
1711,ANALISIS SEMIOTICO,10:00 a 13:00 A 110,,,,,,MEDINA LIBERTY JOSE ADRIAN ALFREDO,,7mo Semestre,PROCESOS PSICOSOCIALES Y CULTURALES
1712,"CULTURA, TECNOLOGIA Y DIVERSIDAD",,,14:00 a 17:00 A 105,,,,LOPEZ OLMEDO ROBERTO,,7mo Semestre,PROCESOS PSICOSOCIALES Y CULTURALES
1713,ESTRATEGIAS DE INTERVENCION,,,11:00 a 14:00 A 109,,,,PROFESOR PENDIENTE,LA ASIGNATURA SERA IMPARTIDA POR EL DR. ISAIAS LARA KLAHR,7mo Semestre,PROCESOS PSICOSOCIALES Y CULTURALES
Grupo 7204,Grupo 7204,Grupo 7204,Grupo 7204,Grupo 7204,Grupo 7204,Grupo 7204,Grupo 7204,Grupo 7204,Grupo 7204,7mo Semestre,PROCESOS PSICOSOCIALES Y CULTURALES
CLAVE,ASIGNATURA,LUNES,MARTES,MIERCOLES,JUEVES,VIERNES,SABADO,PROFESOR,OBSERVACIONES,7mo Semestre,PROCESOS PSICOSOCIALES Y CULTURALES
1712,"CULTURA, TECNOLOGIA Y DIVERSIDAD",,,,15:00 a 18:00 A 209,,,HUIDOBRO MARQUEZ JUAN CARLOS,,7mo Semestre,PROCESOS PSICOSOCIALES Y CULTURALES
1713,ESTRATEGIAS DE INTERVENCION,10:00 a 13:00 A 109,,,,,,DOMINGUEZ ZUÑIGA TANIA FABIOLA,,7mo Semestre,PROCESOS PSICOSOCIALES Y CULTURALES
Selecciona el semestre a consultar  ----------- 1er Semestre 	3er Semestre 	5to Semestre 	7mo Semestre  OPTATIVAS DE GENERO (Plan 2008)  OPTATIVAS,Selecciona el tipo de busqueda  ----------- Grupo 	Asignatura,Selecciona el campo del conocimiento  ----------- CIENCIAS COGNITIVAS Y DEL COMPORTAMIENTO 	PROCESOS PSICOSOCIALES Y CULTURALES 	PSICOBIOLOGIA Y NEUROCIENCIAS 	PSICOLOGIA CLINICA Y DE LA SALUD 	PSICOLOGIA DE LA EDUCACION 	PSICOLOGIA ORGANIZACIONAL 	CONTEXTUAL,,,,,,,,7mo Semestre,PSICOBIOLOGIA Y NEUROCIENCIAS
,,,,,,,,,,7mo Semestre,PSICOBIOLOGIA Y NEUROCIENCIAS
,,,,,,,,,,7mo Semestre,PSICOBIOLOGIA Y NEUROCIENCIAS
"Grupo 7301  CLAVE  ASIGNATURA  LUNES  MARTES  MIERCOLES  JUEVES  VIERNES  SABADO  PROFESOR  OBSERVACIONES  1731  BIOESTADISTICA  10:00 a 12:00 Edif C Salon 1  10:00 a 12:00 Edif C Salon 1  RUIZ CONTRERAS ALEJANDRA EVELYN  1732  ESTUDIO DE SEÑALES ELECT.CEREBRALS.  08:00 a 10:00 B 03  08:00 a 10:00 B 03  DEL RIO PORTILLA IRMA YOLANDA  1733  NEUROBIOL. DL APRENDIZ.Y LA MEMORIA  12:00 a 15:00 A 304  RAMOS LANGUREN LAURA ELISA  1735  PSICOBIOLOGIA DEL DESARROLLO  15:00 a 18:00 A 112  TORRES KNOOP ISABEL  1736  TEMAS SELECTOS EN PSICOBIOLOG. III  18:30 a 21:30 AULA PENDIENTE  ZAINOS ROSALES ANTONIO PAULINO  TEMA: NEUROCIENCIA DE LA CONCIENCIA  Grupo 7302  CLAVE  ASIGNATURA  LUNES  MARTES  MIERCOLES  JUEVES  VIERNES  SABADO  PROFESOR  OBSERVACIONES  1735  PSICOBIOLOGIA DEL DESARROLLO  10:00 a 13:00 A 003  GARCIA GONZALEZ OCTAVIO CESAR  1736  TEMAS SELECTOS EN PSICOBIOLOG. III  12:00 a 15:00 A 002  OSTROSKY SHEJET FEGGY  TEMA: SEMINARIO DE NEUROPSICOLOGIA  Grupo 7303  CLAVE  ASIGNATURA  LUNES  MARTES  MIERCOLES  JUEVES  VIERNES  SABADO  PROFESOR  OBSERVACIONES  1731  BIOESTADISTICA  16:00 a 18:00 AULA PENDIENTE  16:00 a 18:00 AULA PENDIENTE  GONZALEZ SANTOYO ISAAC  1732  ESTUDIO DE SEÑALES ELECT.CEREBRALS.  17:00 a 21:00 Edif C Salon 3  SIMON ARCEO KARINA  1733  NEUROBIOL. DL APRENDIZ.Y LA MEMORIA  13:00 a 16:00 A 304  CASASOLA CASTRO CESAR  1734  NEUROCIENCIAS COGNOSCITIVAS  18:30 a 21:30 A 314  ZAINOS ROSALES ANTONIO PAULINO  1735  PSICOBIOLOGIA DEL DESARROLLO  17:00 a 18:30 A 002  18:00 a 19:30 A 112  PEREZ FERRARA DAVID ALEJANDRO  1736  TEMAS SELECTOS EN PSICOBIOLOG. III  10:00 a 13:00 AULA PENDIENTE  MUÑOZ TORRES ZEIDY VANESSA  TEMA: DINAMICA CEREBRAL DE PROCESOS GLOBALES  Grupo 7304  CLAVE  ASIGNATURA  LUNES  MARTES  MIERCOLES  JUEVES  VIERNES  SABADO  PROFESOR  OBSERVACIONES  1731  BIOESTADISTICA  12:00 a 14:00 Edif C Salon 1  12:00 a 14:00 Edif C Salon 1  SANCHEZ CASTILLO HUGO  1732  ESTUDIO DE SEÑALES ELECT.CEREBRALS.  14:00 a 18:00 B 07  SOLIS VIVANCO RODOLFO  1734  NEUROCIENCIAS COGNOSCITIVAS  16:00 a 17:30 A 202  16:00 a 17:30 A 202  PEREZ FERRARA DAVID ALEJANDRO  1735  PSICOBIOLOGIA DEL DESARROLLO  11:00 a 14:00 A 001  CRUZ PEREZ FELIPE  1736  TEMAS SELECTOS EN PSICOBIOLOG. III  15:00 a 18:00 A 308  CANSINO ORTIZ CARMEN SELENE  TEMA: METODOS DE INVESTIGACION EN NEUROCOGNICION  Grupo 7305  CLAVE  ASIGNATURA  LUNES  MARTES  MIERCOLES  JUEVES  VIERNES  SABADO  PROFESOR  OBSERVACIONES  1736  TEMAS SELECTOS EN PSICOBIOLOG. III  09:00 a 12:00 A 308  SANCHEZ CASTILLO HUGO  TEMA: TRASTORNOS NEURODEGENERATIVOS Y CONDUCTA  Grupo 7306  CLAVE  ASIGNATURA  LUNES  MARTES  MIERCOLES  JUEVES  VIERNES  SABADO  PROFESOR  OBSERVACIONES  1736  TEMAS SELECTOS EN PSICOBIOLOG. III  11:00 a 14:00 A 309  DURON FIGUEROA RAUL  TEMA: NEUROREHABILITACION, REALIDAD VIRTUAL EN EL AMBITO CLINICO  Grupo 7307  CLAVE  ASIGNATURA  LUNES  MARTES  MIERCOLES  JUEVES  VIERNES  SABADO  PROFESOR  OBSERVACIONES  1736  TEMAS SELECTOS EN PSICOBIOLOG. III  15:00 a 18:00 B 05  CRUZ PEREZ FELIPE  TEMA: INTERVENCION NEUROPSICOLOGICA EN TRASTORNOS DEL NEURODESARROLLO","Grupo 7301  CLAVE  ASIGNATURA  LUNES  MARTES  MIERCOLES  JUEVES  VIERNES  SABADO  PROFESOR  OBSERVACIONES  1731  BIOESTADISTICA  10:00 a 12:00 Edif C Salon 1  10:00 a 12:00 Edif C Salon 1  RUIZ CONTRERAS ALEJANDRA EVELYN  1732  ESTUDIO DE SEÑALES ELECT.CEREBRALS.  08:00 a 10:00 B 03  08:00 a 10:00 B 03  DEL RIO PORTILLA IRMA YOLANDA  1733  NEUROBIOL. DL APRENDIZ.Y LA MEMORIA  12:00 a 15:00 A 304  RAMOS LANGUREN LAURA ELISA  1735  PSICOBIOLOGIA DEL DESARROLLO  15:00 a 18:00 A 112  TORRES KNOOP ISABEL  1736  TEMAS SELECTOS EN PSICOBIOLOG. III  18:30 a 21:30 AULA PENDIENTE  ZAINOS ROSALES ANTONIO PAULINO  TEMA: NEUROCIENCIA DE LA CONCIENCIA  Grupo 7302  CLAVE  ASIGNATURA  LUNES  MARTES  MIERCOLES  JUEVES  VIERNES  SABADO  PROFESOR  OBSERVACIONES  1735  PSICOBIOLOGIA DEL DESARROLLO  10:00 a 13:00 A 003  GARCIA GONZALEZ OCTAVIO CESAR  1736  TEMAS SELECTOS EN PSICOBIOLOG. III  12:00 a 15:00 A 002  OSTROSKY SHEJET FEGGY  TEMA: SEMINARIO DE NEUROPSICOLOGIA  Grupo 7303  CLAVE  ASIGNATURA  LUNES  MARTES  MIERCOLES  JUEVES  VIERNES  SABADO  PROFESOR  OBSERVACIONES  1731  BIOESTADISTICA  16:00 a 18:00 AULA PENDIENTE  16:00 a 18:00 AULA PENDIENTE  GONZALEZ SANTOYO ISAAC  1732  ESTUDIO DE SEÑALES ELECT.CEREBRALS.  17:00 a 21:00 Edif C Salon 3  SIMON ARCEO KARINA  1733  NEUROBIOL. DL APRENDIZ.Y LA MEMORIA  13:00 a 16:00 A 304  CASASOLA CASTRO CESAR  1734  NEUROCIENCIAS COGNOSCITIVAS  18:30 a 21:30 A 314  ZAINOS ROSALES ANTONIO PAULINO  1735  PSICOBIOLOGIA DEL DESARROLLO  17:00 a 18:30 A 002  18:00 a 19:30 A 112  PEREZ FERRARA DAVID ALEJANDRO  1736  TEMAS SELECTOS EN PSICOBIOLOG. III  10:00 a 13:00 AULA PENDIENTE  MUÑOZ TORRES ZEIDY VANESSA  TEMA: DINAMICA CEREBRAL DE PROCESOS GLOBALES  Grupo 7304  CLAVE  ASIGNATURA  LUNES  MARTES  MIERCOLES  JUEVES  VIERNES  SABADO  PROFESOR  OBSERVACIONES  1731  BIOESTADISTICA  12:00 a 14:00 Edif C Salon 1  12:00 a 14:00 Edif C Salon 1  SANCHEZ CASTILLO HUGO  1732  ESTUDIO DE SEÑALES ELECT.CEREBRALS.  14:00 a 18:00 B 07  SOLIS VIVANCO RODOLFO  1734  NEUROCIENCIAS COGNOSCITIVAS  16:00 a 17:30 A 202  16:00 a 17:30 A 202  PEREZ FERRARA DAVID ALEJANDRO  1735  PSICOBIOLOGIA DEL DESARROLLO  11:00 a 14:00 A 001  CRUZ PEREZ FELIPE  1736  TEMAS SELECTOS EN PSICOBIOLOG. III  15:00 a 18:00 A 308  CANSINO ORTIZ CARMEN SELENE  TEMA: METODOS DE INVESTIGACION EN NEUROCOGNICION  Grupo 7305  CLAVE  ASIGNATURA  LUNES  MARTES  MIERCOLES  JUEVES  VIERNES  SABADO  PROFESOR  OBSERVACIONES  1736  TEMAS SELECTOS EN PSICOBIOLOG. III  09:00 a 12:00 A 308  SANCHEZ CASTILLO HUGO  TEMA: TRASTORNOS NEURODEGENERATIVOS Y CONDUCTA  Grupo 7306  CLAVE  ASIGNATURA  LUNES  MARTES  MIERCOLES  JUEVES  VIERNES  SABADO  PROFESOR  OBSERVACIONES  1736  TEMAS SELECTOS EN PSICOBIOLOG. III  11:00 a 14:00 A 309  DURON FIGUEROA RAUL  TEMA: NEUROREHABILITACION, REALIDAD VIRTUAL EN EL AMBITO CLINICO  Grupo 7307  CLAVE  ASIGNATURA  LUNES  MARTES  MIERCOLES  JUEVES  VIERNES  SABADO  PROFESOR  OBSERVACIONES  1736  TEMAS SELECTOS EN PSICOBIOLOG. III  15:00 a 18:00 B 05  CRUZ PEREZ FELIPE  TEMA: INTERVENCION NEUROPSICOLOGICA EN TRASTORNOS DEL NEURODESARROLLO","Grupo 7301  CLAVE  ASIGNATURA  LUNES  MARTES  MIERCOLES  JUEVES  VIERNES  SABADO  PROFESOR  OBSERVACIONES  1731  BIOESTADISTICA  10:00 a 12:00 Edif C Salon 1  10:00 a 12:00 Edif C Salon 1  RUIZ CONTRERAS ALEJANDRA EVELYN  1732  ESTUDIO DE SEÑALES ELECT.CEREBRALS.  08:00 a 10:00 B 03  08:00 a 10:00 B 03  DEL RIO PORTILLA IRMA YOLANDA  1733  NEUROBIOL. DL APRENDIZ.Y LA MEMORIA  12:00 a 15:00 A 304  RAMOS LANGUREN LAURA ELISA  1735  PSICOBIOLOGIA DEL DESARROLLO  15:00 a 18:00 A 112  TORRES KNOOP ISABEL  1736  TEMAS SELECTOS EN PSICOBIOLOG. III  18:30 a 21:30 AULA PENDIENTE  ZAINOS ROSALES ANTONIO PAULINO  TEMA: NEUROCIENCIA DE LA CONCIENCIA  Grupo 7302  CLAVE  ASIGNATURA  LUNES  MARTES  MIERCOLES  JUEVES  VIERNES  SABADO  PROFESOR  OBSERVACIONES  1735  PSICOBIOLOGIA DEL DESARROLLO  10:00 a 13:00 A 003  GARCIA GONZALEZ OCTAVIO CESAR  1736  TEMAS SELECTOS EN PSICOBIOLOG. III  12:00 a 15:00 A 002  OSTROSKY SHEJET FEGGY  TEMA: SEMINARIO DE NEUROPSICOLOGIA  Grupo 7303  CLAVE  ASIGNATURA  LUNES  MARTES  MIERCOLES  JUEVES  VIERNES  SABADO  PROFESOR  OBSERVACIONES  1731  BIOESTADISTICA  16:00 a 18:00 AULA PENDIENTE  16:00 a 18:00 AULA PENDIENTE  GONZALEZ SANTOYO ISAAC  1732  ESTUDIO DE SEÑALES ELECT.CEREBRALS.  17:00 a 21:00 Edif C Salon 3  SIMON ARCEO KARINA  1733  NEUROBIOL. DL APRENDIZ.Y LA MEMORIA  13:00 a 16:00 A 304  CASASOLA CASTRO CESAR  1734  NEUROCIENCIAS COGNOSCITIVAS  18:30 a 21:30 A 314  ZAINOS ROSALES ANTONIO PAULINO  1735  PSICOBIOLOGIA DEL DESARROLLO  17:00 a 18:30 A 002  18:00 a 19:30 A 112  PEREZ FERRARA DAVID ALEJANDRO  1736  TEMAS SELECTOS EN PSICOBIOLOG. III  10:00 a 13:00 AULA PENDIENTE  MUÑOZ TORRES ZEIDY VANESSA  TEMA: DINAMICA CEREBRAL DE PROCESOS GLOBALES  Grupo 7304  CLAVE  ASIGNATURA  LUNES  MARTES  MIERCOLES  JUEVES  VIERNES  SABADO  PROFESOR  OBSERVACIONES  1731  BIOESTADISTICA  12:00 a 14:00 Edif C Salon 1  12:00 a 14:00 Edif C Salon 1  SANCHEZ CASTILLO HUGO  1732  ESTUDIO DE SEÑALES ELECT.CEREBRALS.  14:00 a 18:00 B 07  SOLIS VIVANCO RODOLFO  1734  NEUROCIENCIAS COGNOSCITIVAS  16:00 a 17:30 A 202  16:00 a 17:30 A 202  PEREZ FERRARA DAVID ALEJANDRO  1735  PSICOBIOLOGIA DEL DESARROLLO  11:00 a 14:00 A 001  CRUZ PEREZ FELIPE  1736  TEMAS SELECTOS EN PSICOBIOLOG. III  15:00 a 18:00 A 308  CANSINO ORTIZ CARMEN SELENE  TEMA: METODOS DE INVESTIGACION EN NEUROCOGNICION  Grupo 7305  CLAVE  ASIGNATURA  LUNES  MARTES  MIERCOLES  JUEVES  VIERNES  SABADO  PROFESOR  OBSERVACIONES  1736  TEMAS SELECTOS EN PSICOBIOLOG. III  09:00 a 12:00 A 308  SANCHEZ CASTILLO HUGO  TEMA: TRASTORNOS NEURODEGENERATIVOS Y CONDUCTA  Grupo 7306  CLAVE  ASIGNATURA  LUNES  MARTES  MIERCOLES  JUEVES  VIERNES  SABADO  PROFESOR  OBSERVACIONES  1736  TEMAS SELECTOS EN PSICOBIOLOG. III  11:00 a 14:00 A 309  DURON FIGUEROA RAUL  TEMA: NEUROREHABILITACION, REALIDAD VIRTUAL EN EL AMBITO CLINICO  Grupo 7307  CLAVE  ASIGNATURA  LUNES  MARTES  MIERCOLES  JUEVES  VIERNES  SABADO  PROFESOR  OBSERVACIONES  1736  TEMAS SELECTOS EN PSICOBIOLOG. III  15:00 a 18:00 B 05  CRUZ PEREZ FELIPE  TEMA: INTERVENCION NEUROPSICOLOGICA EN TRASTORNOS DEL NEURODESARROLLO",,,,,,,,7mo Semestre,PSICOBIOLOGIA Y NEUROCIENCIAS
Grupo 7301,Grupo 7301,Grupo 7301,Grupo 7301,Grupo 7301,Grupo 7301,Grupo 7301,Grupo 7301,Grupo 7301,Grupo 7301,7mo Semestre,PSICOBIOLOGIA Y NEUROCIENCIAS
CLAVE,ASIGNATURA,LUNES,MARTES,MIERCOLES,JUEVES,VIERNES,SABADO,PROFESOR,OBSERVACIONES,7mo Semestre,PSICOBIOLOGIA Y NEUROCIENCIAS
1731,BIOESTADISTICA,,10:00 a 12:00 Edif C Salon 1,10:00 a 12:00 Edif C Salon 1,,,,RUIZ CONTRERAS ALEJANDRA EVELYN,,7mo Semestre,PSICOBIOLOGIA Y NEUROCIENCIAS
1732,ESTUDIO DE SEÑALES ELECT.CEREBRALS.,,08:00 a 10:00 B 03,08:00 a 10:00 B 03,,,,DEL RIO PORTILLA IRMA YOLANDA,,7mo Semestre,PSICOBIOLOGIA Y NEUROCIENCIAS
1733,NEUROBIOL. DL APRENDIZ.Y LA MEMORIA,,,,,12:00 a 15:00 A 304,,RAMOS LANGUREN LAURA ELISA,,7mo Semestre,PSICOBIOLOGIA Y NEUROCIENCIAS
1735,PSICOBIOLOGIA DEL DESARROLLO,15:00 a 18:00 A 112,,,,,,TORRES KNOOP ISABEL,,7mo Semestre,PSICOBIOLOGIA Y NEUROCIENCIAS
1736,TEMAS SELECTOS EN PSICOBIOLOG. III,,18:30 a 21:30 AULA PENDIENTE,,,,,ZAINOS ROSALES ANTONIO PAULINO,TEMA: NEUROCIENCIA DE LA CONCIENCIA,7mo Semestre,PSICOBIOLOGIA Y NEUROCIENCIAS
Grupo 7302,Grupo 7302,Grupo 7302,Grupo 7302,Grupo 7302,Grupo 7302,Grupo 7302,Grupo 7302,Grupo 7302,Grupo 7302,7mo Semestre,PSICOBIOLOGIA Y NEUROCIENCIAS
CLAVE,ASIGNATURA,LUNES,MARTES,MIERCOLES,JUEVES,VIERNES,SABADO,PROFESOR,OBSERVACIONES,7mo Semestre,PSICOBIOLOGIA Y NEUROCIENCIAS
1735,PSICOBIOLOGIA DEL DESARROLLO,,10:00 a 13:00 A 003,,,,,GARCIA GONZALEZ OCTAVIO CESAR,,7mo Semestre,PSICOBIOLOGIA Y NEUROCIENCIAS
1736,TEMAS SELECTOS EN PSICOBIOLOG. III,,,,,12:00 a 15:00 A 002,,OSTROSKY SHEJET FEGGY,TEMA: SEMINARIO DE NEUROPSICOLOGIA,7mo Semestre,PSICOBIOLOGIA Y NEUROCIENCIAS
Grupo 7303,Grupo 7303,Grupo 7303,Grupo 7303,Grupo 7303,Grupo 7303,Grupo 7303,Grupo 7303,Grupo 7303,Grupo 7303,7mo Semestre,PSICOBIOLOGIA Y NEUROCIENCIAS
CLAVE,ASIGNATURA,LUNES,MARTES,MIERCOLES,JUEVES,VIERNES,SABADO,PROFESOR,OBSERVACIONES,7mo Semestre,PSICOBIOLOGIA Y NEUROCIENCIAS
1731,BIOESTADISTICA,16:00 a 18:00 AULA PENDIENTE,,16:00 a 18:00 AULA PENDIENTE,,,,GONZALEZ SANTOYO ISAAC,,7mo Semestre,PSICOBIOLOGIA Y NEUROCIENCIAS
1732,ESTUDIO DE SEÑALES ELECT.CEREBRALS.,,,,17:00 a 21:00 Edif C Salon 3,,,SIMON ARCEO KARINA,,7mo Semestre,PSICOBIOLOGIA Y NEUROCIENCIAS
1733,NEUROBIOL. DL APRENDIZ.Y LA MEMORIA,,13:00 a 16:00 A 304,,,,,CASASOLA CASTRO CESAR,,7mo Semestre,PSICOBIOLOGIA Y NEUROCIENCIAS
1734,NEUROCIENCIAS COGNOSCITIVAS,18:30 a 21:30 A 314,,,,,,ZAINOS ROSALES ANTONIO PAULINO,,7mo Semestre,PSICOBIOLOGIA Y NEUROCIENCIAS
1735,PSICOBIOLOGIA DEL DESARROLLO,,17:00 a 18:30 A 002,18:00 a 19:30 A 112,,,,PEREZ FERRARA DAVID ALEJANDRO,,7mo Semestre,PSICOBIOLOGIA Y NEUROCIENCIAS
1736,TEMAS SELECTOS EN PSICOBIOLOG. III,,10:00 a 13:00 AULA PENDIENTE,,,,,MUÑOZ TORRES ZEIDY VANESSA,TEMA: DINAMICA CEREBRAL DE PROCESOS GLOBALES,7mo Semestre,PSICOBIOLOGIA Y NEUROCIENCIAS
Grupo 7304,Grupo 7304,Grupo 7304,Grupo 7304,Grupo 7304,Grupo 7304,Grupo 7304,Grupo 7304,Grupo 7304,Grupo 7304,7mo Semestre,PSICOBIOLOGIA Y NEUROCIENCIAS
CLAVE,ASIGNATURA,LUNES,MARTES,MIERCOLES,JUEVES,VIERNES,SABADO,PROFESOR,OBSERVACIONES,7mo Semestre,PSICOBIOLOGIA Y NEUROCIENCIAS
1731,BIOESTADISTICA,12:00 a 14:00 Edif C Salon 1,12:00 a 14:00 Edif C Salon 1,,,,,SANCHEZ CASTILLO HUGO,,7mo Semestre,PSICOBIOLOGIA Y NEUROCIENCIAS
1732,ESTUDIO DE SEÑALES ELECT.CEREBRALS.,,14:00 a 18:00 B 07,,,,,SOLIS VIVANCO RODOLFO,,7mo Semestre,PSICOBIOLOGIA Y NEUROCIENCIAS
1734,NEUROCIENCIAS COGNOSCITIVAS,,,,16:00 a 17:30 A 202,16:00 a 17:30 A 202,,PEREZ FERRARA DAVID ALEJANDRO,,7mo Semestre,PSICOBIOLOGIA Y NEUROCIENCIAS
1735,PSICOBIOLOGIA DEL DESARROLLO,,,,11:00 a 14:00 A 001,,,CRUZ PEREZ FELIPE,,7mo Semestre,PSICOBIOLOGIA Y NEUROCIENCIAS
1736,TEMAS SELECTOS EN PSICOBIOLOG. III,,,15:00 a 18:00 A 308,,,,CANSINO ORTIZ CARMEN SELENE,TEMA: METODOS DE INVESTIGACION EN NEUROCOGNICION,7mo Semestre,PSICOBIOLOGIA Y NEUROCIENCIAS
Grupo 7305,Grupo 7305,Grupo 7305,Grupo 7305,Grupo 7305,Grupo 7305,Grupo 7305,Grupo 7305,Grupo 7305,Grupo 7305,7mo Semestre,PSICOBIOLOGIA Y NEUROCIENCIAS
CLAVE,ASIGNATURA,LUNES,MARTES,MIERCOLES,JUEVES,VIERNES,SABADO,PROFESOR,OBSERVACIONES,7mo Semestre,PSICOBIOLOGIA Y NEUROCIENCIAS
1736,TEMAS SELECTOS EN PSICOBIOLOG. III,09:00 a 12:00 A 308,,,,,,SANCHEZ CASTILLO HUGO,TEMA: TRASTORNOS NEURODEGENERATIVOS Y CONDUCTA,7mo Semestre,PSICOBIOLOGIA Y NEUROCIENCIAS
Grupo 7306,Grupo 7306,Grupo 7306,Grupo 7306,Grupo 7306,Grupo 7306,Grupo 7306,Grupo 7306,Grupo 7306,Grupo 7306,7mo Semestre,PSICOBIOLOGIA Y NEUROCIENCIAS
CLAVE,ASIGNATURA,LUNES,MARTES,MIERCOLES,JUEVES,VIERNES,SABADO,PROFESOR,OBSERVACIONES,7mo Semestre,PSICOBIOLOGIA Y NEUROCIENCIAS
1736,TEMAS SELECTOS EN PSICOBIOLOG. III,11:00 a 14:00 A 309,,,,,,DURON FIGUEROA RAUL,"TEMA: NEUROREHABILITACION, REALIDAD VIRTUAL EN EL AMBITO CLINICO",7mo Semestre,PSICOBIOLOGIA Y NEUROCIENCIAS
Grupo 7307,Grupo 7307,Grupo 7307,Grupo 7307,Grupo 7307,Grupo 7307,Grupo 7307,Grupo 7307,Grupo 7307,Grupo 7307,7mo Semestre,PSICOBIOLOGIA Y NEUROCIENCIAS
CLAVE,ASIGNATURA,LUNES,MARTES,MIERCOLES,JUEVES,VIERNES,SABADO,PROFESOR,OBSERVACIONES,7mo Semestre,PSICOBIOLOGIA Y NEUROCIENCIAS
1736,TEMAS SELECTOS EN PSICOBIOLOG. III,,,,15:00 a 18:00 B 05,,,CRUZ PEREZ FELIPE,TEMA: INTERVENCION NEUROPSICOLOGICA EN TRASTORNOS DEL NEURODESARROLLO,7mo Semestre,PSICOBIOLOGIA Y NEUROCIENCIAS
Selecciona el semestre a consultar  ----------- 1er Semestre 	3er Semestre 	5to Semestre 	7mo Semestre  OPTATIVAS DE GENERO (Plan 2008)  OPTATIVAS,Selecciona el tipo de busqueda  ----------- Grupo 	Asignatura,Selecciona el campo del conocimiento  ----------- CIENCIAS COGNITIVAS Y DEL COMPORTAMIENTO 	PROCESOS PSICOSOCIALES Y CULTURALES 	PSICOBIOLOGIA Y NEUROCIENCIAS 	PSICOLOGIA CLINICA Y DE LA SALUD 	PSICOLOGIA DE LA EDUCACION 	PSICOLOGIA ORGANIZACIONAL 	CONTEXTUAL,,,,,,,,7mo Semestre,PSICOLOGIA CLINICA Y DE LA SALUD
,,,,,,,,,,7mo Semestre,PSICOLOGIA CLINICA Y DE LA SALUD
,,,,,,,,,,7mo Semestre,PSICOLOGIA CLINICA Y DE LA SALUD
"Grupo 7401  CLAVE  ASIGNATURA  LUNES  MARTES  MIERCOLES  JUEVES  VIERNES  SABADO  PROFESOR  OBSERVACIONES  1719  INTEGRACION DE INFORMES PSICOLOG.  15:00 a 18:00 A 309  10:00 a 13:00 A 001  ACOSTA GALVAN SAMUEL  LA PRáCTICA SE REALIZARá LOS DíAS SáBADO EN LA SEDE DE LA OFICINA DE DEFENSORíA DE LOS DERECHOS DE LA INFANCIA. LA FECHA ESTIMADA DE INICIO SERá A MEDIADOS DE SEPTIEMBRE.  1720  PSICOPATOLOGIA Y PERSONALIDAD  09:00 a 15:00 AULA PENDIENTE  AYALA MURGUIA DAVID FRANCISCO  DE 9:00 A 11:00 LA CLASE SERá EN A102 Y DE 11:00 A 15:00 EN A109  1721  TEORIAS PSICOLOGICAS DE LA SALUD  12:00 a 15:00 B 07  PROFESOR PENDIENTE LA CLASE SERá IMPARTIDA POR LA MTRA. MARIANA OVIEDO GOMEZ  1722  TEORIAS Y SISTEMAS TERAPEUTICOS  08:00 a 11:00 A 109  RAMIREZ CAMACHO MARÍA DEL CARMEN  Grupo 7402  CLAVE  ASIGNATURA  LUNES  MARTES  MIERCOLES  JUEVES  VIERNES  SABADO  PROFESOR  OBSERVACIONES  1719  INTEGRACION DE INFORMES PSICOLOG.  09:00 a 12:00 A 101  09:00 a 12:00 B 07  SOMARRIBA ROCHA LAURA ANGELA  1720  PSICOPATOLOGIA Y PERSONALIDAD  07:00 a 13:00 A 310  MORA GUTIERREZ GERARDO  1721  TEORIAS PSICOLOGICAS DE LA SALUD  09:00 a 12:00 AULA PENDIENTE  MARTINEZ BASURTO AIME EDITH  LA CLASE SE LLEVARá A CABO EN EL INSTITUTO NACIONAL DE ENFERMEDADES RESPIRATORIAS (INER) A MEDIADOS DE SEPTIEMBRE. LAS PRIMERAS SESIONES SE REALIZARáN EN LíNEA. SE REQUIERE CONTAR CON ESQUEMA DE VACUNACIóN COMPLETO.  1722  TEORIAS Y SISTEMAS TERAPEUTICOS  08:00 a 11:00 A 205  RODRIGUEZ SERRANO AIDEE ELENA  Grupo 7403  CLAVE  ASIGNATURA  LUNES  MARTES  MIERCOLES  JUEVES  VIERNES  SABADO  PROFESOR  OBSERVACIONES  1719  INTEGRACION DE INFORMES PSICOLOG.  16:00 a 19:00 Edif C Salon 3  16:00 a 19:00 Edif C Salon 3  MARQUEZ VERDUZCO DAVID  1720  PSICOPATOLOGIA Y PERSONALIDAD  08:00 a 14:00 Edif C Salon 3  LANDA RAMÍREZ EDGAR  LA CLASE SE LLEVARá A CABO EN EL HOSPITAL GENERAL DR. MANUEL GEA GONZáLEZ A PARTIR DE MEDIADOS DE SEPTIEMBRE; LAS PRIMERAS SESIONES SE REALIZARáN EN LíNEA. OBLIGATORIO CONTAR CON LAS VACUNAS DE INFLUENZA Y COVID-19.  1721  TEORIAS PSICOLOGICAS DE LA SALUD  13:00 a 16:00 Edif C Salon 2  MONDRAGON GOMEZ RAQUEL  1722  TEORIAS Y SISTEMAS TERAPEUTICOS  08:00 a 11:00 A 101  PROFESOR PENDIENTE LA CLASE SERá IMPARTIDA POR LA MTRA. ANGELINA ROMERO HERRERA  Grupo 7404  CLAVE  ASIGNATURA  LUNES  MARTES  MIERCOLES  JUEVES  VIERNES  SABADO  PROFESOR  OBSERVACIONES  1719  INTEGRACION DE INFORMES PSICOLOG.  08:00 a 11:00 Edif C Salon 4  08:00 a 11:00 A 308  SOTO CRISTOBAL GABRIEL  LA PRáCTICA EN ESCENARIO SE LLEVARá A CABO LOS DíAS JUEVES EN EL COLEGIO AGUSTíN GARCíA CONDE, A PARTIR DE MEDIADOS DE OCTUBRE.  1720  PSICOPATOLOGIA Y PERSONALIDAD  11:00 a 14:00 A 302  11:00 a 14:00 A 302  PROFESOR PENDIENTE LA CLASE SERá IMPARTIDA POR EL MTRO. JUAN MANUEL SANTIAGO MALDONADO  1721  TEORIAS PSICOLOGICAS DE LA SALUD  10:00 a 13:00 A 112  SANCHEZ SOSA JUAN JOSE  1722  TEORIAS Y SISTEMAS TERAPEUTICOS  10:00 a 13:00 Edif C Salon 1  DE LA VEGA MORALES ROCIO IVONNE  Grupo 7405  CLAVE  ASIGNATURA  LUNES  MARTES  MIERCOLES  JUEVES  VIERNES  SABADO  PROFESOR  OBSERVACIONES  1719  INTEGRACION DE INFORMES PSICOLOG.  12:00 a 14:00 AULA PENDIENTE  09:00 a 13:00 AULA PENDIENTE  CERVANTES BAZAN KARLA ALEJANDRA  LA PRáCTICA EN ESCENARIO SE LLEVARá A CABO LOS DíAS JUEVES EN EL COLEGIO EXCELA, UBICADO EN COYOACáN, A PARTIR DE MEDIADOS DE OCTUBRE. AULAS ASIGNADAS: DE 9:00 A 12:00 EN A313 Y DE 11:00 A 13:00 EN A311  1721  TEORIAS PSICOLOGICAS DE LA SALUD  08:00 a 11:00 A 002  GUTIERREZ LARA MARIANA  1722  TEORIAS Y SISTEMAS TERAPEUTICOS  08:00 a 11:00 A 003  GUTIERREZ LARA MARIANA  Grupo 7406  CLAVE  ASIGNATURA  LUNES  MARTES  MIERCOLES  JUEVES  VIERNES  SABADO  PROFESOR  OBSERVACIONES  1719  INTEGRACION DE INFORMES PSICOLOG.  11:00 a 14:00 A 313  11:00 a 14:00 A 311  BECERRIL PEREZ MARIA SANTOS  LA PRáCTICA EN ESCENARIO SE LLEVARá A CABO LOS DíAS MIéRCOLES EN EL COLEGIO AGUSTíN GARCíA CONDE, A PARTIR DEL MES DE OCTUBRE.  1720  PSICOPATOLOGIA Y PERSONALIDAD  09:00 a 12:00 A 311  10:00 a 13:00 Edif C Salon 4  BARRERA GUTIERREZ JOSE LUIS  LA PRáCTICA EN ESCENARIO SE LLEVARá A CABO LOS DíAS VIERNES EN LA RESIDENCIA 1721  TEORIAS PSICOLOGICAS DE LA SALUD  12:00 a 15:00 A 201  PROFESOR PENDIENTE Grupo 7407  CLAVE  ASIGNATURA  LUNES  MARTES  MIERCOLES  JUEVES  VIERNES  SABADO  PROFESOR  OBSERVACIONES  1719  INTEGRACION DE INFORMES PSICOLOG.  11:00 a 14:00 Edif C Salon 3  11:00 a 14:00 Edif C Salon 1  HERNANDEZ TREJO LAURA AMADA  LA PRáCTICA EN ESCENARIO SE LLEVARá A CABO LOS DíAS JUEVES EN EL CENTRO COMUNITARIO DR. JULIáN MACGREGOR Y SáNCHEZ NAVARRO / DIRECCIóN GENERAL DE ATENCIóN A LA SALUD (DGAS), A PARTIR DE OCTUBRE.  1720  PSICOPATOLOGIA Y PERSONALIDAD  08:00 a 11:00 A 301  08:00 a 11:00 A 301  SOSA TORRALBA JANETT ESMERALDA  1721  TEORIAS PSICOLOGICAS DE LA SALUD  09:00 a 12:00 AULA PENDIENTE  MARTINEZ BASURTO AIME EDITH  LA CLASE SE LLEVARá A CABO EN EL INSTITUTO NACIONAL DE ENFERMEDADES RESPIRATORIAS (INER) A PARTIR DEL MES DE SEPTIEMBRE. LAS PRIMERAS SESIONES SE REALIZARáN EN LíNEA. SE REQUIERE CONTAR CON ESQUEMA DE VACUNACIóN COMPLETO.  Grupo 7408  CLAVE  ASIGNATURA  LUNES  MARTES  MIERCOLES  JUEVES  VIERNES  SABADO  PROFESOR  OBSERVACIONES  1719  INTEGRACION DE INFORMES PSICOLOG.  12:00 a 15:00 A 002  10:00 a 13:00 A 001  MANCILLA GOMEZ BLANCA ELENA  1720  PSICOPATOLOGIA Y PERSONALIDAD  11:00 a 14:00 A 302  11:00 a 14:00 A 202  RUÍZ GONZÁLEZ VERÓNICA  1721  TEORIAS PSICOLOGICAS DE LA SALUD  17:00 a 20:00 A 302  SANCHEZ XICOTENCATL CARLOS OMAR  1722  TEORIAS Y SISTEMAS TERAPEUTICOS  13:00 a 16:00 A 210  MEDINA GUTIERREZ MIGUEL ANGEL  Grupo 7409  CLAVE  ASIGNATURA  LUNES  MARTES  MIERCOLES  JUEVES  VIERNES  SABADO  PROFESOR  OBSERVACIONES  1719  INTEGRACION DE INFORMES PSICOLOG.  10:00 a 13:00 A 311  10:00 a 13:00 A 314  PROFESOR PENDIENTE LA CLASE SE LLEVARá A CABO EN EL CENTRO COMUNITARIO DR. JULIáN MACGREGOR Y SáNCHEZ NAVARRO. LA MTRA. INGRID TORAL IMPARTIRá LA TEORíA LOS LUNES Y LA MTRA. GABRIELA VáZQUEZ LA PRáCTICA LOS VIERNES. LAS PRIMERAS SESIONES SE REALIZARáN EN LíNEA.  1720  PSICOPATOLOGIA Y PERSONALIDAD  08:00 a 14:00 A 102  AURON ZALTZMAN DAVID  1722  TEORIAS Y SISTEMAS TERAPEUTICOS  10:00 a 13:00 A 304  PROFESOR PENDIENTE LA CLASE SERá IMPARTIDA POR LA MTRA. NANCY ANGéLICA GARCíA BARAJAS  Grupo 7410  CLAVE  ASIGNATURA  LUNES  MARTES  MIERCOLES  JUEVES  VIERNES  SABADO  PROFESOR  OBSERVACIONES  1720  PSICOPATOLOGIA Y PERSONALIDAD  12:00 a 15:00 A 304  12:00 a 15:00 A 304  PROFESOR PENDIENTE LA CLASE LA IMPARTIRá LA DRA. ROMANA SILVIA PLATAS ACEVEDO  1722  TEORIAS Y SISTEMAS TERAPEUTICOS  15:00 a 18:00 A 202  ESPINOZA SALGADO FATIMA SAGRARIO  Grupo 7411  CLAVE  ASIGNATURA  LUNES  MARTES  MIERCOLES  JUEVES  VIERNES  SABADO  PROFESOR  OBSERVACIONES  1719  INTEGRACION DE INFORMES PSICOLOG.  18:00 a 20:00 A 003  15:00 a 19:00 A 003  JOYA LAUREANO LILIA  1720  PSICOPATOLOGIA Y PERSONALIDAD  15:00 a 18:00 A 304  14:00 a 17:00 A 302  SANCHEZ XICOTENCATL CARLOS OMAR  1722  TEORIAS Y SISTEMAS TERAPEUTICOS  12:00 a 15:00 A 201  PROFESOR PENDIENTE LA CLASE SERá IMPARTIDA POR LA MTRA. ALITZEL EURíDICE TAPIA GARCíA  Grupo 7412  CLAVE  ASIGNATURA  LUNES  MARTES  MIERCOLES  JUEVES  VIERNES  SABADO  PROFESOR  OBSERVACIONES  1720  PSICOPATOLOGIA Y PERSONALIDAD  10:00 a 13:00 Edif C Salon 4  11:00 a 14:00 AULA PENDIENTE  GALAN LOPEZ QUETZAL NATALIA  LA PRáCTICA SE REALIZARá LOS DíAS MARTES EN LA FUNDACIóN MEXICANA PARA LA FIBROMIALGIA, A PARTIR DE MEDIADOS DE SEPTIEMBRE.  1721  TEORIAS PSICOLOGICAS DE LA SALUD  16:00 a 19:00 Edif C Salon 1  PADILLA MARQUEZ XOCHITL BERENICE  Grupo 7413  CLAVE  ASIGNATURA  LUNES  MARTES  MIERCOLES  JUEVES  VIERNES  SABADO  PROFESOR  OBSERVACIONES  1720  PSICOPATOLOGIA Y PERSONALIDAD  17:00 a 20:00 A 310  17:00 a 20:00 Edif C Salon 3  LOPEZ MONTOYA ALEJANDRA  1721  TEORIAS PSICOLOGICAS DE LA SALUD  17:00 a 20:00 A 114  GORDILLO MORENO TANIA  1722  TEORIAS Y SISTEMAS TERAPEUTICOS  15:00 a 18:00 A 112  ESPINOZA SALGADO FATIMA SAGRARIO  Grupo 7414  CLAVE  ASIGNATURA  LUNES  MARTES  MIERCOLES  JUEVES  VIERNES  SABADO  PROFESOR  OBSERVACIONES  1720  PSICOPATOLOGIA Y PERSONALIDAD  17:00 a 20:00 Edif C Salon 2  16:00 a 19:00 Edif C Salon 2  MARQUEZ VERDUZCO DAVID  1721  TEORIAS PSICOLOGICAS DE LA SALUD  15:00 a 18:00 Edif C Salon 2  GAMIOCHIPI CANO MIREYA  1722  TEORIAS Y SISTEMAS TERAPEUTICOS  14:00 a 17:00 A 001  MEDINA GUTIERREZ MIGUEL ANGEL","Grupo 7401  CLAVE  ASIGNATURA  LUNES  MARTES  MIERCOLES  JUEVES  VIERNES  SABADO  PROFESOR  OBSERVACIONES  1719  INTEGRACION DE INFORMES PSICOLOG.  15:00 a 18:00 A 309  10:00 a 13:00 A 001  ACOSTA GALVAN SAMUEL  LA PRáCTICA SE REALIZARá LOS DíAS SáBADO EN LA SEDE DE LA OFICINA DE DEFENSORíA DE LOS DERECHOS DE LA INFANCIA. LA FECHA ESTIMADA DE INICIO SERá A MEDIADOS DE SEPTIEMBRE.  1720  PSICOPATOLOGIA Y PERSONALIDAD  09:00 a 15:00 AULA PENDIENTE  AYALA MURGUIA DAVID FRANCISCO  DE 9:00 A 11:00 LA CLASE SERá EN A102 Y DE 11:00 A 15:00 EN A109  1721  TEORIAS PSICOLOGICAS DE LA SALUD  12:00 a 15:00 B 07  PROFESOR PENDIENTE LA CLASE SERá IMPARTIDA POR LA MTRA. MARIANA OVIEDO GOMEZ  1722  TEORIAS Y SISTEMAS TERAPEUTICOS  08:00 a 11:00 A 109  RAMIREZ CAMACHO MARÍA DEL CARMEN  Grupo 7402  CLAVE  ASIGNATURA  LUNES  MARTES  MIERCOLES  JUEVES  VIERNES  SABADO  PROFESOR  OBSERVACIONES  1719  INTEGRACION DE INFORMES PSICOLOG.  09:00 a 12:00 A 101  09:00 a 12:00 B 07  SOMARRIBA ROCHA LAURA ANGELA  1720  PSICOPATOLOGIA Y PERSONALIDAD  07:00 a 13:00 A 310  MORA GUTIERREZ GERARDO  1721  TEORIAS PSICOLOGICAS DE LA SALUD  09:00 a 12:00 AULA PENDIENTE  MARTINEZ BASURTO AIME EDITH  LA CLASE SE LLEVARá A CABO EN EL INSTITUTO NACIONAL DE ENFERMEDADES RESPIRATORIAS (INER) A MEDIADOS DE SEPTIEMBRE. LAS PRIMERAS SESIONES SE REALIZARáN EN LíNEA. SE REQUIERE CONTAR CON ESQUEMA DE VACUNACIóN COMPLETO.  1722  TEORIAS Y SISTEMAS TERAPEUTICOS  08:00 a 11:00 A 205  RODRIGUEZ SERRANO AIDEE ELENA  Grupo 7403  CLAVE  ASIGNATURA  LUNES  MARTES  MIERCOLES  JUEVES  VIERNES  SABADO  PROFESOR  OBSERVACIONES  1719  INTEGRACION DE INFORMES PSICOLOG.  16:00 a 19:00 Edif C Salon 3  16:00 a 19:00 Edif C Salon 3  MARQUEZ VERDUZCO DAVID  1720  PSICOPATOLOGIA Y PERSONALIDAD  08:00 a 14:00 Edif C Salon 3  LANDA RAMÍREZ EDGAR  LA CLASE SE LLEVARá A CABO EN EL HOSPITAL GENERAL DR. MANUEL GEA GONZáLEZ A PARTIR DE MEDIADOS DE SEPTIEMBRE; LAS PRIMERAS SESIONES SE REALIZARáN EN LíNEA. OBLIGATORIO CONTAR CON LAS VACUNAS DE INFLUENZA Y COVID-19.  1721  TEORIAS PSICOLOGICAS DE LA SALUD  13:00 a 16:00 Edif C Salon 2  MONDRAGON GOMEZ RAQUEL  1722  TEORIAS Y SISTEMAS TERAPEUTICOS  08:00 a 11:00 A 101  PROFESOR PENDIENTE LA CLASE SERá IMPARTIDA POR LA MTRA. ANGELINA ROMERO HERRERA  Grupo 7404  CLAVE  ASIGNATURA  LUNES  MARTES  MIERCOLES  JUEVES  VIERNES  SABADO  PROFESOR  OBSERVACIONES  1719  INTEGRACION DE INFORMES PSICOLOG.  08:00 a 11:00 Edif C Salon 4  08:00 a 11:00 A 308  SOTO CRISTOBAL GABRIEL  LA PRáCTICA EN ESCENARIO SE LLEVARá A CABO LOS DíAS JUEVES EN EL COLEGIO AGUSTíN GARCíA CONDE, A PARTIR DE MEDIADOS DE OCTUBRE.  1720  PSICOPATOLOGIA Y PERSONALIDAD  11:00 a 14:00 A 302  11:00 a 14:00 A 302  PROFESOR PENDIENTE LA CLASE SERá IMPARTIDA POR EL MTRO. JUAN MANUEL SANTIAGO MALDONADO  1721  TEORIAS PSICOLOGICAS DE LA SALUD  10:00 a 13:00 A 112  SANCHEZ SOSA JUAN JOSE  1722  TEORIAS Y SISTEMAS TERAPEUTICOS  10:00 a 13:00 Edif C Salon 1  DE LA VEGA MORALES ROCIO IVONNE  Grupo 7405  CLAVE  ASIGNATURA  LUNES  MARTES  MIERCOLES  JUEVES  VIERNES  SABADO  PROFESOR  OBSERVACIONES  1719  INTEGRACION DE INFORMES PSICOLOG.  12:00 a 14:00 AULA PENDIENTE  09:00 a 13:00 AULA PENDIENTE  CERVANTES BAZAN KARLA ALEJANDRA  LA PRáCTICA EN ESCENARIO SE LLEVARá A CABO LOS DíAS JUEVES EN EL COLEGIO EXCELA, UBICADO EN COYOACáN, A PARTIR DE MEDIADOS DE OCTUBRE. AULAS ASIGNADAS: DE 9:00 A 12:00 EN A313 Y DE 11:00 A 13:00 EN A311  1721  TEORIAS PSICOLOGICAS DE LA SALUD  08:00 a 11:00 A 002  GUTIERREZ LARA MARIANA  1722  TEORIAS Y SISTEMAS TERAPEUTICOS  08:00 a 11:00 A 003  GUTIERREZ LARA MARIANA  Grupo 7406  CLAVE  ASIGNATURA  LUNES  MARTES  MIERCOLES  JUEVES  VIERNES  SABADO  PROFESOR  OBSERVACIONES  1719  INTEGRACION DE INFORMES PSICOLOG.  11:00 a 14:00 A 313  11:00 a 14:00 A 311  BECERRIL PEREZ MARIA SANTOS  LA PRáCTICA EN ESCENARIO SE LLEVARá A CABO LOS DíAS MIéRCOLES EN EL COLEGIO AGUSTíN GARCíA CONDE, A PARTIR DEL MES DE OCTUBRE.  1720  PSICOPATOLOGIA Y PERSONALIDAD  09:00 a 12:00 A 311  10:00 a 13:00 Edif C Salon 4  BARRERA GUTIERREZ JOSE LUIS  LA PRáCTICA EN ESCENARIO SE LLEVARá A CABO LOS DíAS VIERNES EN LA RESIDENCIA 1721  TEORIAS PSICOLOGICAS DE LA SALUD  12:00 a 15:00 A 201  PROFESOR PENDIENTE Grupo 7407  CLAVE  ASIGNATURA  LUNES  MARTES  MIERCOLES  JUEVES  VIERNES  SABADO  PROFESOR  OBSERVACIONES  1719  INTEGRACION DE INFORMES PSICOLOG.  11:00 a 14:00 Edif C Salon 3  11:00 a 14:00 Edif C Salon 1  HERNANDEZ TREJO LAURA AMADA  LA PRáCTICA EN ESCENARIO SE LLEVARá A CABO LOS DíAS JUEVES EN EL CENTRO COMUNITARIO DR. JULIáN MACGREGOR Y SáNCHEZ NAVARRO / DIRECCIóN GENERAL DE ATENCIóN A LA SALUD (DGAS), A PARTIR DE OCTUBRE.  1720  PSICOPATOLOGIA Y PERSONALIDAD  08:00 a 11:00 A 301  08:00 a 11:00 A 301  SOSA TORRALBA JANETT ESMERALDA  1721  TEORIAS PSICOLOGICAS DE LA SALUD  09:00 a 12:00 AULA PENDIENTE  MARTINEZ BASURTO AIME EDITH  LA CLASE SE LLEVARá A CABO EN EL INSTITUTO NACIONAL DE ENFERMEDADES RESPIRATORIAS (INER) A PARTIR DEL MES DE SEPTIEMBRE. LAS PRIMERAS SESIONES SE REALIZARáN EN LíNEA. SE REQUIERE CONTAR CON ESQUEMA DE VACUNACIóN COMPLETO.  Grupo 7408  CLAVE  ASIGNATURA  LUNES  MARTES  MIERCOLES  JUEVES  VIERNES  SABADO  PROFESOR  OBSERVACIONES  1719  INTEGRACION DE INFORMES PSICOLOG.  12:00 a 15:00 A 002  10:00 a 13:00 A 001  MANCILLA GOMEZ BLANCA ELENA  1720  PSICOPATOLOGIA Y PERSONALIDAD  11:00 a 14:00 A 302  11:00 a 14:00 A 202  RUÍZ GONZÁLEZ VERÓNICA  1721  TEORIAS PSICOLOGICAS DE LA SALUD  17:00 a 20:00 A 302  SANCHEZ XICOTENCATL CARLOS OMAR  1722  TEORIAS Y SISTEMAS TERAPEUTICOS  13:00 a 16:00 A 210  MEDINA GUTIERREZ MIGUEL ANGEL  Grupo 7409  CLAVE  ASIGNATURA  LUNES  MARTES  MIERCOLES  JUEVES  VIERNES  SABADO  PROFESOR  OBSERVACIONES  1719  INTEGRACION DE INFORMES PSICOLOG.  10:00 a 13:00 A 311  10:00 a 13:00 A 314  PROFESOR PENDIENTE LA CLASE SE LLEVARá A CABO EN EL CENTRO COMUNITARIO DR. JULIáN MACGREGOR Y SáNCHEZ NAVARRO. LA MTRA. INGRID TORAL IMPARTIRá LA TEORíA LOS LUNES Y LA MTRA. GABRIELA VáZQUEZ LA PRáCTICA LOS VIERNES. LAS PRIMERAS SESIONES SE REALIZARáN EN LíNEA.  1720  PSICOPATOLOGIA Y PERSONALIDAD  08:00 a 14:00 A 102  AURON ZALTZMAN DAVID  1722  TEORIAS Y SISTEMAS TERAPEUTICOS  10:00 a 13:00 A 304  PROFESOR PENDIENTE LA CLASE SERá IMPARTIDA POR LA MTRA. NANCY ANGéLICA GARCíA BARAJAS  Grupo 7410  CLAVE  ASIGNATURA  LUNES  MARTES  MIERCOLES  JUEVES  VIERNES  SABADO  PROFESOR  OBSERVACIONES  1720  PSICOPATOLOGIA Y PERSONALIDAD  12:00 a 15:00 A 304  12:00 a 15:00 A 304  PROFESOR PENDIENTE LA CLASE LA IMPARTIRá LA DRA. ROMANA SILVIA PLATAS ACEVEDO  1722  TEORIAS Y SISTEMAS TERAPEUTICOS  15:00 a 18:00 A 202  ESPINOZA SALGADO FATIMA SAGRARIO  Grupo 7411  CLAVE  ASIGNATURA  LUNES  MARTES  MIERCOLES  JUEVES  VIERNES  SABADO  PROFESOR  OBSERVACIONES  1719  INTEGRACION DE INFORMES PSICOLOG.  18:00 a 20:00 A 003  15:00 a 19:00 A 003  JOYA LAUREANO LILIA  1720  PSICOPATOLOGIA Y PERSONALIDAD  15:00 a 18:00 A 304  14:00 a 17:00 A 302  SANCHEZ XICOTENCATL CARLOS OMAR  1722  TEORIAS Y SISTEMAS TERAPEUTICOS  12:00 a 15:00 A 201  PROFESOR PENDIENTE LA CLASE SERá IMPARTIDA POR LA MTRA. ALITZEL EURíDICE TAPIA GARCíA  Grupo 7412  CLAVE  ASIGNATURA  LUNES  MARTES  MIERCOLES  JUEVES  VIERNES  SABADO  PROFESOR  OBSERVACIONES  1720  PSICOPATOLOGIA Y PERSONALIDAD  10:00 a 13:00 Edif C Salon 4  11:00 a 14:00 AULA PENDIENTE  GALAN LOPEZ QUETZAL NATALIA  LA PRáCTICA SE REALIZARá LOS DíAS MARTES EN LA FUNDACIóN MEXICANA PARA LA FIBROMIALGIA, A PARTIR DE MEDIADOS DE SEPTIEMBRE.  1721  TEORIAS PSICOLOGICAS DE LA SALUD  16:00 a 19:00 Edif C Salon 1  PADILLA MARQUEZ XOCHITL BERENICE  Grupo 7413  CLAVE  ASIGNATURA  LUNES  MARTES  MIERCOLES  JUEVES  VIERNES  SABADO  PROFESOR  OBSERVACIONES  1720  PSICOPATOLOGIA Y PERSONALIDAD  17:00 a 20:00 A 310  17:00 a 20:00 Edif C Salon 3  LOPEZ MONTOYA ALEJANDRA  1721  TEORIAS PSICOLOGICAS DE LA SALUD  17:00 a 20:00 A 114  GORDILLO MORENO TANIA  1722  TEORIAS Y SISTEMAS TERAPEUTICOS  15:00 a 18:00 A 112  ESPINOZA SALGADO FATIMA SAGRARIO  Grupo 7414  CLAVE  ASIGNATURA  LUNES  MARTES  MIERCOLES  JUEVES  VIERNES  SABADO  PROFESOR  OBSERVACIONES  1720  PSICOPATOLOGIA Y PERSONALIDAD  17:00 a 20:00 Edif C Salon 2  16:00 a 19:00 Edif C Salon 2  MARQUEZ VERDUZCO DAVID  1721  TEORIAS PSICOLOGICAS DE LA SALUD  15:00 a 18:00 Edif C Salon 2  GAMIOCHIPI CANO MIREYA  1722  TEORIAS Y SISTEMAS TERAPEUTICOS  14:00 a 17:00 A 001  MEDINA GUTIERREZ MIGUEL ANGEL","Grupo 7401  CLAVE  ASIGNATURA  LUNES  MARTES  MIERCOLES  JUEVES  VIERNES  SABADO  PROFESOR  OBSERVACIONES  1719  INTEGRACION DE INFORMES PSICOLOG.  15:00 a 18:00 A 309  10:00 a 13:00 A 001  ACOSTA GALVAN SAMUEL  LA PRáCTICA SE REALIZARá LOS DíAS SáBADO EN LA SEDE DE LA OFICINA DE DEFENSORíA DE LOS DERECHOS DE LA INFANCIA. LA FECHA ESTIMADA DE INICIO SERá A MEDIADOS DE SEPTIEMBRE.  1720  PSICOPATOLOGIA Y PERSONALIDAD  09:00 a 15:00 AULA PENDIENTE  AYALA MURGUIA DAVID FRANCISCO  DE 9:00 A 11:00 LA CLASE SERá EN A102 Y DE 11:00 A 15:00 EN A109  1721  TEORIAS PSICOLOGICAS DE LA SALUD  12:00 a 15:00 B 07  PROFESOR PENDIENTE LA CLASE SERá IMPARTIDA POR LA MTRA. MARIANA OVIEDO GOMEZ  1722  TEORIAS Y SISTEMAS TERAPEUTICOS  08:00 a 11:00 A 109  RAMIREZ CAMACHO MARÍA DEL CARMEN  Grupo 7402  CLAVE  ASIGNATURA  LUNES  MARTES  MIERCOLES  JUEVES  VIERNES  SABADO  PROFESOR  OBSERVACIONES  1719  INTEGRACION DE INFORMES PSICOLOG.  09:00 a 12:00 A 101  09:00 a 12:00 B 07  SOMARRIBA ROCHA LAURA ANGELA  1720  PSICOPATOLOGIA Y PERSONALIDAD  07:00 a 13:00 A 310  MORA GUTIERREZ GERARDO  1721  TEORIAS PSICOLOGICAS DE LA SALUD  09:00 a 12:00 AULA PENDIENTE  MARTINEZ BASURTO AIME EDITH  LA CLASE SE LLEVARá A CABO EN EL INSTITUTO NACIONAL DE ENFERMEDADES RESPIRATORIAS (INER) A MEDIADOS DE SEPTIEMBRE. LAS PRIMERAS SESIONES SE REALIZARáN EN LíNEA. SE REQUIERE CONTAR CON ESQUEMA DE VACUNACIóN COMPLETO.  1722  TEORIAS Y SISTEMAS TERAPEUTICOS  08:00 a 11:00 A 205  RODRIGUEZ SERRANO AIDEE ELENA  Grupo 7403  CLAVE  ASIGNATURA  LUNES  MARTES  MIERCOLES  JUEVES  VIERNES  SABADO  PROFESOR  OBSERVACIONES  1719  INTEGRACION DE INFORMES PSICOLOG.  16:00 a 19:00 Edif C Salon 3  16:00 a 19:00 Edif C Salon 3  MARQUEZ VERDUZCO DAVID  1720  PSICOPATOLOGIA Y PERSONALIDAD  08:00 a 14:00 Edif C Salon 3  LANDA RAMÍREZ EDGAR  LA CLASE SE LLEVARá A CABO EN EL HOSPITAL GENERAL DR. MANUEL GEA GONZáLEZ A PARTIR DE MEDIADOS DE SEPTIEMBRE; LAS PRIMERAS SESIONES SE REALIZARáN EN LíNEA. OBLIGATORIO CONTAR CON LAS VACUNAS DE INFLUENZA Y COVID-19.  1721  TEORIAS PSICOLOGICAS DE LA SALUD  13:00 a 16:00 Edif C Salon 2  MONDRAGON GOMEZ RAQUEL  1722  TEORIAS Y SISTEMAS TERAPEUTICOS  08:00 a 11:00 A 101  PROFESOR PENDIENTE LA CLASE SERá IMPARTIDA POR LA MTRA. ANGELINA ROMERO HERRERA  Grupo 7404  CLAVE  ASIGNATURA  LUNES  MARTES  MIERCOLES  JUEVES  VIERNES  SABADO  PROFESOR  OBSERVACIONES  1719  INTEGRACION DE INFORMES PSICOLOG.  08:00 a 11:00 Edif C Salon 4  08:00 a 11:00 A 308  SOTO CRISTOBAL GABRIEL  LA PRáCTICA EN ESCENARIO SE LLEVARá A CABO LOS DíAS JUEVES EN EL COLEGIO AGUSTíN GARCíA CONDE, A PARTIR DE MEDIADOS DE OCTUBRE.  1720  PSICOPATOLOGIA Y PERSONALIDAD  11:00 a 14:00 A 302  11:00 a 14:00 A 302  PROFESOR PENDIENTE LA CLASE SERá IMPARTIDA POR EL MTRO. JUAN MANUEL SANTIAGO MALDONADO  1721  TEORIAS PSICOLOGICAS DE LA SALUD  10:00 a 13:00 A 112  SANCHEZ SOSA JUAN JOSE  1722  TEORIAS Y SISTEMAS TERAPEUTICOS  10:00 a 13:00 Edif C Salon 1  DE LA VEGA MORALES ROCIO IVONNE  Grupo 7405  CLAVE  ASIGNATURA  LUNES  MARTES  MIERCOLES  JUEVES  VIERNES  SABADO  PROFESOR  OBSERVACIONES  1719  INTEGRACION DE INFORMES PSICOLOG.  12:00 a 14:00 AULA PENDIENTE  09:00 a 13:00 AULA PENDIENTE  CERVANTES BAZAN KARLA ALEJANDRA  LA PRáCTICA EN ESCENARIO SE LLEVARá A CABO LOS DíAS JUEVES EN EL COLEGIO EXCELA, UBICADO EN COYOACáN, A PARTIR DE MEDIADOS DE OCTUBRE. AULAS ASIGNADAS: DE 9:00 A 12:00 EN A313 Y DE 11:00 A 13:00 EN A311  1721  TEORIAS PSICOLOGICAS DE LA SALUD  08:00 a 11:00 A 002  GUTIERREZ LARA MARIANA  1722  TEORIAS Y SISTEMAS TERAPEUTICOS  08:00 a 11:00 A 003  GUTIERREZ LARA MARIANA  Grupo 7406  CLAVE  ASIGNATURA  LUNES  MARTES  MIERCOLES  JUEVES  VIERNES  SABADO  PROFESOR  OBSERVACIONES  1719  INTEGRACION DE INFORMES PSICOLOG.  11:00 a 14:00 A 313  11:00 a 14:00 A 311  BECERRIL PEREZ MARIA SANTOS  LA PRáCTICA EN ESCENARIO SE LLEVARá A CABO LOS DíAS MIéRCOLES EN EL COLEGIO AGUSTíN GARCíA CONDE, A PARTIR DEL MES DE OCTUBRE.  1720  PSICOPATOLOGIA Y PERSONALIDAD  09:00 a 12:00 A 311  10:00 a 13:00 Edif C Salon 4  BARRERA GUTIERREZ JOSE LUIS  LA PRáCTICA EN ESCENARIO SE LLEVARá A CABO LOS DíAS VIERNES EN LA RESIDENCIA 1721  TEORIAS PSICOLOGICAS DE LA SALUD  12:00 a 15:00 A 201  PROFESOR PENDIENTE Grupo 7407  CLAVE  ASIGNATURA  LUNES  MARTES  MIERCOLES  JUEVES  VIERNES  SABADO  PROFESOR  OBSERVACIONES  1719  INTEGRACION DE INFORMES PSICOLOG.  11:00 a 14:00 Edif C Salon 3  11:00 a 14:00 Edif C Salon 1  HERNANDEZ TREJO LAURA AMADA  LA PRáCTICA EN ESCENARIO SE LLEVARá A CABO LOS DíAS JUEVES EN EL CENTRO COMUNITARIO DR. JULIáN MACGREGOR Y SáNCHEZ NAVARRO / DIRECCIóN GENERAL DE ATENCIóN A LA SALUD (DGAS), A PARTIR DE OCTUBRE.  1720  PSICOPATOLOGIA Y PERSONALIDAD  08:00 a 11:00 A 301  08:00 a 11:00 A 301  SOSA TORRALBA JANETT ESMERALDA  1721  TEORIAS PSICOLOGICAS DE LA SALUD  09:00 a 12:00 AULA PENDIENTE  MARTINEZ BASURTO AIME EDITH  LA CLASE SE LLEVARá A CABO EN EL INSTITUTO NACIONAL DE ENFERMEDADES RESPIRATORIAS (INER) A PARTIR DEL MES DE SEPTIEMBRE. LAS PRIMERAS SESIONES SE REALIZARáN EN LíNEA. SE REQUIERE CONTAR CON ESQUEMA DE VACUNACIóN COMPLETO.  Grupo 7408  CLAVE  ASIGNATURA  LUNES  MARTES  MIERCOLES  JUEVES  VIERNES  SABADO  PROFESOR  OBSERVACIONES  1719  INTEGRACION DE INFORMES PSICOLOG.  12:00 a 15:00 A 002  10:00 a 13:00 A 001  MANCILLA GOMEZ BLANCA ELENA  1720  PSICOPATOLOGIA Y PERSONALIDAD  11:00 a 14:00 A 302  11:00 a 14:00 A 202  RUÍZ GONZÁLEZ VERÓNICA  1721  TEORIAS PSICOLOGICAS DE LA SALUD  17:00 a 20:00 A 302  SANCHEZ XICOTENCATL CARLOS OMAR  1722  TEORIAS Y SISTEMAS TERAPEUTICOS  13:00 a 16:00 A 210  MEDINA GUTIERREZ MIGUEL ANGEL  Grupo 7409  CLAVE  ASIGNATURA  LUNES  MARTES  MIERCOLES  JUEVES  VIERNES  SABADO  PROFESOR  OBSERVACIONES  1719  INTEGRACION DE INFORMES PSICOLOG.  10:00 a 13:00 A 311  10:00 a 13:00 A 314  PROFESOR PENDIENTE LA CLASE SE LLEVARá A CABO EN EL CENTRO COMUNITARIO DR. JULIáN MACGREGOR Y SáNCHEZ NAVARRO. LA MTRA. INGRID TORAL IMPARTIRá LA TEORíA LOS LUNES Y LA MTRA. GABRIELA VáZQUEZ LA PRáCTICA LOS VIERNES. LAS PRIMERAS SESIONES SE REALIZARáN EN LíNEA.  1720  PSICOPATOLOGIA Y PERSONALIDAD  08:00 a 14:00 A 102  AURON ZALTZMAN DAVID  1722  TEORIAS Y SISTEMAS TERAPEUTICOS  10:00 a 13:00 A 304  PROFESOR PENDIENTE LA CLASE SERá IMPARTIDA POR LA MTRA. NANCY ANGéLICA GARCíA BARAJAS  Grupo 7410  CLAVE  ASIGNATURA  LUNES  MARTES  MIERCOLES  JUEVES  VIERNES  SABADO  PROFESOR  OBSERVACIONES  1720  PSICOPATOLOGIA Y PERSONALIDAD  12:00 a 15:00 A 304  12:00 a 15:00 A 304  PROFESOR PENDIENTE LA CLASE LA IMPARTIRá LA DRA. ROMANA SILVIA PLATAS ACEVEDO  1722  TEORIAS Y SISTEMAS TERAPEUTICOS  15:00 a 18:00 A 202  ESPINOZA SALGADO FATIMA SAGRARIO  Grupo 7411  CLAVE  ASIGNATURA  LUNES  MARTES  MIERCOLES  JUEVES  VIERNES  SABADO  PROFESOR  OBSERVACIONES  1719  INTEGRACION DE INFORMES PSICOLOG.  18:00 a 20:00 A 003  15:00 a 19:00 A 003  JOYA LAUREANO LILIA  1720  PSICOPATOLOGIA Y PERSONALIDAD  15:00 a 18:00 A 304  14:00 a 17:00 A 302  SANCHEZ XICOTENCATL CARLOS OMAR  1722  TEORIAS Y SISTEMAS TERAPEUTICOS  12:00 a 15:00 A 201  PROFESOR PENDIENTE LA CLASE SERá IMPARTIDA POR LA MTRA. ALITZEL EURíDICE TAPIA GARCíA  Grupo 7412  CLAVE  ASIGNATURA  LUNES  MARTES  MIERCOLES  JUEVES  VIERNES  SABADO  PROFESOR  OBSERVACIONES  1720  PSICOPATOLOGIA Y PERSONALIDAD  10:00 a 13:00 Edif C Salon 4  11:00 a 14:00 AULA PENDIENTE  GALAN LOPEZ QUETZAL NATALIA  LA PRáCTICA SE REALIZARá LOS DíAS MARTES EN LA FUNDACIóN MEXICANA PARA LA FIBROMIALGIA, A PARTIR DE MEDIADOS DE SEPTIEMBRE.  1721  TEORIAS PSICOLOGICAS DE LA SALUD  16:00 a 19:00 Edif C Salon 1  PADILLA MARQUEZ XOCHITL BERENICE  Grupo 7413  CLAVE  ASIGNATURA  LUNES  MARTES  MIERCOLES  JUEVES  VIERNES  SABADO  PROFESOR  OBSERVACIONES  1720  PSICOPATOLOGIA Y PERSONALIDAD  17:00 a 20:00 A 310  17:00 a 20:00 Edif C Salon 3  LOPEZ MONTOYA ALEJANDRA  1721  TEORIAS PSICOLOGICAS DE LA SALUD  17:00 a 20:00 A 114  GORDILLO MORENO TANIA  1722  TEORIAS Y SISTEMAS TERAPEUTICOS  15:00 a 18:00 A 112  ESPINOZA SALGADO FATIMA SAGRARIO  Grupo 7414  CLAVE  ASIGNATURA  LUNES  MARTES  MIERCOLES  JUEVES  VIERNES  SABADO  PROFESOR  OBSERVACIONES  1720  PSICOPATOLOGIA Y PERSONALIDAD  17:00 a 20:00 Edif C Salon 2  16:00 a 19:00 Edif C Salon 2  MARQUEZ VERDUZCO DAVID  1721  TEORIAS PSICOLOGICAS DE LA SALUD  15:00 a 18:00 Edif C Salon 2  GAMIOCHIPI CANO MIREYA  1722  TEORIAS Y SISTEMAS TERAPEUTICOS  14:00 a 17:00 A 001  MEDINA GUTIERREZ MIGUEL ANGEL",,,,,,,,7mo Semestre,PSICOLOGIA CLINICA Y DE LA SALUD
Grupo 7401,Grupo 7401,Grupo 7401,Grupo 7401,Grupo 7401,Grupo 7401,Grupo 7401,Grupo 7401,Grupo 7401,Grupo 7401,7mo Semestre,PSICOLOGIA CLINICA Y DE LA SALUD
CLAVE,ASIGNATURA,LUNES,MARTES,MIERCOLES,JUEVES,VIERNES,SABADO,PROFESOR,OBSERVACIONES,7mo Semestre,PSICOLOGIA CLINICA Y DE LA SALUD
1719,INTEGRACION DE INFORMES PSICOLOG.,,,,,15:00 a 18:00 A 309,10:00 a 13:00 A 001,ACOSTA GALVAN SAMUEL,LA PRáCTICA SE REALIZARá LOS DíAS SáBADO EN LA SEDE DE LA OFICINA DE DEFENSORíA DE LOS DERECHOS DE LA INFANCIA. LA FECHA ESTIMADA DE INICIO SERá A MEDIADOS DE SEPTIEMBRE.,7mo Semestre,PSICOLOGIA CLINICA Y DE LA SALUD
1720,PSICOPATOLOGIA Y PERSONALIDAD,,09:00 a 15:00 AULA PENDIENTE,,,,,AYALA MURGUIA DAVID FRANCISCO,DE 9:00 A 11:00 LA CLASE SERá EN A102 Y DE 11:00 A 15:00 EN A109,7mo Semestre,PSICOLOGIA CLINICA Y DE LA SALUD
1721,TEORIAS PSICOLOGICAS DE LA SALUD,,,,,12:00 a 15:00 B 07,,PROFESOR PENDIENTE,LA CLASE SERá IMPARTIDA POR LA MTRA. MARIANA OVIEDO GOMEZ,7mo Semestre,PSICOLOGIA CLINICA Y DE LA SALUD
1722,TEORIAS Y SISTEMAS TERAPEUTICOS,,,,08:00 a 11:00 A 109,,,RAMIREZ CAMACHO MARÍA DEL CARMEN,,7mo Semestre,PSICOLOGIA CLINICA Y DE LA SALUD
Grupo 7402,Grupo 7402,Grupo 7402,Grupo 7402,Grupo 7402,Grupo 7402,Grupo 7402,Grupo 7402,Grupo 7402,Grupo 7402,7mo Semestre,PSICOLOGIA CLINICA Y DE LA SALUD
CLAVE,ASIGNATURA,LUNES,MARTES,MIERCOLES,JUEVES,VIERNES,SABADO,PROFESOR,OBSERVACIONES,7mo Semestre,PSICOLOGIA CLINICA Y DE LA SALUD
1719,INTEGRACION DE INFORMES PSICOLOG.,09:00 a 12:00 A 101,,09:00 a 12:00 B 07,,,,SOMARRIBA ROCHA LAURA ANGELA,,7mo Semestre,PSICOLOGIA CLINICA Y DE LA SALUD
1720,PSICOPATOLOGIA Y PERSONALIDAD,,,,,07:00 a 13:00 A 310,,MORA GUTIERREZ GERARDO,,7mo Semestre,PSICOLOGIA CLINICA Y DE LA SALUD
1721,TEORIAS PSICOLOGICAS DE LA SALUD,,,,09:00 a 12:00 AULA PENDIENTE,,,MARTINEZ BASURTO AIME EDITH,LA CLASE SE LLEVARá A CABO EN EL INSTITUTO NACIONAL DE ENFERMEDADES RESPIRATORIAS (INER) A MEDIADOS DE SEPTIEMBRE. LAS PRIMERAS SESIONES SE REALIZARáN EN LíNEA. SE REQUIERE CONTAR CON ESQUEMA DE VACUNACIóN COMPLETO.,7mo Semestre,PSICOLOGIA CLINICA Y DE LA SALUD
1722,TEORIAS Y SISTEMAS TERAPEUTICOS,,,,,,08:00 a 11:00 A 205,RODRIGUEZ SERRANO AIDEE ELENA,,7mo Semestre,PSICOLOGIA CLINICA Y DE LA SALUD
Grupo 7403,Grupo 7403,Grupo 7403,Grupo 7403,Grupo 7403,Grupo 7403,Grupo 7403,Grupo 7403,Grupo 7403,Grupo 7403,7mo Semestre,PSICOLOGIA CLINICA Y DE LA SALUD
CLAVE,ASIGNATURA,LUNES,MARTES,MIERCOLES,JUEVES,VIERNES,SABADO,PROFESOR,OBSERVACIONES,7mo Semestre,PSICOLOGIA CLINICA Y DE LA SALUD
1719,INTEGRACION DE INFORMES PSICOLOG.,16:00 a 19:00 Edif C Salon 3,,,,16:00 a 19:00 Edif C Salon 3,,MARQUEZ VERDUZCO DAVID,,7mo Semestre,PSICOLOGIA CLINICA Y DE LA SALUD
1720,PSICOPATOLOGIA Y PERSONALIDAD,,,,,08:00 a 14:00 Edif C Salon 3,,LANDA RAMÍREZ EDGAR,LA CLASE SE LLEVARá A CABO EN EL HOSPITAL GENERAL DR. MANUEL GEA GONZáLEZ A PARTIR DE MEDIADOS DE SEPTIEMBRE; LAS PRIMERAS SESIONES SE REALIZARáN EN LíNEA. OBLIGATORIO CONTAR CON LAS VACUNAS DE INFLUENZA Y COVID-19.,7mo Semestre,PSICOLOGIA CLINICA Y DE LA SALUD
1721,TEORIAS PSICOLOGICAS DE LA SALUD,,,13:00 a 16:00 Edif C Salon 2,,,,MONDRAGON GOMEZ RAQUEL,,7mo Semestre,PSICOLOGIA CLINICA Y DE LA SALUD
1722,TEORIAS Y SISTEMAS TERAPEUTICOS,,08:00 a 11:00 A 101,,,,,PROFESOR PENDIENTE,LA CLASE SERá IMPARTIDA POR LA MTRA. ANGELINA ROMERO HERRERA,7mo Semestre,PSICOLOGIA CLINICA Y DE LA SALUD
Grupo 7404,Grupo 7404,Grupo 7404,Grupo 7404,Grupo 7404,Grupo 7404,Grupo 7404,Grupo 7404,Grupo 7404,Grupo 7404,7mo Semestre,PSICOLOGIA CLINICA Y DE LA SALUD
CLAVE,ASIGNATURA,LUNES,MARTES,MIERCOLES,JUEVES,VIERNES,SABADO,PROFESOR,OBSERVACIONES,7mo Semestre,PSICOLOGIA CLINICA Y DE LA SALUD
1719,INTEGRACION DE INFORMES PSICOLOG.,,08:00 a 11:00 Edif C Salon 4,,08:00 a 11:00 A 308,,,SOTO CRISTOBAL GABRIEL,"LA PRáCTICA EN ESCENARIO SE LLEVARá A CABO LOS DíAS JUEVES EN EL COLEGIO AGUSTíN GARCíA CONDE, A PARTIR DE MEDIADOS DE OCTUBRE.",7mo Semestre,PSICOLOGIA CLINICA Y DE LA SALUD
1720,PSICOPATOLOGIA Y PERSONALIDAD,,11:00 a 14:00 A 302,,11:00 a 14:00 A 302,,,PROFESOR PENDIENTE,LA CLASE SERá IMPARTIDA POR EL MTRO. JUAN MANUEL SANTIAGO MALDONADO,7mo Semestre,PSICOLOGIA CLINICA Y DE LA SALUD
1721,TEORIAS PSICOLOGICAS DE LA SALUD,10:00 a 13:00 A 112,,,,,,SANCHEZ SOSA JUAN JOSE,,7mo Semestre,PSICOLOGIA CLINICA Y DE LA SALUD
1722,TEORIAS Y SISTEMAS TERAPEUTICOS,,,,,10:00 a 13:00 Edif C Salon 1,,DE LA VEGA MORALES ROCIO IVONNE,,7mo Semestre,PSICOLOGIA CLINICA Y DE LA SALUD
Grupo 7405,Grupo 7405,Grupo 7405,Grupo 7405,Grupo 7405,Grupo 7405,Grupo 7405,Grupo 7405,Grupo 7405,Grupo 7405,7mo Semestre,PSICOLOGIA CLINICA Y DE LA SALUD
CLAVE,ASIGNATURA,LUNES,MARTES,MIERCOLES,JUEVES,VIERNES,SABADO,PROFESOR,OBSERVACIONES,7mo Semestre,PSICOLOGIA CLINICA Y DE LA SALUD
1719,INTEGRACION DE INFORMES PSICOLOG.,,12:00 a 14:00 AULA PENDIENTE,,09:00 a 13:00 AULA PENDIENTE,,,CERVANTES BAZAN KARLA ALEJANDRA,"LA PRáCTICA EN ESCENARIO SE LLEVARá A CABO LOS DíAS JUEVES EN EL COLEGIO EXCELA, UBICADO EN COYOACáN, A PARTIR DE MEDIADOS DE OCTUBRE. AULAS ASIGNADAS: DE 9:00 A 12:00 EN A313 Y DE 11:00 A 13:00 EN A311",7mo Semestre,PSICOLOGIA CLINICA Y DE LA SALUD
1721,TEORIAS PSICOLOGICAS DE LA SALUD,,08:00 a 11:00 A 002,,,,,GUTIERREZ LARA MARIANA,,7mo Semestre,PSICOLOGIA CLINICA Y DE LA SALUD
1722,TEORIAS Y SISTEMAS TERAPEUTICOS,,,,,08:00 a 11:00 A 003,,GUTIERREZ LARA MARIANA,,7mo Semestre,PSICOLOGIA CLINICA Y DE LA SALUD
Grupo 7406,Grupo 7406,Grupo 7406,Grupo 7406,Grupo 7406,Grupo 7406,Grupo 7406,Grupo 7406,Grupo 7406,Grupo 7406,7mo Semestre,PSICOLOGIA CLINICA Y DE LA SALUD
CLAVE,ASIGNATURA,LUNES,MARTES,MIERCOLES,JUEVES,VIERNES,SABADO,PROFESOR,OBSERVACIONES,7mo Semestre,PSICOLOGIA CLINICA Y DE LA SALUD
1719,INTEGRACION DE INFORMES PSICOLOG.,11:00 a 14:00 A 313,,11:00 a 14:00 A 311,,,,BECERRIL PEREZ MARIA SANTOS,"LA PRáCTICA EN ESCENARIO SE LLEVARá A CABO LOS DíAS MIéRCOLES EN EL COLEGIO AGUSTíN GARCíA CONDE, A PARTIR DEL MES DE OCTUBRE.",7mo Semestre,PSICOLOGIA CLINICA Y DE LA SALUD
1720,PSICOPATOLOGIA Y PERSONALIDAD,,,,09:00 a 12:00 A 311,10:00 a 13:00 Edif C Salon 4,,BARRERA GUTIERREZ JOSE LUIS,LA PRáCTICA EN ESCENARIO SE LLEVARá A CABO LOS DíAS VIERNES EN LA RESIDENCIA,7mo Semestre,PSICOLOGIA CLINICA Y DE LA SALUD
1721,TEORIAS PSICOLOGICAS DE LA SALUD,,12:00 a 15:00 A 201,,,,,PROFESOR PENDIENTE,,7mo Semestre,PSICOLOGIA CLINICA Y DE LA SALUD
Grupo 7407,Grupo 7407,Grupo 7407,Grupo 7407,Grupo 7407,Grupo 7407,Grupo 7407,Grupo 7407,Grupo 7407,Grupo 7407,7mo Semestre,PSICOLOGIA CLINICA Y DE LA SALUD
CLAVE,ASIGNATURA,LUNES,MARTES,MIERCOLES,JUEVES,VIERNES,SABADO,PROFESOR,OBSERVACIONES,7mo Semestre,PSICOLOGIA CLINICA Y DE LA SALUD
1719,INTEGRACION DE INFORMES PSICOLOG.,,11:00 a 14:00 Edif C Salon 3,,11:00 a 14:00 Edif C Salon 1,,,HERNANDEZ TREJO LAURA AMADA,"LA PRáCTICA EN ESCENARIO SE LLEVARá A CABO LOS DíAS JUEVES EN EL CENTRO COMUNITARIO DR. JULIáN MACGREGOR Y SáNCHEZ NAVARRO / DIRECCIóN GENERAL DE ATENCIóN A LA SALUD (DGAS), A PARTIR DE OCTUBRE.",7mo Semestre,PSICOLOGIA CLINICA Y DE LA SALUD
1720,PSICOPATOLOGIA Y PERSONALIDAD,,08:00 a 11:00 A 301,,08:00 a 11:00 A 301,,,SOSA TORRALBA JANETT ESMERALDA,,7mo Semestre,PSICOLOGIA CLINICA Y DE LA SALUD
1721,TEORIAS PSICOLOGICAS DE LA SALUD,,,,,09:00 a 12:00 AULA PENDIENTE,,MARTINEZ BASURTO AIME EDITH,LA CLASE SE LLEVARá A CABO EN EL INSTITUTO NACIONAL DE ENFERMEDADES RESPIRATORIAS (INER) A PARTIR DEL MES DE SEPTIEMBRE. LAS PRIMERAS SESIONES SE REALIZARáN EN LíNEA. SE REQUIERE CONTAR CON ESQUEMA DE VACUNACIóN COMPLETO.,7mo Semestre,PSICOLOGIA CLINICA Y DE LA SALUD
Grupo 7408,Grupo 7408,Grupo 7408,Grupo 7408,Grupo 7408,Grupo 7408,Grupo 7408,Grupo 7408,Grupo 7408,Grupo 7408,7mo Semestre,PSICOLOGIA CLINICA Y DE LA SALUD
CLAVE,ASIGNATURA,LUNES,MARTES,MIERCOLES,JUEVES,VIERNES,SABADO,PROFESOR,OBSERVACIONES,7mo Semestre,PSICOLOGIA CLINICA Y DE LA SALUD
1719,INTEGRACION DE INFORMES PSICOLOG.,12:00 a 15:00 A 002,10:00 a 13:00 A 001,,,,,MANCILLA GOMEZ BLANCA ELENA,,7mo Semestre,PSICOLOGIA CLINICA Y DE LA SALUD
1720,PSICOPATOLOGIA Y PERSONALIDAD,,,11:00 a 14:00 A 302,11:00 a 14:00 A 202,,,RUÍZ GONZÁLEZ VERÓNICA,,7mo Semestre,PSICOLOGIA CLINICA Y DE LA SALUD
1721,TEORIAS PSICOLOGICAS DE LA SALUD,,,17:00 a 20:00 A 302,,,,SANCHEZ XICOTENCATL CARLOS OMAR,,7mo Semestre,PSICOLOGIA CLINICA Y DE LA SALUD
1722,TEORIAS Y SISTEMAS TERAPEUTICOS,,,,,13:00 a 16:00 A 210,,MEDINA GUTIERREZ MIGUEL ANGEL,,7mo Semestre,PSICOLOGIA CLINICA Y DE LA SALUD
Grupo 7409,Grupo 7409,Grupo 7409,Grupo 7409,Grupo 7409,Grupo 7409,Grupo 7409,Grupo 7409,Grupo 7409,Grupo 7409,7mo Semestre,PSICOLOGIA CLINICA Y DE LA SALUD
CLAVE,ASIGNATURA,LUNES,MARTES,MIERCOLES,JUEVES,VIERNES,SABADO,PROFESOR,OBSERVACIONES,7mo Semestre,PSICOLOGIA CLINICA Y DE LA SALUD
1719,INTEGRACION DE INFORMES PSICOLOG.,10:00 a 13:00 A 311,,,,10:00 a 13:00 A 314,,PROFESOR PENDIENTE,LA CLASE SE LLEVARá A CABO EN EL CENTRO COMUNITARIO DR. JULIáN MACGREGOR Y SáNCHEZ NAVARRO. LA MTRA. INGRID TORAL IMPARTIRá LA TEORíA LOS LUNES Y LA MTRA. GABRIELA VáZQUEZ LA PRáCTICA LOS VIERNES. LAS PRIMERAS SESIONES SE REALIZARáN EN LíNEA.,7mo Semestre,PSICOLOGIA CLINICA Y DE LA SALUD
1720,PSICOPATOLOGIA Y PERSONALIDAD,,,,,,08:00 a 14:00 A 102,AURON ZALTZMAN DAVID,,7mo Semestre,PSICOLOGIA CLINICA Y DE LA SALUD
1722,TEORIAS Y SISTEMAS TERAPEUTICOS,,10:00 a 13:00 A 304,,,,,PROFESOR PENDIENTE,LA CLASE SERá IMPARTIDA POR LA MTRA. NANCY ANGéLICA GARCíA BARAJAS,7mo Semestre,PSICOLOGIA CLINICA Y DE LA SALUD
Grupo 7410,Grupo 7410,Grupo 7410,Grupo 7410,Grupo 7410,Grupo 7410,Grupo 7410,Grupo 7410,Grupo 7410,Grupo 7410,7mo Semestre,PSICOLOGIA CLINICA Y DE LA SALUD
CLAVE,ASIGNATURA,LUNES,MARTES,MIERCOLES,JUEVES,VIERNES,SABADO,PROFESOR,OBSERVACIONES,7mo Semestre,PSICOLOGIA CLINICA Y DE LA SALUD
1720,PSICOPATOLOGIA Y PERSONALIDAD,12:00 a 15:00 A 304,,12:00 a 15:00 A 304,,,,PROFESOR PENDIENTE,LA CLASE LA IMPARTIRá LA DRA. ROMANA SILVIA PLATAS ACEVEDO,7mo Semestre,PSICOLOGIA CLINICA Y DE LA SALUD
1722,TEORIAS Y SISTEMAS TERAPEUTICOS,,,15:00 a 18:00 A 202,,,,ESPINOZA SALGADO FATIMA SAGRARIO,,7mo Semestre,PSICOLOGIA CLINICA Y DE LA SALUD
Grupo 7411,Grupo 7411,Grupo 7411,Grupo 7411,Grupo 7411,Grupo 7411,Grupo 7411,Grupo 7411,Grupo 7411,Grupo 7411,7mo Semestre,PSICOLOGIA CLINICA Y DE LA SALUD
CLAVE,ASIGNATURA,LUNES,MARTES,MIERCOLES,JUEVES,VIERNES,SABADO,PROFESOR,OBSERVACIONES,7mo Semestre,PSICOLOGIA CLINICA Y DE LA SALUD
1719,INTEGRACION DE INFORMES PSICOLOG.,,18:00 a 20:00 A 003,,15:00 a 19:00 A 003,,,JOYA LAUREANO LILIA,,7mo Semestre,PSICOLOGIA CLINICA Y DE LA SALUD
1720,PSICOPATOLOGIA Y PERSONALIDAD,15:00 a 18:00 A 304,,14:00 a 17:00 A 302,,,,SANCHEZ XICOTENCATL CARLOS OMAR,,7mo Semestre,PSICOLOGIA CLINICA Y DE LA SALUD
1722,TEORIAS Y SISTEMAS TERAPEUTICOS,12:00 a 15:00 A 201,,,,,,PROFESOR PENDIENTE,LA CLASE SERá IMPARTIDA POR LA MTRA. ALITZEL EURíDICE TAPIA GARCíA,7mo Semestre,PSICOLOGIA CLINICA Y DE LA SALUD
Grupo 7412,Grupo 7412,Grupo 7412,Grupo 7412,Grupo 7412,Grupo 7412,Grupo 7412,Grupo 7412,Grupo 7412,Grupo 7412,7mo Semestre,PSICOLOGIA CLINICA Y DE LA SALUD
CLAVE,ASIGNATURA,LUNES,MARTES,MIERCOLES,JUEVES,VIERNES,SABADO,PROFESOR,OBSERVACIONES,7mo Semestre,PSICOLOGIA CLINICA Y DE LA SALUD
1720,PSICOPATOLOGIA Y PERSONALIDAD,10:00 a 13:00 Edif C Salon 4,11:00 a 14:00 AULA PENDIENTE,,,,,GALAN LOPEZ QUETZAL NATALIA,"LA PRáCTICA SE REALIZARá LOS DíAS MARTES EN LA FUNDACIóN MEXICANA PARA LA FIBROMIALGIA, A PARTIR DE MEDIADOS DE SEPTIEMBRE.",7mo Semestre,PSICOLOGIA CLINICA Y DE LA SALUD
1721,TEORIAS PSICOLOGICAS DE LA SALUD,,16:00 a 19:00 Edif C Salon 1,,,,,PADILLA MARQUEZ XOCHITL BERENICE,,7mo Semestre,PSICOLOGIA CLINICA Y DE LA SALUD
Grupo 7413,Grupo 7413,Grupo 7413,Grupo 7413,Grupo 7413,Grupo 7413,Grupo 7413,Grupo 7413,Grupo 7413,Grupo 7413,7mo Semestre,PSICOLOGIA CLINICA Y DE LA SALUD
CLAVE,ASIGNATURA,LUNES,MARTES,MIERCOLES,JUEVES,VIERNES,SABADO,PROFESOR,OBSERVACIONES,7mo Semestre,PSICOLOGIA CLINICA Y DE LA SALUD
1720,PSICOPATOLOGIA Y PERSONALIDAD,,17:00 a 20:00 A 310,17:00 a 20:00 Edif C Salon 3,,,,LOPEZ MONTOYA ALEJANDRA,,7mo Semestre,PSICOLOGIA CLINICA Y DE LA SALUD
1721,TEORIAS PSICOLOGICAS DE LA SALUD,17:00 a 20:00 A 114,,,,,,GORDILLO MORENO TANIA,,7mo Semestre,PSICOLOGIA CLINICA Y DE LA SALUD
1722,TEORIAS Y SISTEMAS TERAPEUTICOS,,,,15:00 a 18:00 A 112,,,ESPINOZA SALGADO FATIMA SAGRARIO,,7mo Semestre,PSICOLOGIA CLINICA Y DE LA SALUD
Grupo 7414,Grupo 7414,Grupo 7414,Grupo 7414,Grupo 7414,Grupo 7414,Grupo 7414,Grupo 7414,Grupo 7414,Grupo 7414,7mo Semestre,PSICOLOGIA CLINICA Y DE LA SALUD
CLAVE,ASIGNATURA,LUNES,MARTES,MIERCOLES,JUEVES,VIERNES,SABADO,PROFESOR,OBSERVACIONES,7mo Semestre,PSICOLOGIA CLINICA Y DE LA SALUD
1720,PSICOPATOLOGIA Y PERSONALIDAD,,17:00 a 20:00 Edif C Salon 2,16:00 a 19:00 Edif C Salon 2,,,,MARQUEZ VERDUZCO DAVID,,7mo Semestre,PSICOLOGIA CLINICA Y DE LA SALUD
1721,TEORIAS PSICOLOGICAS DE LA SALUD,,,,,15:00 a 18:00 Edif C Salon 2,,GAMIOCHIPI CANO MIREYA,,7mo Semestre,PSICOLOGIA CLINICA Y DE LA SALUD
1722,TEORIAS Y SISTEMAS TERAPEUTICOS,,,,14:00 a 17:00 A 001,,,MEDINA GUTIERREZ MIGUEL ANGEL,,7mo Semestre,PSICOLOGIA CLINICA Y DE LA SALUD
Selecciona el semestre a consultar  ----------- 1er Semestre 	3er Semestre 	5to Semestre 	7mo Semestre  OPTATIVAS DE GENERO (Plan 2008)  OPTATIVAS,Selecciona el tipo de busqueda  ----------- Grupo 	Asignatura,Selecciona el campo del conocimiento  ----------- CIENCIAS COGNITIVAS Y DEL COMPORTAMIENTO 	PROCESOS PSICOSOCIALES Y CULTURALES 	PSICOBIOLOGIA Y NEUROCIENCIAS 	PSICOLOGIA CLINICA Y DE LA SALUD 	PSICOLOGIA DE LA EDUCACION 	PSICOLOGIA ORGANIZACIONAL 	CONTEXTUAL,,,,,,,,7mo Semestre,PSICOLOGIA DE LA EDUCACION
,,,,,,,,,,7mo Semestre,PSICOLOGIA DE LA EDUCACION
,,,,,,,,,,7mo Semestre,PSICOLOGIA DE LA EDUCACION
Grupo 7501  CLAVE  ASIGNATURA  LUNES  MARTES  MIERCOLES  JUEVES  VIERNES  SABADO  PROFESOR  OBSERVACIONES  1727  ANALISIS DEL SISTEM. EDUC.MEXICANO  08:00 a 11:00 A 211  DELGADO CERVANTES NORMA GEORGINA  1728  INDUCC.A LA INTERVEN.EN EDUCACION  08:00 a 13:00 AULA PENDIENTE  08:00 a 13:00 Edif C Salon 4  PROFESOR PENDIENTE LA ASIGNATURA ES IMPARTIDA POR LA MTRA. CECILIA MORALES GARDUñO  1729  INVESTIGAC.CUALITATIVA EN EDUCAC.  11:00 a 14:00 A 211  ALATORRE RICO JAVIER  1730  NUEVAS TECNOLOGIAS EN EDUCACION  16:00 a 19:00 A 202  DIAZ BARRIGA ARCEO FRIDA  Grupo 7502  CLAVE  ASIGNATURA  LUNES  MARTES  MIERCOLES  JUEVES  VIERNES  SABADO  PROFESOR  OBSERVACIONES  1727  ANALISIS DEL SISTEM. EDUC.MEXICANO  11:00 a 14:00 A 202  FIERRO LUNA FERNANDO  1729  INVESTIGAC.CUALITATIVA EN EDUCAC.  11:00 a 14:00 A 202  RIGO LEMINI MARCO ANTONIO  1730  NUEVAS TECNOLOGIAS EN EDUCACION  11:00 a 14:00 A 202  RIGO LEMINI MARCO ANTONIO  Grupo 7503  CLAVE  ASIGNATURA  LUNES  MARTES  MIERCOLES  JUEVES  VIERNES  SABADO  PROFESOR  OBSERVACIONES  1727  ANALISIS DEL SISTEM. EDUC.MEXICANO  11:00 a 14:00 A 204  GARCIA VIGIL MARIA HORTENSIA  1728  INDUCC.A LA INTERVEN.EN EDUCACION  09:00 a 14:00 UDEMAT Edif A  09:00 a 14:00 UDEMAT Edif A  LOPEZ RAMIREZ JOSE LUIS  1730  NUEVAS TECNOLOGIAS EN EDUCACION  16:00 a 19:00 A 204  GUZMAN CEDILLO YUNUEN IXCHEL  Grupo 7504  CLAVE  ASIGNATURA  LUNES  MARTES  MIERCOLES  JUEVES  VIERNES  SABADO  PROFESOR  OBSERVACIONES  1727  ANALISIS DEL SISTEM. EDUC.MEXICANO  15:00 a 18:00 A 205  FIERRO LUNA FERNANDO  1728  INDUCC.A LA INTERVEN.EN EDUCACION  09:00 a 14:00 AULA PENDIENTE  09:00 a 14:00 AULA PENDIENTE  PROFESOR PENDIENTE LA ASIGNATURA ES IMPARTIDA POR LA DRA. ELISA SAAD DAYáN  1729  INVESTIGAC.CUALITATIVA EN EDUCAC.  16:00 a 19:00 A 204  MURIA VILA IRENE DANIELA  1730  NUEVAS TECNOLOGIAS EN EDUCACION  10:00 a 13:00 A 204  PROFESOR PENDIENTE Grupo 7505  CLAVE  ASIGNATURA  LUNES  MARTES  MIERCOLES  JUEVES  VIERNES  SABADO  PROFESOR  OBSERVACIONES  1727  ANALISIS DEL SISTEM. EDUC.MEXICANO  16:00 a 19:00 A 201  GARCIA VIGIL MARIA HORTENSIA  1728  INDUCC.A LA INTERVEN.EN EDUCACION  09:00 a 14:00 AULA PENDIENTE  09:00 a 14:00 AULA PENDIENTE  PROFESOR PENDIENTE LA ASIGNATURA ES IMPARTIDA POR EL MTRO. JAVIER ALATORRE RICO  Grupo 7506  CLAVE  ASIGNATURA  LUNES  MARTES  MIERCOLES  JUEVES  VIERNES  SABADO  PROFESOR  OBSERVACIONES  1727  ANALISIS DEL SISTEM. EDUC.MEXICANO  16:00 a 19:00 A 201  PROFESOR PENDIENTE 1728  INDUCC.A LA INTERVEN.EN EDUCACION  09:00 a 14:00 AULA PENDIENTE  09:00 a 14:00 AULA PENDIENTE  DELGADO CERVANTES NORMA GEORGINA  Grupo 7507  CLAVE  ASIGNATURA  LUNES  MARTES  MIERCOLES  JUEVES  VIERNES  SABADO  PROFESOR  OBSERVACIONES  1728  INDUCC.A LA INTERVEN.EN EDUCACION  10:00 a 15:00 AULA PENDIENTE  10:00 a 15:00 AULA PENDIENTE  RUBIO JIMENEZ ANA LUISA  Grupo 7508  CLAVE  ASIGNATURA  LUNES  MARTES  MIERCOLES  JUEVES  VIERNES  SABADO  PROFESOR  OBSERVACIONES  1728  INDUCC.A LA INTERVEN.EN EDUCACION  10:00 a 15:00 Edif C URIDES 2  10:00 a 15:00 Edif C URIDES 2  TORREBLANCA NAVARRO OMAR  Grupo 7509  CLAVE  ASIGNATURA  LUNES  MARTES  MIERCOLES  JUEVES  VIERNES  SABADO  PROFESOR  OBSERVACIONES  1728  INDUCC.A LA INTERVEN.EN EDUCACION  15:00 a 20:00 A 312  15:00 a 20:00 A 313  GUZMAN CEDILLO YUNUEN IXCHEL  Grupo 7510  CLAVE  ASIGNATURA  LUNES  MARTES  MIERCOLES  JUEVES  VIERNES  SABADO  PROFESOR  OBSERVACIONES  1728  INDUCC.A LA INTERVEN.EN EDUCACION  08:00 a 13:00 Edif B Sal. Juntas  08:00 a 13:00 Edif B Sal. Juntas  PROFESOR PENDIENTE LA ASIGNATURA ES IMPARTIDA POR EL MTRO. MATA ROSAS FERNANDO  Grupo 7511  CLAVE  ASIGNATURA  LUNES  MARTES  MIERCOLES  JUEVES  VIERNES  SABADO  PROFESOR  OBSERVACIONES  1729  INVESTIGAC.CUALITATIVA EN EDUCAC.  12:00 a 15:00 A 204  FIGUEROA CAMPOS MILAGROS,Grupo 7501  CLAVE  ASIGNATURA  LUNES  MARTES  MIERCOLES  JUEVES  VIERNES  SABADO  PROFESOR  OBSERVACIONES  1727  ANALISIS DEL SISTEM. EDUC.MEXICANO  08:00 a 11:00 A 211  DELGADO CERVANTES NORMA GEORGINA  1728  INDUCC.A LA INTERVEN.EN EDUCACION  08:00 a 13:00 AULA PENDIENTE  08:00 a 13:00 Edif C Salon 4  PROFESOR PENDIENTE LA ASIGNATURA ES IMPARTIDA POR LA MTRA. CECILIA MORALES GARDUñO  1729  INVESTIGAC.CUALITATIVA EN EDUCAC.  11:00 a 14:00 A 211  ALATORRE RICO JAVIER  1730  NUEVAS TECNOLOGIAS EN EDUCACION  16:00 a 19:00 A 202  DIAZ BARRIGA ARCEO FRIDA  Grupo 7502  CLAVE  ASIGNATURA  LUNES  MARTES  MIERCOLES  JUEVES  VIERNES  SABADO  PROFESOR  OBSERVACIONES  1727  ANALISIS DEL SISTEM. EDUC.MEXICANO  11:00 a 14:00 A 202  FIERRO LUNA FERNANDO  1729  INVESTIGAC.CUALITATIVA EN EDUCAC.  11:00 a 14:00 A 202  RIGO LEMINI MARCO ANTONIO  1730  NUEVAS TECNOLOGIAS EN EDUCACION  11:00 a 14:00 A 202  RIGO LEMINI MARCO ANTONIO  Grupo 7503  CLAVE  ASIGNATURA  LUNES  MARTES  MIERCOLES  JUEVES  VIERNES  SABADO  PROFESOR  OBSERVACIONES  1727  ANALISIS DEL SISTEM. EDUC.MEXICANO  11:00 a 14:00 A 204  GARCIA VIGIL MARIA HORTENSIA  1728  INDUCC.A LA INTERVEN.EN EDUCACION  09:00 a 14:00 UDEMAT Edif A  09:00 a 14:00 UDEMAT Edif A  LOPEZ RAMIREZ JOSE LUIS  1730  NUEVAS TECNOLOGIAS EN EDUCACION  16:00 a 19:00 A 204  GUZMAN CEDILLO YUNUEN IXCHEL  Grupo 7504  CLAVE  ASIGNATURA  LUNES  MARTES  MIERCOLES  JUEVES  VIERNES  SABADO  PROFESOR  OBSERVACIONES  1727  ANALISIS DEL SISTEM. EDUC.MEXICANO  15:00 a 18:00 A 205  FIERRO LUNA FERNANDO  1728  INDUCC.A LA INTERVEN.EN EDUCACION  09:00 a 14:00 AULA PENDIENTE  09:00 a 14:00 AULA PENDIENTE  PROFESOR PENDIENTE LA ASIGNATURA ES IMPARTIDA POR LA DRA. ELISA SAAD DAYáN  1729  INVESTIGAC.CUALITATIVA EN EDUCAC.  16:00 a 19:00 A 204  MURIA VILA IRENE DANIELA  1730  NUEVAS TECNOLOGIAS EN EDUCACION  10:00 a 13:00 A 204  PROFESOR PENDIENTE Grupo 7505  CLAVE  ASIGNATURA  LUNES  MARTES  MIERCOLES  JUEVES  VIERNES  SABADO  PROFESOR  OBSERVACIONES  1727  ANALISIS DEL SISTEM. EDUC.MEXICANO  16:00 a 19:00 A 201  GARCIA VIGIL MARIA HORTENSIA  1728  INDUCC.A LA INTERVEN.EN EDUCACION  09:00 a 14:00 AULA PENDIENTE  09:00 a 14:00 AULA PENDIENTE  PROFESOR PENDIENTE LA ASIGNATURA ES IMPARTIDA POR EL MTRO. JAVIER ALATORRE RICO  Grupo 7506  CLAVE  ASIGNATURA  LUNES  MARTES  MIERCOLES  JUEVES  VIERNES  SABADO  PROFESOR  OBSERVACIONES  1727  ANALISIS DEL SISTEM. EDUC.MEXICANO  16:00 a 19:00 A 201  PROFESOR PENDIENTE 1728  INDUCC.A LA INTERVEN.EN EDUCACION  09:00 a 14:00 AULA PENDIENTE  09:00 a 14:00 AULA PENDIENTE  DELGADO CERVANTES NORMA GEORGINA  Grupo 7507  CLAVE  ASIGNATURA  LUNES  MARTES  MIERCOLES  JUEVES  VIERNES  SABADO  PROFESOR  OBSERVACIONES  1728  INDUCC.A LA INTERVEN.EN EDUCACION  10:00 a 15:00 AULA PENDIENTE  10:00 a 15:00 AULA PENDIENTE  RUBIO JIMENEZ ANA LUISA  Grupo 7508  CLAVE  ASIGNATURA  LUNES  MARTES  MIERCOLES  JUEVES  VIERNES  SABADO  PROFESOR  OBSERVACIONES  1728  INDUCC.A LA INTERVEN.EN EDUCACION  10:00 a 15:00 Edif C URIDES 2  10:00 a 15:00 Edif C URIDES 2  TORREBLANCA NAVARRO OMAR  Grupo 7509  CLAVE  ASIGNATURA  LUNES  MARTES  MIERCOLES  JUEVES  VIERNES  SABADO  PROFESOR  OBSERVACIONES  1728  INDUCC.A LA INTERVEN.EN EDUCACION  15:00 a 20:00 A 312  15:00 a 20:00 A 313  GUZMAN CEDILLO YUNUEN IXCHEL  Grupo 7510  CLAVE  ASIGNATURA  LUNES  MARTES  MIERCOLES  JUEVES  VIERNES  SABADO  PROFESOR  OBSERVACIONES  1728  INDUCC.A LA INTERVEN.EN EDUCACION  08:00 a 13:00 Edif B Sal. Juntas  08:00 a 13:00 Edif B Sal. Juntas  PROFESOR PENDIENTE LA ASIGNATURA ES IMPARTIDA POR EL MTRO. MATA ROSAS FERNANDO  Grupo 7511  CLAVE  ASIGNATURA  LUNES  MARTES  MIERCOLES  JUEVES  VIERNES  SABADO  PROFESOR  OBSERVACIONES  1729  INVESTIGAC.CUALITATIVA EN EDUCAC.  12:00 a 15:00 A 204  FIGUEROA CAMPOS MILAGROS,Grupo 7501  CLAVE  ASIGNATURA  LUNES  MARTES  MIERCOLES  JUEVES  VIERNES  SABADO  PROFESOR  OBSERVACIONES  1727  ANALISIS DEL SISTEM. EDUC.MEXICANO  08:00 a 11:00 A 211  DELGADO CERVANTES NORMA GEORGINA  1728  INDUCC.A LA INTERVEN.EN EDUCACION  08:00 a 13:00 AULA PENDIENTE  08:00 a 13:00 Edif C Salon 4  PROFESOR PENDIENTE LA ASIGNATURA ES IMPARTIDA POR LA MTRA. CECILIA MORALES GARDUñO  1729  INVESTIGAC.CUALITATIVA EN EDUCAC.  11:00 a 14:00 A 211  ALATORRE RICO JAVIER  1730  NUEVAS TECNOLOGIAS EN EDUCACION  16:00 a 19:00 A 202  DIAZ BARRIGA ARCEO FRIDA  Grupo 7502  CLAVE  ASIGNATURA  LUNES  MARTES  MIERCOLES  JUEVES  VIERNES  SABADO  PROFESOR  OBSERVACIONES  1727  ANALISIS DEL SISTEM. EDUC.MEXICANO  11:00 a 14:00 A 202  FIERRO LUNA FERNANDO  1729  INVESTIGAC.CUALITATIVA EN EDUCAC.  11:00 a 14:00 A 202  RIGO LEMINI MARCO ANTONIO  1730  NUEVAS TECNOLOGIAS EN EDUCACION  11:00 a 14:00 A 202  RIGO LEMINI MARCO ANTONIO  Grupo 7503  CLAVE  ASIGNATURA  LUNES  MARTES  MIERCOLES  JUEVES  VIERNES  SABADO  PROFESOR  OBSERVACIONES  1727  ANALISIS DEL SISTEM. EDUC.MEXICANO  11:00 a 14:00 A 204  GARCIA VIGIL MARIA HORTENSIA  1728  INDUCC.A LA INTERVEN.EN EDUCACION  09:00 a 14:00 UDEMAT Edif A  09:00 a 14:00 UDEMAT Edif A  LOPEZ RAMIREZ JOSE LUIS  1730  NUEVAS TECNOLOGIAS EN EDUCACION  16:00 a 19:00 A 204  GUZMAN CEDILLO YUNUEN IXCHEL  Grupo 7504  CLAVE  ASIGNATURA  LUNES  MARTES  MIERCOLES  JUEVES  VIERNES  SABADO  PROFESOR  OBSERVACIONES  1727  ANALISIS DEL SISTEM. EDUC.MEXICANO  15:00 a 18:00 A 205  FIERRO LUNA FERNANDO  1728  INDUCC.A LA INTERVEN.EN EDUCACION  09:00 a 14:00 AULA PENDIENTE  09:00 a 14:00 AULA PENDIENTE  PROFESOR PENDIENTE LA ASIGNATURA ES IMPARTIDA POR LA DRA. ELISA SAAD DAYáN  1729  INVESTIGAC.CUALITATIVA EN EDUCAC.  16:00 a 19:00 A 204  MURIA VILA IRENE DANIELA  1730  NUEVAS TECNOLOGIAS EN EDUCACION  10:00 a 13:00 A 204  PROFESOR PENDIENTE Grupo 7505  CLAVE  ASIGNATURA  LUNES  MARTES  MIERCOLES  JUEVES  VIERNES  SABADO  PROFESOR  OBSERVACIONES  1727  ANALISIS DEL SISTEM. EDUC.MEXICANO  16:00 a 19:00 A 201  GARCIA VIGIL MARIA HORTENSIA  1728  INDUCC.A LA INTERVEN.EN EDUCACION  09:00 a 14:00 AULA PENDIENTE  09:00 a 14:00 AULA PENDIENTE  PROFESOR PENDIENTE LA ASIGNATURA ES IMPARTIDA POR EL MTRO. JAVIER ALATORRE RICO  Grupo 7506  CLAVE  ASIGNATURA  LUNES  MARTES  MIERCOLES  JUEVES  VIERNES  SABADO  PROFESOR  OBSERVACIONES  1727  ANALISIS DEL SISTEM. EDUC.MEXICANO  16:00 a 19:00 A 201  PROFESOR PENDIENTE 1728  INDUCC.A LA INTERVEN.EN EDUCACION  09:00 a 14:00 AULA PENDIENTE  09:00 a 14:00 AULA PENDIENTE  DELGADO CERVANTES NORMA GEORGINA  Grupo 7507  CLAVE  ASIGNATURA  LUNES  MARTES  MIERCOLES  JUEVES  VIERNES  SABADO  PROFESOR  OBSERVACIONES  1728  INDUCC.A LA INTERVEN.EN EDUCACION  10:00 a 15:00 AULA PENDIENTE  10:00 a 15:00 AULA PENDIENTE  RUBIO JIMENEZ ANA LUISA  Grupo 7508  CLAVE  ASIGNATURA  LUNES  MARTES  MIERCOLES  JUEVES  VIERNES  SABADO  PROFESOR  OBSERVACIONES  1728  INDUCC.A LA INTERVEN.EN EDUCACION  10:00 a 15:00 Edif C URIDES 2  10:00 a 15:00 Edif C URIDES 2  TORREBLANCA NAVARRO OMAR  Grupo 7509  CLAVE  ASIGNATURA  LUNES  MARTES  MIERCOLES  JUEVES  VIERNES  SABADO  PROFESOR  OBSERVACIONES  1728  INDUCC.A LA INTERVEN.EN EDUCACION  15:00 a 20:00 A 312  15:00 a 20:00 A 313  GUZMAN CEDILLO YUNUEN IXCHEL  Grupo 7510  CLAVE  ASIGNATURA  LUNES  MARTES  MIERCOLES  JUEVES  VIERNES  SABADO  PROFESOR  OBSERVACIONES  1728  INDUCC.A LA INTERVEN.EN EDUCACION  08:00 a 13:00 Edif B Sal. Juntas  08:00 a 13:00 Edif B Sal. Juntas  PROFESOR PENDIENTE LA ASIGNATURA ES IMPARTIDA POR EL MTRO. MATA ROSAS FERNANDO  Grupo 7511  CLAVE  ASIGNATURA  LUNES  MARTES  MIERCOLES  JUEVES  VIERNES  SABADO  PROFESOR  OBSERVACIONES  1729  INVESTIGAC.CUALITATIVA EN EDUCAC.  12:00 a 15:00 A 204  FIGUEROA CAMPOS MILAGROS,,,,,,,,7mo Semestre,PSICOLOGIA DE LA EDUCACION
Grupo 7501,Grupo 7501,Grupo 7501,Grupo 7501,Grupo 7501,Grupo 7501,Grupo 7501,Grupo 7501,Grupo 7501,Grupo 7501,7mo Semestre,PSICOLOGIA DE LA EDUCACION
CLAVE,ASIGNATURA,LUNES,MARTES,MIERCOLES,JUEVES,VIERNES,SABADO,PROFESOR,OBSERVACIONES,7mo Semestre,PSICOLOGIA DE LA EDUCACION
1727,ANALISIS DEL SISTEM. EDUC.MEXICANO,08:00 a 11:00 A 211,,,,,,DELGADO CERVANTES NORMA GEORGINA,,7mo Semestre,PSICOLOGIA DE LA EDUCACION
1728,INDUCC.A LA INTERVEN.EN EDUCACION,,08:00 a 13:00 AULA PENDIENTE,,08:00 a 13:00 Edif C Salon 4,,,PROFESOR PENDIENTE,LA ASIGNATURA ES IMPARTIDA POR LA MTRA. CECILIA MORALES GARDUñO,7mo Semestre,PSICOLOGIA DE LA EDUCACION
1729,INVESTIGAC.CUALITATIVA EN EDUCAC.,11:00 a 14:00 A 211,,,,,,ALATORRE RICO JAVIER,,7mo Semestre,PSICOLOGIA DE LA EDUCACION
1730,NUEVAS TECNOLOGIAS EN EDUCACION,16:00 a 19:00 A 202,,,,,,DIAZ BARRIGA ARCEO FRIDA,,7mo Semestre,PSICOLOGIA DE LA EDUCACION
Grupo 7502,Grupo 7502,Grupo 7502,Grupo 7502,Grupo 7502,Grupo 7502,Grupo 7502,Grupo 7502,Grupo 7502,Grupo 7502,7mo Semestre,PSICOLOGIA DE LA EDUCACION
CLAVE,ASIGNATURA,LUNES,MARTES,MIERCOLES,JUEVES,VIERNES,SABADO,PROFESOR,OBSERVACIONES,7mo Semestre,PSICOLOGIA DE LA EDUCACION
1727,ANALISIS DEL SISTEM. EDUC.MEXICANO,,11:00 a 14:00 A 202,,,,,FIERRO LUNA FERNANDO,,7mo Semestre,PSICOLOGIA DE LA EDUCACION
1729,INVESTIGAC.CUALITATIVA EN EDUCAC.,,,11:00 a 14:00 A 202,,,,RIGO LEMINI MARCO ANTONIO,,7mo Semestre,PSICOLOGIA DE LA EDUCACION
1730,NUEVAS TECNOLOGIAS EN EDUCACION,,,,,11:00 a 14:00 A 202,,RIGO LEMINI MARCO ANTONIO,,7mo Semestre,PSICOLOGIA DE LA EDUCACION
Grupo 7503,Grupo 7503,Grupo 7503,Grupo 7503,Grupo 7503,Grupo 7503,Grupo 7503,Grupo 7503,Grupo 7503,Grupo 7503,7mo Semestre,PSICOLOGIA DE LA EDUCACION
CLAVE,ASIGNATURA,LUNES,MARTES,MIERCOLES,JUEVES,VIERNES,SABADO,PROFESOR,OBSERVACIONES,7mo Semestre,PSICOLOGIA DE LA EDUCACION
1727,ANALISIS DEL SISTEM. EDUC.MEXICANO,,,11:00 a 14:00 A 204,,,,GARCIA VIGIL MARIA HORTENSIA,,7mo Semestre,PSICOLOGIA DE LA EDUCACION
1728,INDUCC.A LA INTERVEN.EN EDUCACION,,09:00 a 14:00 UDEMAT Edif A,,09:00 a 14:00 UDEMAT Edif A,,,LOPEZ RAMIREZ JOSE LUIS,,7mo Semestre,PSICOLOGIA DE LA EDUCACION
1730,NUEVAS TECNOLOGIAS EN EDUCACION,,,,,16:00 a 19:00 A 204,,GUZMAN CEDILLO YUNUEN IXCHEL,,7mo Semestre,PSICOLOGIA DE LA EDUCACION
Grupo 7504,Grupo 7504,Grupo 7504,Grupo 7504,Grupo 7504,Grupo 7504,Grupo 7504,Grupo 7504,Grupo 7504,Grupo 7504,7mo Semestre,PSICOLOGIA DE LA EDUCACION
CLAVE,ASIGNATURA,LUNES,MARTES,MIERCOLES,JUEVES,VIERNES,SABADO,PROFESOR,OBSERVACIONES,7mo Semestre,PSICOLOGIA DE LA EDUCACION
1727,ANALISIS DEL SISTEM. EDUC.MEXICANO,,,,,15:00 a 18:00 A 205,,FIERRO LUNA FERNANDO,,7mo Semestre,PSICOLOGIA DE LA EDUCACION
1728,INDUCC.A LA INTERVEN.EN EDUCACION,,09:00 a 14:00 AULA PENDIENTE,,09:00 a 14:00 AULA PENDIENTE,,,PROFESOR PENDIENTE,LA ASIGNATURA ES IMPARTIDA POR LA DRA. ELISA SAAD DAYáN,7mo Semestre,PSICOLOGIA DE LA EDUCACION
1729,INVESTIGAC.CUALITATIVA EN EDUCAC.,,,16:00 a 19:00 A 204,,,,MURIA VILA IRENE DANIELA,,7mo Semestre,PSICOLOGIA DE LA EDUCACION
1730,NUEVAS TECNOLOGIAS EN EDUCACION,10:00 a 13:00 A 204,,,,,,PROFESOR PENDIENTE,,7mo Semestre,PSICOLOGIA DE LA EDUCACION
Grupo 7505,Grupo 7505,Grupo 7505,Grupo 7505,Grupo 7505,Grupo 7505,Grupo 7505,Grupo 7505,Grupo 7505,Grupo 7505,7mo Semestre,PSICOLOGIA DE LA EDUCACION
CLAVE,ASIGNATURA,LUNES,MARTES,MIERCOLES,JUEVES,VIERNES,SABADO,PROFESOR,OBSERVACIONES,7mo Semestre,PSICOLOGIA DE LA EDUCACION
1727,ANALISIS DEL SISTEM. EDUC.MEXICANO,,,16:00 a 19:00 A 201,,,,GARCIA VIGIL MARIA HORTENSIA,,7mo Semestre,PSICOLOGIA DE LA EDUCACION
1728,INDUCC.A LA INTERVEN.EN EDUCACION,,09:00 a 14:00 AULA PENDIENTE,,09:00 a 14:00 AULA PENDIENTE,,,PROFESOR PENDIENTE,LA ASIGNATURA ES IMPARTIDA POR EL MTRO. JAVIER ALATORRE RICO,7mo Semestre,PSICOLOGIA DE LA EDUCACION
Grupo 7506,Grupo 7506,Grupo 7506,Grupo 7506,Grupo 7506,Grupo 7506,Grupo 7506,Grupo 7506,Grupo 7506,Grupo 7506,7mo Semestre,PSICOLOGIA DE LA EDUCACION
CLAVE,ASIGNATURA,LUNES,MARTES,MIERCOLES,JUEVES,VIERNES,SABADO,PROFESOR,OBSERVACIONES,7mo Semestre,PSICOLOGIA DE LA EDUCACION
1727,ANALISIS DEL SISTEM. EDUC.MEXICANO,,,,16:00 a 19:00 A 201,,,PROFESOR PENDIENTE,,7mo Semestre,PSICOLOGIA DE LA EDUCACION
1728,INDUCC.A LA INTERVEN.EN EDUCACION,,09:00 a 14:00 AULA PENDIENTE,,09:00 a 14:00 AULA PENDIENTE,,,DELGADO CERVANTES NORMA GEORGINA,,7mo Semestre,PSICOLOGIA DE LA EDUCACION
Grupo 7507,Grupo 7507,Grupo 7507,Grupo 7507,Grupo 7507,Grupo 7507,Grupo 7507,Grupo 7507,Grupo 7507,Grupo 7507,7mo Semestre,PSICOLOGIA DE LA EDUCACION
CLAVE,ASIGNATURA,LUNES,MARTES,MIERCOLES,JUEVES,VIERNES,SABADO,PROFESOR,OBSERVACIONES,7mo Semestre,PSICOLOGIA DE LA EDUCACION
1728,INDUCC.A LA INTERVEN.EN EDUCACION,,10:00 a 15:00 AULA PENDIENTE,,10:00 a 15:00 AULA PENDIENTE,,,RUBIO JIMENEZ ANA LUISA,,7mo Semestre,PSICOLOGIA DE LA EDUCACION
Grupo 7508,Grupo 7508,Grupo 7508,Grupo 7508,Grupo 7508,Grupo 7508,Grupo 7508,Grupo 7508,Grupo 7508,Grupo 7508,7mo Semestre,PSICOLOGIA DE LA EDUCACION
CLAVE,ASIGNATURA,LUNES,MARTES,MIERCOLES,JUEVES,VIERNES,SABADO,PROFESOR,OBSERVACIONES,7mo Semestre,PSICOLOGIA DE LA EDUCACION
1728,INDUCC.A LA INTERVEN.EN EDUCACION,,10:00 a 15:00 Edif C URIDES 2,,10:00 a 15:00 Edif C URIDES 2,,,TORREBLANCA NAVARRO OMAR,,7mo Semestre,PSICOLOGIA DE LA EDUCACION
Grupo 7509,Grupo 7509,Grupo 7509,Grupo 7509,Grupo 7509,Grupo 7509,Grupo 7509,Grupo 7509,Grupo 7509,Grupo 7509,7mo Semestre,PSICOLOGIA DE LA EDUCACION
CLAVE,ASIGNATURA,LUNES,MARTES,MIERCOLES,JUEVES,VIERNES,SABADO,PROFESOR,OBSERVACIONES,7mo Semestre,PSICOLOGIA DE LA EDUCACION
1728,INDUCC.A LA INTERVEN.EN EDUCACION,,15:00 a 20:00 A 312,,15:00 a 20:00 A 313,,,GUZMAN CEDILLO YUNUEN IXCHEL,,7mo Semestre,PSICOLOGIA DE LA EDUCACION
Grupo 7510,Grupo 7510,Grupo 7510,Grupo 7510,Grupo 7510,Grupo 7510,Grupo 7510,Grupo 7510,Grupo 7510,Grupo 7510,7mo Semestre,PSICOLOGIA DE LA EDUCACION
CLAVE,ASIGNATURA,LUNES,MARTES,MIERCOLES,JUEVES,VIERNES,SABADO,PROFESOR,OBSERVACIONES,7mo Semestre,PSICOLOGIA DE LA EDUCACION
1728,INDUCC.A LA INTERVEN.EN EDUCACION,,08:00 a 13:00 Edif B Sal. Juntas,,08:00 a 13:00 Edif B Sal. Juntas,,,PROFESOR PENDIENTE,LA ASIGNATURA ES IMPARTIDA POR EL MTRO. MATA ROSAS FERNANDO,7mo Semestre,PSICOLOGIA DE LA EDUCACION
Grupo 7511,Grupo 7511,Grupo 7511,Grupo 7511,Grupo 7511,Grupo 7511,Grupo 7511,Grupo 7511,Grupo 7511,Grupo 7511,7mo Semestre,PSICOLOGIA DE LA EDUCACION
CLAVE,ASIGNATURA,LUNES,MARTES,MIERCOLES,JUEVES,VIERNES,SABADO,PROFESOR,OBSERVACIONES,7mo Semestre,PSICOLOGIA DE LA EDUCACION
1729,INVESTIGAC.CUALITATIVA EN EDUCAC.,,12:00 a 15:00 A 204,,,,,FIGUEROA CAMPOS MILAGROS,,7mo Semestre,PSICOLOGIA DE LA EDUCACION
Selecciona el semestre a consultar  ----------- 1er Semestre 	3er Semestre 	5to Semestre 	7mo Semestre  OPTATIVAS DE GENERO (Plan 2008)  OPTATIVAS,Selecciona el tipo de busqueda  ----------- Grupo 	Asignatura,Selecciona el campo del conocimiento  ----------- CIENCIAS COGNITIVAS Y DEL COMPORTAMIENTO 	PROCESOS PSICOSOCIALES Y CULTURALES 	PSICOBIOLOGIA Y NEUROCIENCIAS 	PSICOLOGIA CLINICA Y DE LA SALUD 	PSICOLOGIA DE LA EDUCACION 	PSICOLOGIA ORGANIZACIONAL 	CONTEXTUAL,,,,,,,,7mo Semestre,PSICOLOGIA ORGANIZACIONAL
,,,,,,,,,,7mo Semestre,PSICOLOGIA ORGANIZACIONAL
,,,,,,,,,,7mo Semestre,PSICOLOGIA ORGANIZACIONAL
Grupo 7601  CLAVE  ASIGNATURA  LUNES  MARTES  MIERCOLES  JUEVES  VIERNES  SABADO  PROFESOR  OBSERVACIONES  1723  CAPACITAC.Y DESARR.DE PERSONAL III  08:00 a 11:00 A 102  08:00 a 11:00 A 102  VILLAVICENCIO AYUB ERIKA ROSALIA  1724  ELABORACION D PRUEBAS INDUSTRIALES  09:00 a 14:00 A 301  CASALES LEON ANGEL GABINO  1725  INTEGRACION DE PERSONAL II  09:00 a 12:00 A 211  09:00 a 12:00 A 211  PENICHE AMANTE RODRIGO  1726  RELACIONES LABORALES  10:00 a 13:00 A 211  PUENTE LOMELIN ARTURO  Grupo 7602  CLAVE  ASIGNATURA  LUNES  MARTES  MIERCOLES  JUEVES  VIERNES  SABADO  PROFESOR  OBSERVACIONES  1724  ELABORACION D PRUEBAS INDUSTRIALES  11:00 a 14:00 A 002  11:00 a 13:00 B 17  PATLAN PEREZ JUANA  1725  INTEGRACION DE PERSONAL II  09:00 a 12:00 B 07  09:00 a 12:00 A 211  PACHECO LAPIEDRA ROSA  Grupo 7603  CLAVE  ASIGNATURA  LUNES  MARTES  MIERCOLES  JUEVES  VIERNES  SABADO  PROFESOR  OBSERVACIONES  1725  INTEGRACION DE PERSONAL II  11:00 a 14:00 B 17  10:00 a 13:00 B 17  VALLE GOMEZ MIRNA ROCIO  1726  RELACIONES LABORALES  10:00 a 13:00 B 17  MARTINEZ MEJIA EMMANUEL  Grupo 7604  CLAVE  ASIGNATURA  LUNES  MARTES  MIERCOLES  JUEVES  VIERNES  SABADO  PROFESOR  OBSERVACIONES  1724  ELABORACION D PRUEBAS INDUSTRIALES  10:00 a 15:00 A 301  MARTINEZ MEJIA EMMANUEL  1725  INTEGRACION DE PERSONAL II  12:00 a 15:00 B 07  12:00 a 15:00 Edif C Salon 1  PACHECO LAPIEDRA ROSA  Grupo 7605  CLAVE  ASIGNATURA  LUNES  MARTES  MIERCOLES  JUEVES  VIERNES  SABADO  PROFESOR  OBSERVACIONES  1725  INTEGRACION DE PERSONAL II  09:00 a 12:00 A 304  11:00 a 14:00 A 101  RODRIGUEZ RODRIGUEZ CLARA IVONNE  1726  RELACIONES LABORALES  11:00 a 14:00 A 314  RIVERA GARCIA JORGE LUIS  Grupo 7606  CLAVE  ASIGNATURA  LUNES  MARTES  MIERCOLES  JUEVES  VIERNES  SABADO  PROFESOR  OBSERVACIONES  1724  ELABORACION D PRUEBAS INDUSTRIALES  12:00 a 15:00 A 101  12:00 a 14:00 A 314  GARCIA SAISO ALEJANDRA  Grupo 7607  CLAVE  ASIGNATURA  LUNES  MARTES  MIERCOLES  JUEVES  VIERNES  SABADO  PROFESOR  OBSERVACIONES  1723  CAPACITAC.Y DESARR.DE PERSONAL III  14:00 a 17:00 A 102  14:00 a 17:00 A 102  SOUZA COLIN ERIKA  1724  ELABORACION D PRUEBAS INDUSTRIALES  15:00 a 20:00 A 110  IREPAN AGUILAR MARICELA  1726  RELACIONES LABORALES  16:00 a 19:00 A 304  PUENTE LOMELIN ARTURO  Grupo 7608  CLAVE  ASIGNATURA  LUNES  MARTES  MIERCOLES  JUEVES  VIERNES  SABADO  PROFESOR  OBSERVACIONES  1724  ELABORACION D PRUEBAS INDUSTRIALES  16:00 a 19:00 A 001  16:00 a 18:00 A 002  PATLAN PEREZ JUANA  1726  RELACIONES LABORALES  15:00 a 18:00 A 302  MARTINEZ MEJIA EMMANUEL  Grupo 7609  CLAVE  ASIGNATURA  LUNES  MARTES  MIERCOLES  JUEVES  VIERNES  SABADO  PROFESOR  OBSERVACIONES  1724  ELABORACION D PRUEBAS INDUSTRIALES  15:00 a 17:00 A 204  16:00 a 19:00 A 204  SALVADOR GINEZ OCTAVIO  Grupo 7610  CLAVE  ASIGNATURA  LUNES  MARTES  MIERCOLES  JUEVES  VIERNES  SABADO  PROFESOR  OBSERVACIONES  1726  RELACIONES LABORALES  15:00 a 18:00 A 205  VILLAVICENCIO CARRANZA MIGUEL ALEJANDRO  Grupo 7611  CLAVE  ASIGNATURA  LUNES  MARTES  MIERCOLES  JUEVES  VIERNES  SABADO  PROFESOR  OBSERVACIONES  1725  INTEGRACION DE PERSONAL II  17:00 a 20:00 A 211  17:00 a 20:00 A 102  RIVERA GARCIA JORGE LUIS,Grupo 7601  CLAVE  ASIGNATURA  LUNES  MARTES  MIERCOLES  JUEVES  VIERNES  SABADO  PROFESOR  OBSERVACIONES  1723  CAPACITAC.Y DESARR.DE PERSONAL III  08:00 a 11:00 A 102  08:00 a 11:00 A 102  VILLAVICENCIO AYUB ERIKA ROSALIA  1724  ELABORACION D PRUEBAS INDUSTRIALES  09:00 a 14:00 A 301  CASALES LEON ANGEL GABINO  1725  INTEGRACION DE PERSONAL II  09:00 a 12:00 A 211  09:00 a 12:00 A 211  PENICHE AMANTE RODRIGO  1726  RELACIONES LABORALES  10:00 a 13:00 A 211  PUENTE LOMELIN ARTURO  Grupo 7602  CLAVE  ASIGNATURA  LUNES  MARTES  MIERCOLES  JUEVES  VIERNES  SABADO  PROFESOR  OBSERVACIONES  1724  ELABORACION D PRUEBAS INDUSTRIALES  11:00 a 14:00 A 002  11:00 a 13:00 B 17  PATLAN PEREZ JUANA  1725  INTEGRACION DE PERSONAL II  09:00 a 12:00 B 07  09:00 a 12:00 A 211  PACHECO LAPIEDRA ROSA  Grupo 7603  CLAVE  ASIGNATURA  LUNES  MARTES  MIERCOLES  JUEVES  VIERNES  SABADO  PROFESOR  OBSERVACIONES  1725  INTEGRACION DE PERSONAL II  11:00 a 14:00 B 17  10:00 a 13:00 B 17  VALLE GOMEZ MIRNA ROCIO  1726  RELACIONES LABORALES  10:00 a 13:00 B 17  MARTINEZ MEJIA EMMANUEL  Grupo 7604  CLAVE  ASIGNATURA  LUNES  MARTES  MIERCOLES  JUEVES  VIERNES  SABADO  PROFESOR  OBSERVACIONES  1724  ELABORACION D PRUEBAS INDUSTRIALES  10:00 a 15:00 A 301  MARTINEZ MEJIA EMMANUEL  1725  INTEGRACION DE PERSONAL II  12:00 a 15:00 B 07  12:00 a 15:00 Edif C Salon 1  PACHECO LAPIEDRA ROSA  Grupo 7605  CLAVE  ASIGNATURA  LUNES  MARTES  MIERCOLES  JUEVES  VIERNES  SABADO  PROFESOR  OBSERVACIONES  1725  INTEGRACION DE PERSONAL II  09:00 a 12:00 A 304  11:00 a 14:00 A 101  RODRIGUEZ RODRIGUEZ CLARA IVONNE  1726  RELACIONES LABORALES  11:00 a 14:00 A 314  RIVERA GARCIA JORGE LUIS  Grupo 7606  CLAVE  ASIGNATURA  LUNES  MARTES  MIERCOLES  JUEVES  VIERNES  SABADO  PROFESOR  OBSERVACIONES  1724  ELABORACION D PRUEBAS INDUSTRIALES  12:00 a 15:00 A 101  12:00 a 14:00 A 314  GARCIA SAISO ALEJANDRA  Grupo 7607  CLAVE  ASIGNATURA  LUNES  MARTES  MIERCOLES  JUEVES  VIERNES  SABADO  PROFESOR  OBSERVACIONES  1723  CAPACITAC.Y DESARR.DE PERSONAL III  14:00 a 17:00 A 102  14:00 a 17:00 A 102  SOUZA COLIN ERIKA  1724  ELABORACION D PRUEBAS INDUSTRIALES  15:00 a 20:00 A 110  IREPAN AGUILAR MARICELA  1726  RELACIONES LABORALES  16:00 a 19:00 A 304  PUENTE LOMELIN ARTURO  Grupo 7608  CLAVE  ASIGNATURA  LUNES  MARTES  MIERCOLES  JUEVES  VIERNES  SABADO  PROFESOR  OBSERVACIONES  1724  ELABORACION D PRUEBAS INDUSTRIALES  16:00 a 19:00 A 001  16:00 a 18:00 A 002  PATLAN PEREZ JUANA  1726  RELACIONES LABORALES  15:00 a 18:00 A 302  MARTINEZ MEJIA EMMANUEL  Grupo 7609  CLAVE  ASIGNATURA  LUNES  MARTES  MIERCOLES  JUEVES  VIERNES  SABADO  PROFESOR  OBSERVACIONES  1724  ELABORACION D PRUEBAS INDUSTRIALES  15:00 a 17:00 A 204  16:00 a 19:00 A 204  SALVADOR GINEZ OCTAVIO  Grupo 7610  CLAVE  ASIGNATURA  LUNES  MARTES  MIERCOLES  JUEVES  VIERNES  SABADO  PROFESOR  OBSERVACIONES  1726  RELACIONES LABORALES  15:00 a 18:00 A 205  VILLAVICENCIO CARRANZA MIGUEL ALEJANDRO  Grupo 7611  CLAVE  ASIGNATURA  LUNES  MARTES  MIERCOLES  JUEVES  VIERNES  SABADO  PROFESOR  OBSERVACIONES  1725  INTEGRACION DE PERSONAL II  17:00 a 20:00 A 211  17:00 a 20:00 A 102  RIVERA GARCIA JORGE LUIS,Grupo 7601  CLAVE  ASIGNATURA  LUNES  MARTES  MIERCOLES  JUEVES  VIERNES  SABADO  PROFESOR  OBSERVACIONES  1723  CAPACITAC.Y DESARR.DE PERSONAL III  08:00 a 11:00 A 102  08:00 a 11:00 A 102  VILLAVICENCIO AYUB ERIKA ROSALIA  1724  ELABORACION D PRUEBAS INDUSTRIALES  09:00 a 14:00 A 301  CASALES LEON ANGEL GABINO  1725  INTEGRACION DE PERSONAL II  09:00 a 12:00 A 211  09:00 a 12:00 A 211  PENICHE AMANTE RODRIGO  1726  RELACIONES LABORALES  10:00 a 13:00 A 211  PUENTE LOMELIN ARTURO  Grupo 7602  CLAVE  ASIGNATURA  LUNES  MARTES  MIERCOLES  JUEVES  VIERNES  SABADO  PROFESOR  OBSERVACIONES  1724  ELABORACION D PRUEBAS INDUSTRIALES  11:00 a 14:00 A 002  11:00 a 13:00 B 17  PATLAN PEREZ JUANA  1725  INTEGRACION DE PERSONAL II  09:00 a 12:00 B 07  09:00 a 12:00 A 211  PACHECO LAPIEDRA ROSA  Grupo 7603  CLAVE  ASIGNATURA  LUNES  MARTES  MIERCOLES  JUEVES  VIERNES  SABADO  PROFESOR  OBSERVACIONES  1725  INTEGRACION DE PERSONAL II  11:00 a 14:00 B 17  10:00 a 13:00 B 17  VALLE GOMEZ MIRNA ROCIO  1726  RELACIONES LABORALES  10:00 a 13:00 B 17  MARTINEZ MEJIA EMMANUEL  Grupo 7604  CLAVE  ASIGNATURA  LUNES  MARTES  MIERCOLES  JUEVES  VIERNES  SABADO  PROFESOR  OBSERVACIONES  1724  ELABORACION D PRUEBAS INDUSTRIALES  10:00 a 15:00 A 301  MARTINEZ MEJIA EMMANUEL  1725  INTEGRACION DE PERSONAL II  12:00 a 15:00 B 07  12:00 a 15:00 Edif C Salon 1  PACHECO LAPIEDRA ROSA  Grupo 7605  CLAVE  ASIGNATURA  LUNES  MARTES  MIERCOLES  JUEVES  VIERNES  SABADO  PROFESOR  OBSERVACIONES  1725  INTEGRACION DE PERSONAL II  09:00 a 12:00 A 304  11:00 a 14:00 A 101  RODRIGUEZ RODRIGUEZ CLARA IVONNE  1726  RELACIONES LABORALES  11:00 a 14:00 A 314  RIVERA GARCIA JORGE LUIS  Grupo 7606  CLAVE  ASIGNATURA  LUNES  MARTES  MIERCOLES  JUEVES  VIERNES  SABADO  PROFESOR  OBSERVACIONES  1724  ELABORACION D PRUEBAS INDUSTRIALES  12:00 a 15:00 A 101  12:00 a 14:00 A 314  GARCIA SAISO ALEJANDRA  Grupo 7607  CLAVE  ASIGNATURA  LUNES  MARTES  MIERCOLES  JUEVES  VIERNES  SABADO  PROFESOR  OBSERVACIONES  1723  CAPACITAC.Y DESARR.DE PERSONAL III  14:00 a 17:00 A 102  14:00 a 17:00 A 102  SOUZA COLIN ERIKA  1724  ELABORACION D PRUEBAS INDUSTRIALES  15:00 a 20:00 A 110  IREPAN AGUILAR MARICELA  1726  RELACIONES LABORALES  16:00 a 19:00 A 304  PUENTE LOMELIN ARTURO  Grupo 7608  CLAVE  ASIGNATURA  LUNES  MARTES  MIERCOLES  JUEVES  VIERNES  SABADO  PROFESOR  OBSERVACIONES  1724  ELABORACION D PRUEBAS INDUSTRIALES  16:00 a 19:00 A 001  16:00 a 18:00 A 002  PATLAN PEREZ JUANA  1726  RELACIONES LABORALES  15:00 a 18:00 A 302  MARTINEZ MEJIA EMMANUEL  Grupo 7609  CLAVE  ASIGNATURA  LUNES  MARTES  MIERCOLES  JUEVES  VIERNES  SABADO  PROFESOR  OBSERVACIONES  1724  ELABORACION D PRUEBAS INDUSTRIALES  15:00 a 17:00 A 204  16:00 a 19:00 A 204  SALVADOR GINEZ OCTAVIO  Grupo 7610  CLAVE  ASIGNATURA  LUNES  MARTES  MIERCOLES  JUEVES  VIERNES  SABADO  PROFESOR  OBSERVACIONES  1726  RELACIONES LABORALES  15:00 a 18:00 A 205  VILLAVICENCIO CARRANZA MIGUEL ALEJANDRO  Grupo 7611  CLAVE  ASIGNATURA  LUNES  MARTES  MIERCOLES  JUEVES  VIERNES  SABADO  PROFESOR  OBSERVACIONES  1725  INTEGRACION DE PERSONAL II  17:00 a 20:00 A 211  17:00 a 20:00 A 102  RIVERA GARCIA JORGE LUIS,,,,,,,,7mo Semestre,PSICOLOGIA ORGANIZACIONAL
Grupo 7601,Grupo 7601,Grupo 7601,Grupo 7601,Grupo 7601,Grupo 7601,Grupo 7601,Grupo 7601,Grupo 7601,Grupo 7601,7mo Semestre,PSICOLOGIA ORGANIZACIONAL
CLAVE,ASIGNATURA,LUNES,MARTES,MIERCOLES,JUEVES,VIERNES,SABADO,PROFESOR,OBSERVACIONES,7mo Semestre,PSICOLOGIA ORGANIZACIONAL
1723,CAPACITAC.Y DESARR.DE PERSONAL III,08:00 a 11:00 A 102,,08:00 a 11:00 A 102,,,,VILLAVICENCIO AYUB ERIKA ROSALIA,,7mo Semestre,PSICOLOGIA ORGANIZACIONAL
1724,ELABORACION D PRUEBAS INDUSTRIALES,,,,,,09:00 a 14:00 A 301,CASALES LEON ANGEL GABINO,,7mo Semestre,PSICOLOGIA ORGANIZACIONAL
1725,INTEGRACION DE PERSONAL II,,09:00 a 12:00 A 211,,09:00 a 12:00 A 211,,,PENICHE AMANTE RODRIGO,,7mo Semestre,PSICOLOGIA ORGANIZACIONAL
1726,RELACIONES LABORALES,,,,,10:00 a 13:00 A 211,,PUENTE LOMELIN ARTURO,,7mo Semestre,PSICOLOGIA ORGANIZACIONAL
Grupo 7602,Grupo 7602,Grupo 7602,Grupo 7602,Grupo 7602,Grupo 7602,Grupo 7602,Grupo 7602,Grupo 7602,Grupo 7602,7mo Semestre,PSICOLOGIA ORGANIZACIONAL
CLAVE,ASIGNATURA,LUNES,MARTES,MIERCOLES,JUEVES,VIERNES,SABADO,PROFESOR,OBSERVACIONES,7mo Semestre,PSICOLOGIA ORGANIZACIONAL
1724,ELABORACION D PRUEBAS INDUSTRIALES,,11:00 a 14:00 A 002,,11:00 a 13:00 B 17,,,PATLAN PEREZ JUANA,,7mo Semestre,PSICOLOGIA ORGANIZACIONAL
1725,INTEGRACION DE PERSONAL II,09:00 a 12:00 B 07,,09:00 a 12:00 A 211,,,,PACHECO LAPIEDRA ROSA,,7mo Semestre,PSICOLOGIA ORGANIZACIONAL
Grupo 7603,Grupo 7603,Grupo 7603,Grupo 7603,Grupo 7603,Grupo 7603,Grupo 7603,Grupo 7603,Grupo 7603,Grupo 7603,7mo Semestre,PSICOLOGIA ORGANIZACIONAL
CLAVE,ASIGNATURA,LUNES,MARTES,MIERCOLES,JUEVES,VIERNES,SABADO,PROFESOR,OBSERVACIONES,7mo Semestre,PSICOLOGIA ORGANIZACIONAL
1725,INTEGRACION DE PERSONAL II,11:00 a 14:00 B 17,,,,10:00 a 13:00 B 17,,VALLE GOMEZ MIRNA ROCIO,,7mo Semestre,PSICOLOGIA ORGANIZACIONAL
1726,RELACIONES LABORALES,,,10:00 a 13:00 B 17,,,,MARTINEZ MEJIA EMMANUEL,,7mo Semestre,PSICOLOGIA ORGANIZACIONAL
Grupo 7604,Grupo 7604,Grupo 7604,Grupo 7604,Grupo 7604,Grupo 7604,Grupo 7604,Grupo 7604,Grupo 7604,Grupo 7604,7mo Semestre,PSICOLOGIA ORGANIZACIONAL
CLAVE,ASIGNATURA,LUNES,MARTES,MIERCOLES,JUEVES,VIERNES,SABADO,PROFESOR,OBSERVACIONES,7mo Semestre,PSICOLOGIA ORGANIZACIONAL
1724,ELABORACION D PRUEBAS INDUSTRIALES,,,,,10:00 a 15:00 A 301,,MARTINEZ MEJIA EMMANUEL,,7mo Semestre,PSICOLOGIA ORGANIZACIONAL
1725,INTEGRACION DE PERSONAL II,12:00 a 15:00 B 07,,12:00 a 15:00 Edif C Salon 1,,,,PACHECO LAPIEDRA ROSA,,7mo Semestre,PSICOLOGIA ORGANIZACIONAL
Grupo 7605,Grupo 7605,Grupo 7605,Grupo 7605,Grupo 7605,Grupo 7605,Grupo 7605,Grupo 7605,Grupo 7605,Grupo 7605,7mo Semestre,PSICOLOGIA ORGANIZACIONAL
CLAVE,ASIGNATURA,LUNES,MARTES,MIERCOLES,JUEVES,VIERNES,SABADO,PROFESOR,OBSERVACIONES,7mo Semestre,PSICOLOGIA ORGANIZACIONAL
1725,INTEGRACION DE PERSONAL II,09:00 a 12:00 A 304,,,,11:00 a 14:00 A 101,,RODRIGUEZ RODRIGUEZ CLARA IVONNE,,7mo Semestre,PSICOLOGIA ORGANIZACIONAL
1726,RELACIONES LABORALES,,11:00 a 14:00 A 314,,,,,RIVERA GARCIA JORGE LUIS,,7mo Semestre,PSICOLOGIA ORGANIZACIONAL
Grupo 7606,Grupo 7606,Grupo 7606,Grupo 7606,Grupo 7606,Grupo 7606,Grupo 7606,Grupo 7606,Grupo 7606,Grupo 7606,7mo Semestre,PSICOLOGIA ORGANIZACIONAL
CLAVE,ASIGNATURA,LUNES,MARTES,MIERCOLES,JUEVES,VIERNES,SABADO,PROFESOR,OBSERVACIONES,7mo Semestre,PSICOLOGIA ORGANIZACIONAL
1724,ELABORACION D PRUEBAS INDUSTRIALES,12:00 a 15:00 A 101,,12:00 a 14:00 A 314,,,,GARCIA SAISO ALEJANDRA,,7mo Semestre,PSICOLOGIA ORGANIZACIONAL
Grupo 7607,Grupo 7607,Grupo 7607,Grupo 7607,Grupo 7607,Grupo 7607,Grupo 7607,Grupo 7607,Grupo 7607,Grupo 7607,7mo Semestre,PSICOLOGIA ORGANIZACIONAL
CLAVE,ASIGNATURA,LUNES,MARTES,MIERCOLES,JUEVES,VIERNES,SABADO,PROFESOR,OBSERVACIONES,7mo Semestre,PSICOLOGIA ORGANIZACIONAL
1723,CAPACITAC.Y DESARR.DE PERSONAL III,,14:00 a 17:00 A 102,,14:00 a 17:00 A 102,,,SOUZA COLIN ERIKA,,7mo Semestre,PSICOLOGIA ORGANIZACIONAL
1724,ELABORACION D PRUEBAS INDUSTRIALES,15:00 a 20:00 A 110,,,,,,IREPAN AGUILAR MARICELA,,7mo Semestre,PSICOLOGIA ORGANIZACIONAL
1726,RELACIONES LABORALES,,,16:00 a 19:00 A 304,,,,PUENTE LOMELIN ARTURO,,7mo Semestre,PSICOLOGIA ORGANIZACIONAL
Grupo 7608,Grupo 7608,Grupo 7608,Grupo 7608,Grupo 7608,Grupo 7608,Grupo 7608,Grupo 7608,Grupo 7608,Grupo 7608,7mo Semestre,PSICOLOGIA ORGANIZACIONAL
CLAVE,ASIGNATURA,LUNES,MARTES,MIERCOLES,JUEVES,VIERNES,SABADO,PROFESOR,OBSERVACIONES,7mo Semestre,PSICOLOGIA ORGANIZACIONAL
1724,ELABORACION D PRUEBAS INDUSTRIALES,,16:00 a 19:00 A 001,,16:00 a 18:00 A 002,,,PATLAN PEREZ JUANA,,7mo Semestre,PSICOLOGIA ORGANIZACIONAL
1726,RELACIONES LABORALES,15:00 a 18:00 A 302,,,,,,MARTINEZ MEJIA EMMANUEL,,7mo Semestre,PSICOLOGIA ORGANIZACIONAL
Grupo 7609,Grupo 7609,Grupo 7609,Grupo 7609,Grupo 7609,Grupo 7609,Grupo 7609,Grupo 7609,Grupo 7609,Grupo 7609,7mo Semestre,PSICOLOGIA ORGANIZACIONAL
CLAVE,ASIGNATURA,LUNES,MARTES,MIERCOLES,JUEVES,VIERNES,SABADO,PROFESOR,OBSERVACIONES,7mo Semestre,PSICOLOGIA ORGANIZACIONAL
1724,ELABORACION D PRUEBAS INDUSTRIALES,,15:00 a 17:00 A 204,,16:00 a 19:00 A 204,,,SALVADOR GINEZ OCTAVIO,,7mo Semestre,PSICOLOGIA ORGANIZACIONAL
Grupo 7610,Grupo 7610,Grupo 7610,Grupo 7610,Grupo 7610,Grupo 7610,Grupo 7610,Grupo 7610,Grupo 7610,Grupo 7610,7mo Semestre,PSICOLOGIA ORGANIZACIONAL
CLAVE,ASIGNATURA,LUNES,MARTES,MIERCOLES,JUEVES,VIERNES,SABADO,PROFESOR,OBSERVACIONES,7mo Semestre,PSICOLOGIA ORGANIZACIONAL
1726,RELACIONES LABORALES,,,,15:00 a 18:00 A 205,,,VILLAVICENCIO CARRANZA MIGUEL ALEJANDRO,,7mo Semestre,PSICOLOGIA ORGANIZACIONAL
Grupo 7611,Grupo 7611,Grupo 7611,Grupo 7611,Grupo 7611,Grupo 7611,Grupo 7611,Grupo 7611,Grupo 7611,Grupo 7611,7mo Semestre,PSICOLOGIA ORGANIZACIONAL
CLAVE,ASIGNATURA,LUNES,MARTES,MIERCOLES,JUEVES,VIERNES,SABADO,PROFESOR,OBSERVACIONES,7mo Semestre,PSICOLOGIA ORGANIZACIONAL
1725,INTEGRACION DE PERSONAL II,17:00 a 20:00 A 211,17:00 a 20:00 A 102,,,,,RIVERA GARCIA JORGE LUIS,,7mo Semestre,PSICOLOGIA ORGANIZACIONAL
Selecciona el semestre a consultar  ----------- 1er Semestre 	3er Semestre 	5to Semestre 	7mo Semestre  OPTATIVAS DE GENERO (Plan 2008)  OPTATIVAS,Selecciona el tipo de busqueda  ----------- Grupo 	Asignatura,Selecciona el campo del conocimiento  ----------- CIENCIAS COGNITIVAS Y DEL COMPORTAMIENTO 	PROCESOS PSICOSOCIALES Y CULTURALES 	PSICOBIOLOGIA Y NEUROCIENCIAS 	PSICOLOGIA CLINICA Y DE LA SALUD 	PSICOLOGIA DE LA EDUCACION 	PSICOLOGIA ORGANIZACIONAL 	CONTEXTUAL,,,,,,,,7mo Semestre,CONTEXTUAL
,,,,,,,,,,7mo Semestre,CONTEXTUAL
,,,,,,,,,,7mo Semestre,CONTEXTUAL
"Grupo 7701  CLAVE  ASIGNATURA  LUNES  MARTES  MIERCOLES  JUEVES  VIERNES  SABADO  PROFESOR  OBSERVACIONES  1700  COMPRENSION DE LA REALIDAD SOC. II  10:00 a 12:00 A 207  PROFESOR PENDIENTE LA CLASE SERá IMPARTIDA POR LA PROFESORA RAQUEL RIVERA  Grupo 7702  CLAVE  ASIGNATURA  LUNES  MARTES  MIERCOLES  JUEVES  VIERNES  SABADO  PROFESOR  OBSERVACIONES  1700  COMPRENSION DE LA REALIDAD SOC. II  13:00 a 15:00 A 104  PROFESOR PENDIENTE LA CLASE LA IMPARTIRá EL PROFESOR GUSTAVO VICTORIA  Grupo 7703  CLAVE  ASIGNATURA  LUNES  MARTES  MIERCOLES  JUEVES  VIERNES  SABADO  PROFESOR  OBSERVACIONES  1700  COMPRENSION DE LA REALIDAD SOC. II  16:00 a 18:00 A 301  TREJO MORALES MARTHA PATRICIA  Grupo 7704  CLAVE  ASIGNATURA  LUNES  MARTES  MIERCOLES  JUEVES  VIERNES  SABADO  PROFESOR  OBSERVACIONES  1700  COMPRENSION DE LA REALIDAD SOC. II  08:00 a 10:00 A 207  JURADO CARDENAS RAUL  Grupo 7705  CLAVE  ASIGNATURA  LUNES  MARTES  MIERCOLES  JUEVES  VIERNES  SABADO  PROFESOR  OBSERVACIONES  1700  COMPRENSION DE LA REALIDAD SOC. II  11:00 a 13:00 A 107  MAZON PARRA NANCY C  Grupo 7706  CLAVE  ASIGNATURA  LUNES  MARTES  MIERCOLES  JUEVES  VIERNES  SABADO  PROFESOR  OBSERVACIONES  1700  COMPRENSION DE LA REALIDAD SOC. II  13:00 a 15:00 A 207  VALENCIA CRUZ ALEJANDRA  Grupo 7707  CLAVE  ASIGNATURA  LUNES  MARTES  MIERCOLES  JUEVES  VIERNES  SABADO  PROFESOR  OBSERVACIONES  1700  COMPRENSION DE LA REALIDAD SOC. II  10:30 a 12:30 A 107  HERNANDEZ MANZO JEANETTE  Grupo 7708  CLAVE  ASIGNATURA  LUNES  MARTES  MIERCOLES  JUEVES  VIERNES  SABADO  PROFESOR  OBSERVACIONES  1700  COMPRENSION DE LA REALIDAD SOC. II  17:00 a 19:00 A 109  HERNANDEZ MANZO JEANETTE  Grupo 7709  CLAVE  ASIGNATURA  LUNES  MARTES  MIERCOLES  JUEVES  VIERNES  SABADO  PROFESOR  OBSERVACIONES  1700  COMPRENSION DE LA REALIDAD SOC. II  14:00 a 16:00 A 210  HERRERA ORTIZ MIGUEL  Grupo 7710  CLAVE  ASIGNATURA  LUNES  MARTES  MIERCOLES  JUEVES  VIERNES  SABADO  PROFESOR  OBSERVACIONES  1700  COMPRENSION DE LA REALIDAD SOC. II  11:00 a 13:00 A 108  MERAZ RIOS PATRICIA  Grupo 7711  CLAVE  ASIGNATURA  LUNES  MARTES  MIERCOLES  JUEVES  VIERNES  SABADO  PROFESOR  OBSERVACIONES  1700  COMPRENSION DE LA REALIDAD SOC. II  11:00 a 13:00 A 210  NAVARRO CORONA CLAUDIA IVETTE  Grupo 7712  CLAVE  ASIGNATURA  LUNES  MARTES  MIERCOLES  JUEVES  VIERNES  SABADO  PROFESOR  OBSERVACIONES  1700  COMPRENSION DE LA REALIDAD SOC. II  10:00 a 12:00 A 108  COLMENARES VAZQUEZ LIGIA  Grupo 7713  CLAVE  ASIGNATURA  LUNES  MARTES  MIERCOLES  JUEVES  VIERNES  SABADO  PROFESOR  OBSERVACIONES  1700  COMPRENSION DE LA REALIDAD SOC. II  12:00 a 14:00 A 207  PROFESOR PENDIENTE LA CLASE LA IMPARTIRáN PROFESORES DEL PUIC, MéXICO: NACIóN MULTICULTURAL.","Grupo 7701  CLAVE  ASIGNATURA  LUNES  MARTES  MIERCOLES  JUEVES  VIERNES  SABADO  PROFESOR  OBSERVACIONES  1700  COMPRENSION DE LA REALIDAD SOC. II  10:00 a 12:00 A 207  PROFESOR PENDIENTE LA CLASE SERá IMPARTIDA POR LA PROFESORA RAQUEL RIVERA  Grupo 7702  CLAVE  ASIGNATURA  LUNES  MARTES  MIERCOLES  JUEVES  VIERNES  SABADO  PROFESOR  OBSERVACIONES  1700  COMPRENSION DE LA REALIDAD SOC. II  13:00 a 15:00 A 104  PROFESOR PENDIENTE LA CLASE LA IMPARTIRá EL PROFESOR GUSTAVO VICTORIA  Grupo 7703  CLAVE  ASIGNATURA  LUNES  MARTES  MIERCOLES  JUEVES  VIERNES  SABADO  PROFESOR  OBSERVACIONES  1700  COMPRENSION DE LA REALIDAD SOC. II  16:00 a 18:00 A 301  TREJO MORALES MARTHA PATRICIA  Grupo 7704  CLAVE  ASIGNATURA  LUNES  MARTES  MIERCOLES  JUEVES  VIERNES  SABADO  PROFESOR  OBSERVACIONES  1700  COMPRENSION DE LA REALIDAD SOC. II  08:00 a 10:00 A 207  JURADO CARDENAS RAUL  Grupo 7705  CLAVE  ASIGNATURA  LUNES  MARTES  MIERCOLES  JUEVES  VIERNES  SABADO  PROFESOR  OBSERVACIONES  1700  COMPRENSION DE LA REALIDAD SOC. II  11:00 a 13:00 A 107  MAZON PARRA NANCY C  Grupo 7706  CLAVE  ASIGNATURA  LUNES  MARTES  MIERCOLES  JUEVES  VIERNES  SABADO  PROFESOR  OBSERVACIONES  1700  COMPRENSION DE LA REALIDAD SOC. II  13:00 a 15:00 A 207  VALENCIA CRUZ ALEJANDRA  Grupo 7707  CLAVE  ASIGNATURA  LUNES  MARTES  MIERCOLES  JUEVES  VIERNES  SABADO  PROFESOR  OBSERVACIONES  1700  COMPRENSION DE LA REALIDAD SOC. II  10:30 a 12:30 A 107  HERNANDEZ MANZO JEANETTE  Grupo 7708  CLAVE  ASIGNATURA  LUNES  MARTES  MIERCOLES  JUEVES  VIERNES  SABADO  PROFESOR  OBSERVACIONES  1700  COMPRENSION DE LA REALIDAD SOC. II  17:00 a 19:00 A 109  HERNANDEZ MANZO JEANETTE  Grupo 7709  CLAVE  ASIGNATURA  LUNES  MARTES  MIERCOLES  JUEVES  VIERNES  SABADO  PROFESOR  OBSERVACIONES  1700  COMPRENSION DE LA REALIDAD SOC. II  14:00 a 16:00 A 210  HERRERA ORTIZ MIGUEL  Grupo 7710  CLAVE  ASIGNATURA  LUNES  MARTES  MIERCOLES  JUEVES  VIERNES  SABADO  PROFESOR  OBSERVACIONES  1700  COMPRENSION DE LA REALIDAD SOC. II  11:00 a 13:00 A 108  MERAZ RIOS PATRICIA  Grupo 7711  CLAVE  ASIGNATURA  LUNES  MARTES  MIERCOLES  JUEVES  VIERNES  SABADO  PROFESOR  OBSERVACIONES  1700  COMPRENSION DE LA REALIDAD SOC. II  11:00 a 13:00 A 210  NAVARRO CORONA CLAUDIA IVETTE  Grupo 7712  CLAVE  ASIGNATURA  LUNES  MARTES  MIERCOLES  JUEVES  VIERNES  SABADO  PROFESOR  OBSERVACIONES  1700  COMPRENSION DE LA REALIDAD SOC. II  10:00 a 12:00 A 108  COLMENARES VAZQUEZ LIGIA  Grupo 7713  CLAVE  ASIGNATURA  LUNES  MARTES  MIERCOLES  JUEVES  VIERNES  SABADO  PROFESOR  OBSERVACIONES  1700  COMPRENSION DE LA REALIDAD SOC. II  12:00 a 14:00 A 207  PROFESOR PENDIENTE LA CLASE LA IMPARTIRáN PROFESORES DEL PUIC, MéXICO: NACIóN MULTICULTURAL.","Grupo 7701  CLAVE  ASIGNATURA  LUNES  MARTES  MIERCOLES  JUEVES  VIERNES  SABADO  PROFESOR  OBSERVACIONES  1700  COMPRENSION DE LA REALIDAD SOC. II  10:00 a 12:00 A 207  PROFESOR PENDIENTE LA CLASE SERá IMPARTIDA POR LA PROFESORA RAQUEL RIVERA  Grupo 7702  CLAVE  ASIGNATURA  LUNES  MARTES  MIERCOLES  JUEVES  VIERNES  SABADO  PROFESOR  OBSERVACIONES  1700  COMPRENSION DE LA REALIDAD SOC. II  13:00 a 15:00 A 104  PROFESOR PENDIENTE LA CLASE LA IMPARTIRá EL PROFESOR GUSTAVO VICTORIA  Grupo 7703  CLAVE  ASIGNATURA  LUNES  MARTES  MIERCOLES  JUEVES  VIERNES  SABADO  PROFESOR  OBSERVACIONES  1700  COMPRENSION DE LA REALIDAD SOC. II  16:00 a 18:00 A 301  TREJO MORALES MARTHA PATRICIA  Grupo 7704  CLAVE  ASIGNATURA  LUNES  MARTES  MIERCOLES  JUEVES  VIERNES  SABADO  PROFESOR  OBSERVACIONES  1700  COMPRENSION DE LA REALIDAD SOC. II  08:00 a 10:00 A 207  JURADO CARDENAS RAUL  Grupo 7705  CLAVE  ASIGNATURA  LUNES  MARTES  MIERCOLES  JUEVES  VIERNES  SABADO  PROFESOR  OBSERVACIONES  1700  COMPRENSION DE LA REALIDAD SOC. II  11:00 a 13:00 A 107  MAZON PARRA NANCY C  Grupo 7706  CLAVE  ASIGNATURA  LUNES  MARTES  MIERCOLES  JUEVES  VIERNES  SABADO  PROFESOR  OBSERVACIONES  1700  COMPRENSION DE LA REALIDAD SOC. II  13:00 a 15:00 A 207  VALENCIA CRUZ ALEJANDRA  Grupo 7707  CLAVE  ASIGNATURA  LUNES  MARTES  MIERCOLES  JUEVES  VIERNES  SABADO  PROFESOR  OBSERVACIONES  1700  COMPRENSION DE LA REALIDAD SOC. II  10:30 a 12:30 A 107  HERNANDEZ MANZO JEANETTE  Grupo 7708  CLAVE  ASIGNATURA  LUNES  MARTES  MIERCOLES  JUEVES  VIERNES  SABADO  PROFESOR  OBSERVACIONES  1700  COMPRENSION DE LA REALIDAD SOC. II  17:00 a 19:00 A 109  HERNANDEZ MANZO JEANETTE  Grupo 7709  CLAVE  ASIGNATURA  LUNES  MARTES  MIERCOLES  JUEVES  VIERNES  SABADO  PROFESOR  OBSERVACIONES  1700  COMPRENSION DE LA REALIDAD SOC. II  14:00 a 16:00 A 210  HERRERA ORTIZ MIGUEL  Grupo 7710  CLAVE  ASIGNATURA  LUNES  MARTES  MIERCOLES  JUEVES  VIERNES  SABADO  PROFESOR  OBSERVACIONES  1700  COMPRENSION DE LA REALIDAD SOC. II  11:00 a 13:00 A 108  MERAZ RIOS PATRICIA  Grupo 7711  CLAVE  ASIGNATURA  LUNES  MARTES  MIERCOLES  JUEVES  VIERNES  SABADO  PROFESOR  OBSERVACIONES  1700  COMPRENSION DE LA REALIDAD SOC. II  11:00 a 13:00 A 210  NAVARRO CORONA CLAUDIA IVETTE  Grupo 7712  CLAVE  ASIGNATURA  LUNES  MARTES  MIERCOLES  JUEVES  VIERNES  SABADO  PROFESOR  OBSERVACIONES  1700  COMPRENSION DE LA REALIDAD SOC. II  10:00 a 12:00 A 108  COLMENARES VAZQUEZ LIGIA  Grupo 7713  CLAVE  ASIGNATURA  LUNES  MARTES  MIERCOLES  JUEVES  VIERNES  SABADO  PROFESOR  OBSERVACIONES  1700  COMPRENSION DE LA REALIDAD SOC. II  12:00 a 14:00 A 207  PROFESOR PENDIENTE LA CLASE LA IMPARTIRáN PROFESORES DEL PUIC, MéXICO: NACIóN MULTICULTURAL.",,,,,,,,7mo Semestre,CONTEXTUAL
Grupo 7701,Grupo 7701,Grupo 7701,Grupo 7701,Grupo 7701,Grupo 7701,Grupo 7701,Grupo 7701,Grupo 7701,Grupo 7701,7mo Semestre,CONTEXTUAL
CLAVE,ASIGNATURA,LUNES,MARTES,MIERCOLES,JUEVES,VIERNES,SABADO,PROFESOR,OBSERVACIONES,7mo Semestre,CONTEXTUAL
1700,COMPRENSION DE LA REALIDAD SOC. II,10:00 a 12:00 A 207,,,,,,PROFESOR PENDIENTE,LA CLASE SERá IMPARTIDA POR LA PROFESORA RAQUEL RIVERA,7mo Semestre,CONTEXTUAL
Grupo 7702,Grupo 7702,Grupo 7702,Grupo 7702,Grupo 7702,Grupo 7702,Grupo 7702,Grupo 7702,Grupo 7702,Grupo 7702,7mo Semestre,CONTEXTUAL
CLAVE,ASIGNATURA,LUNES,MARTES,MIERCOLES,JUEVES,VIERNES,SABADO,PROFESOR,OBSERVACIONES,7mo Semestre,CONTEXTUAL
1700,COMPRENSION DE LA REALIDAD SOC. II,,,,,13:00 a 15:00 A 104,,PROFESOR PENDIENTE,LA CLASE LA IMPARTIRá EL PROFESOR GUSTAVO VICTORIA,7mo Semestre,CONTEXTUAL
Grupo 7703,Grupo 7703,Grupo 7703,Grupo 7703,Grupo 7703,Grupo 7703,Grupo 7703,Grupo 7703,Grupo 7703,Grupo 7703,7mo Semestre,CONTEXTUAL
CLAVE,ASIGNATURA,LUNES,MARTES,MIERCOLES,JUEVES,VIERNES,SABADO,PROFESOR,OBSERVACIONES,7mo Semestre,CONTEXTUAL
1700,COMPRENSION DE LA REALIDAD SOC. II,,16:00 a 18:00 A 301,,,,,TREJO MORALES MARTHA PATRICIA,,7mo Semestre,CONTEXTUAL
Grupo 7704,Grupo 7704,Grupo 7704,Grupo 7704,Grupo 7704,Grupo 7704,Grupo 7704,Grupo 7704,Grupo 7704,Grupo 7704,7mo Semestre,CONTEXTUAL
CLAVE,ASIGNATURA,LUNES,MARTES,MIERCOLES,JUEVES,VIERNES,SABADO,PROFESOR,OBSERVACIONES,7mo Semestre,CONTEXTUAL
1700,COMPRENSION DE LA REALIDAD SOC. II,08:00 a 10:00 A 207,,,,,,JURADO CARDENAS RAUL,,7mo Semestre,CONTEXTUAL
Grupo 7705,Grupo 7705,Grupo 7705,Grupo 7705,Grupo 7705,Grupo 7705,Grupo 7705,Grupo 7705,Grupo 7705,Grupo 7705,7mo Semestre,CONTEXTUAL
CLAVE,ASIGNATURA,LUNES,MARTES,MIERCOLES,JUEVES,VIERNES,SABADO,PROFESOR,OBSERVACIONES,7mo Semestre,CONTEXTUAL
1700,COMPRENSION DE LA REALIDAD SOC. II,11:00 a 13:00 A 107,,,,,,MAZON PARRA NANCY C,,7mo Semestre,CONTEXTUAL
Grupo 7706,Grupo 7706,Grupo 7706,Grupo 7706,Grupo 7706,Grupo 7706,Grupo 7706,Grupo 7706,Grupo 7706,Grupo 7706,7mo Semestre,CONTEXTUAL
CLAVE,ASIGNATURA,LUNES,MARTES,MIERCOLES,JUEVES,VIERNES,SABADO,PROFESOR,OBSERVACIONES,7mo Semestre,CONTEXTUAL
1700,COMPRENSION DE LA REALIDAD SOC. II,,,13:00 a 15:00 A 207,,,,VALENCIA CRUZ ALEJANDRA,,7mo Semestre,CONTEXTUAL
Grupo 7707,Grupo 7707,Grupo 7707,Grupo 7707,Grupo 7707,Grupo 7707,Grupo 7707,Grupo 7707,Grupo 7707,Grupo 7707,7mo Semestre,CONTEXTUAL
CLAVE,ASIGNATURA,LUNES,MARTES,MIERCOLES,JUEVES,VIERNES,SABADO,PROFESOR,OBSERVACIONES,7mo Semestre,CONTEXTUAL
1700,COMPRENSION DE LA REALIDAD SOC. II,,10:30 a 12:30 A 107,,,,,HERNANDEZ MANZO JEANETTE,,7mo Semestre,CONTEXTUAL
Grupo 7708,Grupo 7708,Grupo 7708,Grupo 7708,Grupo 7708,Grupo 7708,Grupo 7708,Grupo 7708,Grupo 7708,Grupo 7708,7mo Semestre,CONTEXTUAL
CLAVE,ASIGNATURA,LUNES,MARTES,MIERCOLES,JUEVES,VIERNES,SABADO,PROFESOR,OBSERVACIONES,7mo Semestre,CONTEXTUAL
1700,COMPRENSION DE LA REALIDAD SOC. II,,,,17:00 a 19:00 A 109,,,HERNANDEZ MANZO JEANETTE,,7mo Semestre,CONTEXTUAL
Grupo 7709,Grupo 7709,Grupo 7709,Grupo 7709,Grupo 7709,Grupo 7709,Grupo 7709,Grupo 7709,Grupo 7709,Grupo 7709,7mo Semestre,CONTEXTUAL
CLAVE,ASIGNATURA,LUNES,MARTES,MIERCOLES,JUEVES,VIERNES,SABADO,PROFESOR,OBSERVACIONES,7mo Semestre,CONTEXTUAL
1700,COMPRENSION DE LA REALIDAD SOC. II,14:00 a 16:00 A 210,,,,,,HERRERA ORTIZ MIGUEL,,7mo Semestre,CONTEXTUAL
Grupo 7710,Grupo 7710,Grupo 7710,Grupo 7710,Grupo 7710,Grupo 7710,Grupo 7710,Grupo 7710,Grupo 7710,Grupo 7710,7mo Semestre,CONTEXTUAL
CLAVE,ASIGNATURA,LUNES,MARTES,MIERCOLES,JUEVES,VIERNES,SABADO,PROFESOR,OBSERVACIONES,7mo Semestre,CONTEXTUAL
1700,COMPRENSION DE LA REALIDAD SOC. II,,,,,11:00 a 13:00 A 108,,MERAZ RIOS PATRICIA,,7mo Semestre,CONTEXTUAL
Grupo 7711,Grupo 7711,Grupo 7711,Grupo 7711,Grupo 7711,Grupo 7711,Grupo 7711,Grupo 7711,Grupo 7711,Grupo 7711,7mo Semestre,CONTEXTUAL
CLAVE,ASIGNATURA,LUNES,MARTES,MIERCOLES,JUEVES,VIERNES,SABADO,PROFESOR,OBSERVACIONES,7mo Semestre,CONTEXTUAL
1700,COMPRENSION DE LA REALIDAD SOC. II,,,,,11:00 a 13:00 A 210,,NAVARRO CORONA CLAUDIA IVETTE,,7mo Semestre,CONTEXTUAL
Grupo 7712,Grupo 7712,Grupo 7712,Grupo 7712,Grupo 7712,Grupo 7712,Grupo 7712,Grupo 7712,Grupo 7712,Grupo 7712,7mo Semestre,CONTEXTUAL
CLAVE,ASIGNATURA,LUNES,MARTES,MIERCOLES,JUEVES,VIERNES,SABADO,PROFESOR,OBSERVACIONES,7mo Semestre,CONTEXTUAL
1700,COMPRENSION DE LA REALIDAD SOC. II,,,,10:00 a 12:00 A 108,,,COLMENARES VAZQUEZ LIGIA,,7mo Semestre,CONTEXTUAL
Grupo 7713,Grupo 7713,Grupo 7713,Grupo 7713,Grupo 7713,Grupo 7713,Grupo 7713,Grupo 7713,Grupo 7713,Grupo 7713,7mo Semestre,CONTEXTUAL
CLAVE,ASIGNATURA,LUNES,MARTES,MIERCOLES,JUEVES,VIERNES,SABADO,PROFESOR,OBSERVACIONES,7mo Semestre,CONTEXTUAL
1700,COMPRENSION DE LA REALIDAD SOC. II,12:00 a 14:00 A 207,,,,,,PROFESOR PENDIENTE,"LA CLASE LA IMPARTIRáN PROFESORES DEL PUIC, MéXICO: NACIóN MULTICULTURAL.",7mo Semestre,CONTEXTUAL
