0,1,2,3,4,5,6,7,8,9,Area_Origen
Selecciona el semestre a consultar  ----------- 1er Semestre 	3er Semestre 	5to Semestre 	7mo Semestre  OPTATIVAS DE GENERO (Plan 2008)  OPTATIVAS,Selecciona el tipo de busqueda  ----------- Grupo 	Asignatura,Selecciona el campo del conocimiento  ----------- CIENCIAS COGNITIVAS Y DEL COMPORTAMIENTO 	PROCESOS PSICOSOCIALES Y CULTURALES 	PSICOBIOLOGIA Y NEUROCIENCIAS 	PSICOLOGIA CLINICA Y DE LA SALUD 	PSICOLOGIA DE LA EDUCACION 	PSICOLOGIA ORGANIZACIONAL 	CONTEXTUAL,,,,,,,,CIENCIAS COGNITIVAS Y DEL COMPORTAMIENTO
,,,,,,,,,,CIENCIAS COGNITIVAS Y DEL COMPORTAMIENTO
,,,,,,,,,,CIENCIAS COGNITIVAS Y DEL COMPORTAMIENTO
"Grupo 7101  CLAVE  ASIGNATURA  LUNES  MARTES  MIERCOLES  JUEVES  VIERNES  SABADO  PROFESOR  OBSERVACIONES  1715  APRENDIZAJE, MOTIVAC.Y COGNIC.III  15:00 a 17:30 A 310  15:00 a 17:30 A 310  REYES CONTRERAS RAUL  TEMáTICA: INTEGRACIóN PSICOFíSICA DE VARIABLES SOCIALMENTE RELEVANTES. PRE-REQUISITOS: HABER CURSADO AMC L, AMC LL, E INVESTIGACIóN Y ANáLISIS DE DATOS L Y LL. 1716  DESAR.ACTUALS.EN COGNIC.COMPORT.III  10:00 a 13:00 A 309  DURON FIGUEROA RAUL  TEMáTICA: INCORPORACIóN DE HERRAMIENTAS DIGITALES A LAS INTERVENCIONES COGNITIVAS Y CONDUCTUALES. PRE-REQUISITO: COMPRENSIóN DE TEXTOS CIENTíFICOS EN INGLéS Y BúSQUEDA BIBLIOGRáFICA EN BASES DE DATOS ESPECIALIZADAS. 1717  INVESTIGACION Y ANALISIS DATOS III  08:00 a 10:00 B 12  08:00 a 10:00 B 12  SANCHEZ CARRASCO LIVIA  TEMáTICA: DISEñO DE EXPERIMENTOS Y ANáLISIS DE DATOS CON RSTUDIO. PRE-REQUISITOS: CONOCIMIENTOS DE PROGRAMACIóN EN RSTUDIO.  1718  TALLER DE INVESTIGACION III  08:00 a 18:00 AULA PENDIENTE  CANSINO ORTIZ CARMEN SELENE  TEMáTICA: MéTODOS EN PSICOLOGíA COGNOSCITIVA. PRE-REQUISITOS: INTERéS POR LA INVESTIGACIóN, HORARIO A ACORDAR CON LA ACADéMICA.  Grupo 7102  CLAVE  ASIGNATURA  LUNES  MARTES  MIERCOLES  JUEVES  VIERNES  SABADO  PROFESOR  OBSERVACIONES  1716  DESAR.ACTUALS.EN COGNIC.COMPORT.III  14:30 a 17:30 Edif C Salon 1  MORAN MARTINEZ MARIA CONCEPCION  TEMáTICA: COGNICIóN MUSICAL. PRE-REQUISITO: COMPRENSIóN LECTORA EN INGLéS Y FORMACIóN MUSICAL  1717  INVESTIGACION Y ANALISIS DATOS III  12:00 a 14:00 B 12  11:00 a 13:00 B 12  REYES CORTES ANA MARIA  TEMáTICA: APLICACIóN DE TéCNICAS ESTADíSTICAS EN EL CONTEXTO DE LA INVESTIGACIóN EN PSICOLOGíA. PRE-REQUISITOS: NINGUNO  1718  TALLER DE INVESTIGACION III  07:00 a 17:00 AULA PENDIENTE  ESCOBAR HERNANDEZ ROGELIO  TEMáTICA: TRABAJO DE LABORATORIO EN ANáLISIS EXPERIMENTAL DE LA CONDUCTA. PRE-REQUISITOS: HABER CURSADO TALLER L O LL CON EL PROFESOR, INDISPENSABLE REALIZAR ENTREVISTA PREVIA A LA INSCRIPCIóN CON EL DR. ESCOBAR, RESCOBAR@UNAM.MX  Grupo 7103  CLAVE  ASIGNATURA  LUNES  MARTES  MIERCOLES  JUEVES  VIERNES  SABADO  PROFESOR  OBSERVACIONES  1715  APRENDIZAJE, MOTIVAC.Y COGNIC.III  17:00 a 20:00 A 309  12:00 a 14:00 A 309  PALAFOX PALAFOX GERMAN  TEMáTICA: DECISIONES Y ACCIóN. PREREQUISITOS: NINGUNO. 1716  DESAR.ACTUALS.EN COGNIC.COMPORT.III  15:00 a 18:00 AULA PENDIENTE  CANSINO ORTIZ CARMEN SELENE  TEMáTICA: DISEñOS EXPERIMENTALES EN COGNICIóN. PRE-REQUISITO: INTERES POR LA INVESTIGACIóN.  1718  TALLER DE INVESTIGACION III  09:00 a 11:00 AULA PENDIENTE  09:00 a 11:00 AULA PENDIENTE  09:00 a 11:00 AULA PENDIENTE  09:00 a 11:00 AULA PENDIENTE  09:00 a 11:00 AULA PENDIENTE  ORDUÑA TRUJILLO OSCAR VLADIMIR  TEMáTICA: ELECCIóN ANIMAL. PRE-REQUISITOS: INTERéS EN EL TEMA Y LECTURA FLUIDA EN INGLéS  Grupo 7104  CLAVE  ASIGNATURA  LUNES  MARTES  MIERCOLES  JUEVES  VIERNES  SABADO  PROFESOR  OBSERVACIONES  1716  DESAR.ACTUALS.EN COGNIC.COMPORT.III  14:00 a 17:00 A 310  REYES CONTRERAS RAUL  TEMáTICA: DECISIONES UNIPERSONALES, DIáDICAS Y GRUPALES. PRE-REQUISITO: HABER CURSADO INVESTIGACIóN Y ANáLISIS DE DATOS L Y LL.  1718  TALLER DE INVESTIGACION III  08:00 a 18:00 AULA PENDIENTE  PROFESOR PENDIENTE TEMáTICA: EVIDENCIA Y DATOS PARA LAS POLíTICAS PúBLICAS. PRE-REQUISITOS: NINGUNO, EL HORARIO SE ACORDARA CON LAS PERSONAS INTERESADAS, ESCRIBIR A ERAZO25@GMAIL.COM  Grupo 7105  CLAVE  ASIGNATURA  LUNES  MARTES  MIERCOLES  JUEVES  VIERNES  SABADO  PROFESOR  OBSERVACIONES  1716  DESAR.ACTUALS.EN COGNIC.COMPORT.III  19:00 a 22:00 AULA PENDIENTE  SANCHEZ SOSA JUAN JOSE  TEMáTICA: INVESTIGACIóN EN INTERVENCIóN CONDUCTUAL. PRE-REQUISITO: EL HORARIO REAL ES DE 17:00 A 20:00 HRS, TENER BUENA COMPRENSIóN DE LECTURA EN INGLéS, ESCRIBIR A MEDICINACONDUCTUAL.CU20@GMAIL.COM PARA RECIBIR INFORMACIóN.  1718  TALLER DE INVESTIGACION III  08:00 a 18:00 A 310  REYES CONTRERAS RAUL  TEMáTICA: INTEGRACIóN PSICOFíSICA DE VARIABLES SOCIALMENTE RELEVANTES. PRE-REQUISITOS: HABER CURSADO INVESTIGACIóN Y ANáLISIS DE DATOS L, LL Y LL.  Grupo 7106  CLAVE  ASIGNATURA  LUNES  MARTES  MIERCOLES  JUEVES  VIERNES  SABADO  PROFESOR  OBSERVACIONES  1716  DESAR.ACTUALS.EN COGNIC.COMPORT.III  11:00 a 14:00 A 102  ROJAS RAMIREZ SYLVIA MARGARITA  TEMáTICA: INVESTIGACIóN CONTEMPORáNEA SOBRE PROCESOS DE INTERACIóN SOCIAL, COGNICIóN Y DIáLOGO EN DIVERSOS CONTEXTOS SOCIOCULTURALES. PRE-REQUISITO: NINGUNO  1717  INVESTIGACION Y ANALISIS DATOS III  16:00 a 18:00 B 12  16:00 a 18:00 B 12  ROMERO SANCHEZ PATRICIA  TEMáTICA: MODELOS ESTADíSTICOS PARA VARIABLES CATEGóRICAS. REQUISITOS: HABER CURSADO INVESTIGACIóN Y ANáLISIS DE DATOS I Y II  1718  TALLER DE INVESTIGACION III  08:00 a 18:00 AULA PENDIENTE  MENEZ DIAZ JUDITH MARINA  TEMáTICA: HABILIDADES PARA LA INVESTIGACIóN BáSICA EN CCC. PRE-REQUISITOS: HABER CURSADO TALLER DE INVESTIGACIóN L Y LL, ENTREVISTA PREVIA A LA INSCRIPCIóN DE LA MATERIA CON LA ACADéMICA MENEZ@UNAM.MX","Grupo 7101  CLAVE  ASIGNATURA  LUNES  MARTES  MIERCOLES  JUEVES  VIERNES  SABADO  PROFESOR  OBSERVACIONES  1715  APRENDIZAJE, MOTIVAC.Y COGNIC.III  15:00 a 17:30 A 310  15:00 a 17:30 A 310  REYES CONTRERAS RAUL  TEMáTICA: INTEGRACIóN PSICOFíSICA DE VARIABLES SOCIALMENTE RELEVANTES. PRE-REQUISITOS: HABER CURSADO AMC L, AMC LL, E INVESTIGACIóN Y ANáLISIS DE DATOS L Y LL. 1716  DESAR.ACTUALS.EN COGNIC.COMPORT.III  10:00 a 13:00 A 309  DURON FIGUEROA RAUL  TEMáTICA: INCORPORACIóN DE HERRAMIENTAS DIGITALES A LAS INTERVENCIONES COGNITIVAS Y CONDUCTUALES. PRE-REQUISITO: COMPRENSIóN DE TEXTOS CIENTíFICOS EN INGLéS Y BúSQUEDA BIBLIOGRáFICA EN BASES DE DATOS ESPECIALIZADAS. 1717  INVESTIGACION Y ANALISIS DATOS III  08:00 a 10:00 B 12  08:00 a 10:00 B 12  SANCHEZ CARRASCO LIVIA  TEMáTICA: DISEñO DE EXPERIMENTOS Y ANáLISIS DE DATOS CON RSTUDIO. PRE-REQUISITOS: CONOCIMIENTOS DE PROGRAMACIóN EN RSTUDIO.  1718  TALLER DE INVESTIGACION III  08:00 a 18:00 AULA PENDIENTE  CANSINO ORTIZ CARMEN SELENE  TEMáTICA: MéTODOS EN PSICOLOGíA COGNOSCITIVA. PRE-REQUISITOS: INTERéS POR LA INVESTIGACIóN, HORARIO A ACORDAR CON LA ACADéMICA.  Grupo 7102  CLAVE  ASIGNATURA  LUNES  MARTES  MIERCOLES  JUEVES  VIERNES  SABADO  PROFESOR  OBSERVACIONES  1716  DESAR.ACTUALS.EN COGNIC.COMPORT.III  14:30 a 17:30 Edif C Salon 1  MORAN MARTINEZ MARIA CONCEPCION  TEMáTICA: COGNICIóN MUSICAL. PRE-REQUISITO: COMPRENSIóN LECTORA EN INGLéS Y FORMACIóN MUSICAL  1717  INVESTIGACION Y ANALISIS DATOS III  12:00 a 14:00 B 12  11:00 a 13:00 B 12  REYES CORTES ANA MARIA  TEMáTICA: APLICACIóN DE TéCNICAS ESTADíSTICAS EN EL CONTEXTO DE LA INVESTIGACIóN EN PSICOLOGíA. PRE-REQUISITOS: NINGUNO  1718  TALLER DE INVESTIGACION III  07:00 a 17:00 AULA PENDIENTE  ESCOBAR HERNANDEZ ROGELIO  TEMáTICA: TRABAJO DE LABORATORIO EN ANáLISIS EXPERIMENTAL DE LA CONDUCTA. PRE-REQUISITOS: HABER CURSADO TALLER L O LL CON EL PROFESOR, INDISPENSABLE REALIZAR ENTREVISTA PREVIA A LA INSCRIPCIóN CON EL DR. ESCOBAR, RESCOBAR@UNAM.MX  Grupo 7103  CLAVE  ASIGNATURA  LUNES  MARTES  MIERCOLES  JUEVES  VIERNES  SABADO  PROFESOR  OBSERVACIONES  1715  APRENDIZAJE, MOTIVAC.Y COGNIC.III  17:00 a 20:00 A 309  12:00 a 14:00 A 309  PALAFOX PALAFOX GERMAN  TEMáTICA: DECISIONES Y ACCIóN. PREREQUISITOS: NINGUNO. 1716  DESAR.ACTUALS.EN COGNIC.COMPORT.III  15:00 a 18:00 AULA PENDIENTE  CANSINO ORTIZ CARMEN SELENE  TEMáTICA: DISEñOS EXPERIMENTALES EN COGNICIóN. PRE-REQUISITO: INTERES POR LA INVESTIGACIóN.  1718  TALLER DE INVESTIGACION III  09:00 a 11:00 AULA PENDIENTE  09:00 a 11:00 AULA PENDIENTE  09:00 a 11:00 AULA PENDIENTE  09:00 a 11:00 AULA PENDIENTE  09:00 a 11:00 AULA PENDIENTE  ORDUÑA TRUJILLO OSCAR VLADIMIR  TEMáTICA: ELECCIóN ANIMAL. PRE-REQUISITOS: INTERéS EN EL TEMA Y LECTURA FLUIDA EN INGLéS  Grupo 7104  CLAVE  ASIGNATURA  LUNES  MARTES  MIERCOLES  JUEVES  VIERNES  SABADO  PROFESOR  OBSERVACIONES  1716  DESAR.ACTUALS.EN COGNIC.COMPORT.III  14:00 a 17:00 A 310  REYES CONTRERAS RAUL  TEMáTICA: DECISIONES UNIPERSONALES, DIáDICAS Y GRUPALES. PRE-REQUISITO: HABER CURSADO INVESTIGACIóN Y ANáLISIS DE DATOS L Y LL.  1718  TALLER DE INVESTIGACION III  08:00 a 18:00 AULA PENDIENTE  PROFESOR PENDIENTE TEMáTICA: EVIDENCIA Y DATOS PARA LAS POLíTICAS PúBLICAS. PRE-REQUISITOS: NINGUNO, EL HORARIO SE ACORDARA CON LAS PERSONAS INTERESADAS, ESCRIBIR A ERAZO25@GMAIL.COM  Grupo 7105  CLAVE  ASIGNATURA  LUNES  MARTES  MIERCOLES  JUEVES  VIERNES  SABADO  PROFESOR  OBSERVACIONES  1716  DESAR.ACTUALS.EN COGNIC.COMPORT.III  19:00 a 22:00 AULA PENDIENTE  SANCHEZ SOSA JUAN JOSE  TEMáTICA: INVESTIGACIóN EN INTERVENCIóN CONDUCTUAL. PRE-REQUISITO: EL HORARIO REAL ES DE 17:00 A 20:00 HRS, TENER BUENA COMPRENSIóN DE LECTURA EN INGLéS, ESCRIBIR A MEDICINACONDUCTUAL.CU20@GMAIL.COM PARA RECIBIR INFORMACIóN.  1718  TALLER DE INVESTIGACION III  08:00 a 18:00 A 310  REYES CONTRERAS RAUL  TEMáTICA: INTEGRACIóN PSICOFíSICA DE VARIABLES SOCIALMENTE RELEVANTES. PRE-REQUISITOS: HABER CURSADO INVESTIGACIóN Y ANáLISIS DE DATOS L, LL Y LL.  Grupo 7106  CLAVE  ASIGNATURA  LUNES  MARTES  MIERCOLES  JUEVES  VIERNES  SABADO  PROFESOR  OBSERVACIONES  1716  DESAR.ACTUALS.EN COGNIC.COMPORT.III  11:00 a 14:00 A 102  ROJAS RAMIREZ SYLVIA MARGARITA  TEMáTICA: INVESTIGACIóN CONTEMPORáNEA SOBRE PROCESOS DE INTERACIóN SOCIAL, COGNICIóN Y DIáLOGO EN DIVERSOS CONTEXTOS SOCIOCULTURALES. PRE-REQUISITO: NINGUNO  1717  INVESTIGACION Y ANALISIS DATOS III  16:00 a 18:00 B 12  16:00 a 18:00 B 12  ROMERO SANCHEZ PATRICIA  TEMáTICA: MODELOS ESTADíSTICOS PARA VARIABLES CATEGóRICAS. REQUISITOS: HABER CURSADO INVESTIGACIóN Y ANáLISIS DE DATOS I Y II  1718  TALLER DE INVESTIGACION III  08:00 a 18:00 AULA PENDIENTE  MENEZ DIAZ JUDITH MARINA  TEMáTICA: HABILIDADES PARA LA INVESTIGACIóN BáSICA EN CCC. PRE-REQUISITOS: HABER CURSADO TALLER DE INVESTIGACIóN L Y LL, ENTREVISTA PREVIA A LA INSCRIPCIóN DE LA MATERIA CON LA ACADéMICA MENEZ@UNAM.MX","Grupo 7101  CLAVE  ASIGNATURA  LUNES  MARTES  MIERCOLES  JUEVES  VIERNES  SABADO  PROFESOR  OBSERVACIONES  1715  APRENDIZAJE, MOTIVAC.Y COGNIC.III  15:00 a 17:30 A 310  15:00 a 17:30 A 310  REYES CONTRERAS RAUL  TEMáTICA: INTEGRACIóN PSICOFíSICA DE VARIABLES SOCIALMENTE RELEVANTES. PRE-REQUISITOS: HABER CURSADO AMC L, AMC LL, E INVESTIGACIóN Y ANáLISIS DE DATOS L Y LL. 1716  DESAR.ACTUALS.EN COGNIC.COMPORT.III  10:00 a 13:00 A 309  DURON FIGUEROA RAUL  TEMáTICA: INCORPORACIóN DE HERRAMIENTAS DIGITALES A LAS INTERVENCIONES COGNITIVAS Y CONDUCTUALES. PRE-REQUISITO: COMPRENSIóN DE TEXTOS CIENTíFICOS EN INGLéS Y BúSQUEDA BIBLIOGRáFICA EN BASES DE DATOS ESPECIALIZADAS. 1717  INVESTIGACION Y ANALISIS DATOS III  08:00 a 10:00 B 12  08:00 a 10:00 B 12  SANCHEZ CARRASCO LIVIA  TEMáTICA: DISEñO DE EXPERIMENTOS Y ANáLISIS DE DATOS CON RSTUDIO. PRE-REQUISITOS: CONOCIMIENTOS DE PROGRAMACIóN EN RSTUDIO.  1718  TALLER DE INVESTIGACION III  08:00 a 18:00 AULA PENDIENTE  CANSINO ORTIZ CARMEN SELENE  TEMáTICA: MéTODOS EN PSICOLOGíA COGNOSCITIVA. PRE-REQUISITOS: INTERéS POR LA INVESTIGACIóN, HORARIO A ACORDAR CON LA ACADéMICA.  Grupo 7102  CLAVE  ASIGNATURA  LUNES  MARTES  MIERCOLES  JUEVES  VIERNES  SABADO  PROFESOR  OBSERVACIONES  1716  DESAR.ACTUALS.EN COGNIC.COMPORT.III  14:30 a 17:30 Edif C Salon 1  MORAN MARTINEZ MARIA CONCEPCION  TEMáTICA: COGNICIóN MUSICAL. PRE-REQUISITO: COMPRENSIóN LECTORA EN INGLéS Y FORMACIóN MUSICAL  1717  INVESTIGACION Y ANALISIS DATOS III  12:00 a 14:00 B 12  11:00 a 13:00 B 12  REYES CORTES ANA MARIA  TEMáTICA: APLICACIóN DE TéCNICAS ESTADíSTICAS EN EL CONTEXTO DE LA INVESTIGACIóN EN PSICOLOGíA. PRE-REQUISITOS: NINGUNO  1718  TALLER DE INVESTIGACION III  07:00 a 17:00 AULA PENDIENTE  ESCOBAR HERNANDEZ ROGELIO  TEMáTICA: TRABAJO DE LABORATORIO EN ANáLISIS EXPERIMENTAL DE LA CONDUCTA. PRE-REQUISITOS: HABER CURSADO TALLER L O LL CON EL PROFESOR, INDISPENSABLE REALIZAR ENTREVISTA PREVIA A LA INSCRIPCIóN CON EL DR. ESCOBAR, RESCOBAR@UNAM.MX  Grupo 7103  CLAVE  ASIGNATURA  LUNES  MARTES  MIERCOLES  JUEVES  VIERNES  SABADO  PROFESOR  OBSERVACIONES  1715  APRENDIZAJE, MOTIVAC.Y COGNIC.III  17:00 a 20:00 A 309  12:00 a 14:00 A 309  PALAFOX PALAFOX GERMAN  TEMáTICA: DECISIONES Y ACCIóN. PREREQUISITOS: NINGUNO. 1716  DESAR.ACTUALS.EN COGNIC.COMPORT.III  15:00 a 18:00 AULA PENDIENTE  CANSINO ORTIZ CARMEN SELENE  TEMáTICA: DISEñOS EXPERIMENTALES EN COGNICIóN. PRE-REQUISITO: INTERES POR LA INVESTIGACIóN.  1718  TALLER DE INVESTIGACION III  09:00 a 11:00 AULA PENDIENTE  09:00 a 11:00 AULA PENDIENTE  09:00 a 11:00 AULA PENDIENTE  09:00 a 11:00 AULA PENDIENTE  09:00 a 11:00 AULA PENDIENTE  ORDUÑA TRUJILLO OSCAR VLADIMIR  TEMáTICA: ELECCIóN ANIMAL. PRE-REQUISITOS: INTERéS EN EL TEMA Y LECTURA FLUIDA EN INGLéS  Grupo 7104  CLAVE  ASIGNATURA  LUNES  MARTES  MIERCOLES  JUEVES  VIERNES  SABADO  PROFESOR  OBSERVACIONES  1716  DESAR.ACTUALS.EN COGNIC.COMPORT.III  14:00 a 17:00 A 310  REYES CONTRERAS RAUL  TEMáTICA: DECISIONES UNIPERSONALES, DIáDICAS Y GRUPALES. PRE-REQUISITO: HABER CURSADO INVESTIGACIóN Y ANáLISIS DE DATOS L Y LL.  1718  TALLER DE INVESTIGACION III  08:00 a 18:00 AULA PENDIENTE  PROFESOR PENDIENTE TEMáTICA: EVIDENCIA Y DATOS PARA LAS POLíTICAS PúBLICAS. PRE-REQUISITOS: NINGUNO, EL HORARIO SE ACORDARA CON LAS PERSONAS INTERESADAS, ESCRIBIR A ERAZO25@GMAIL.COM  Grupo 7105  CLAVE  ASIGNATURA  LUNES  MARTES  MIERCOLES  JUEVES  VIERNES  SABADO  PROFESOR  OBSERVACIONES  1716  DESAR.ACTUALS.EN COGNIC.COMPORT.III  19:00 a 22:00 AULA PENDIENTE  SANCHEZ SOSA JUAN JOSE  TEMáTICA: INVESTIGACIóN EN INTERVENCIóN CONDUCTUAL. PRE-REQUISITO: EL HORARIO REAL ES DE 17:00 A 20:00 HRS, TENER BUENA COMPRENSIóN DE LECTURA EN INGLéS, ESCRIBIR A MEDICINACONDUCTUAL.CU20@GMAIL.COM PARA RECIBIR INFORMACIóN.  1718  TALLER DE INVESTIGACION III  08:00 a 18:00 A 310  REYES CONTRERAS RAUL  TEMáTICA: INTEGRACIóN PSICOFíSICA DE VARIABLES SOCIALMENTE RELEVANTES. PRE-REQUISITOS: HABER CURSADO INVESTIGACIóN Y ANáLISIS DE DATOS L, LL Y LL.  Grupo 7106  CLAVE  ASIGNATURA  LUNES  MARTES  MIERCOLES  JUEVES  VIERNES  SABADO  PROFESOR  OBSERVACIONES  1716  DESAR.ACTUALS.EN COGNIC.COMPORT.III  11:00 a 14:00 A 102  ROJAS RAMIREZ SYLVIA MARGARITA  TEMáTICA: INVESTIGACIóN CONTEMPORáNEA SOBRE PROCESOS DE INTERACIóN SOCIAL, COGNICIóN Y DIáLOGO EN DIVERSOS CONTEXTOS SOCIOCULTURALES. PRE-REQUISITO: NINGUNO  1717  INVESTIGACION Y ANALISIS DATOS III  16:00 a 18:00 B 12  16:00 a 18:00 B 12  ROMERO SANCHEZ PATRICIA  TEMáTICA: MODELOS ESTADíSTICOS PARA VARIABLES CATEGóRICAS. REQUISITOS: HABER CURSADO INVESTIGACIóN Y ANáLISIS DE DATOS I Y II  1718  TALLER DE INVESTIGACION III  08:00 a 18:00 AULA PENDIENTE  MENEZ DIAZ JUDITH MARINA  TEMáTICA: HABILIDADES PARA LA INVESTIGACIóN BáSICA EN CCC. PRE-REQUISITOS: HABER CURSADO TALLER DE INVESTIGACIóN L Y LL, ENTREVISTA PREVIA A LA INSCRIPCIóN DE LA MATERIA CON LA ACADéMICA MENEZ@UNAM.MX",,,,,,,,CIENCIAS COGNITIVAS Y DEL COMPORTAMIENTO
Grupo 7101,Grupo 7101,Grupo 7101,Grupo 7101,Grupo 7101,Grupo 7101,Grupo 7101,Grupo 7101,Grupo 7101,Grupo 7101,CIENCIAS COGNITIVAS Y DEL COMPORTAMIENTO
CLAVE,ASIGNATURA,LUNES,MARTES,MIERCOLES,JUEVES,VIERNES,SABADO,PROFESOR,OBSERVACIONES,CIENCIAS COGNITIVAS Y DEL COMPORTAMIENTO
1715,"APRENDIZAJE, MOTIVAC.Y COGNIC.III",,,15:00 a 17:30 A 310,15:00 a 17:30 A 310,,,REYES CONTRERAS RAUL,"TEMáTICA: INTEGRACIóN PSICOFíSICA DE VARIABLES SOCIALMENTE RELEVANTES. PRE-REQUISITOS: HABER CURSADO AMC L, AMC LL, E INVESTIGACIóN Y ANáLISIS DE DATOS L Y LL.",CIENCIAS COGNITIVAS Y DEL COMPORTAMIENTO
1716,DESAR.ACTUALS.EN COGNIC.COMPORT.III,,,,10:00 a 13:00 A 309,,,DURON FIGUEROA RAUL,TEMáTICA: INCORPORACIóN DE HERRAMIENTAS DIGITALES A LAS INTERVENCIONES COGNITIVAS Y CONDUCTUALES. PRE-REQUISITO: COMPRENSIóN DE TEXTOS CIENTíFICOS EN INGLéS Y BúSQUEDA BIBLIOGRáFICA EN BASES DE DATOS ESPECIALIZADAS.,CIENCIAS COGNITIVAS Y DEL COMPORTAMIENTO
1717,INVESTIGACION Y ANALISIS DATOS III,,08:00 a 10:00 B 12,,08:00 a 10:00 B 12,,,SANCHEZ CARRASCO LIVIA,TEMáTICA: DISEñO DE EXPERIMENTOS Y ANáLISIS DE DATOS CON RSTUDIO. PRE-REQUISITOS: CONOCIMIENTOS DE PROGRAMACIóN EN RSTUDIO.,CIENCIAS COGNITIVAS Y DEL COMPORTAMIENTO
1718,TALLER DE INVESTIGACION III,,,,,,08:00 a 18:00 AULA PENDIENTE,CANSINO ORTIZ CARMEN SELENE,"TEMáTICA: MéTODOS EN PSICOLOGíA COGNOSCITIVA. PRE-REQUISITOS: INTERéS POR LA INVESTIGACIóN, HORARIO A ACORDAR CON LA ACADéMICA.",CIENCIAS COGNITIVAS Y DEL COMPORTAMIENTO
Grupo 7102,Grupo 7102,Grupo 7102,Grupo 7102,Grupo 7102,Grupo 7102,Grupo 7102,Grupo 7102,Grupo 7102,Grupo 7102,CIENCIAS COGNITIVAS Y DEL COMPORTAMIENTO
CLAVE,ASIGNATURA,LUNES,MARTES,MIERCOLES,JUEVES,VIERNES,SABADO,PROFESOR,OBSERVACIONES,CIENCIAS COGNITIVAS Y DEL COMPORTAMIENTO
1716,DESAR.ACTUALS.EN COGNIC.COMPORT.III,,,,14:30 a 17:30 Edif C Salon 1,,,MORAN MARTINEZ MARIA CONCEPCION,TEMáTICA: COGNICIóN MUSICAL. PRE-REQUISITO: COMPRENSIóN LECTORA EN INGLéS Y FORMACIóN MUSICAL,CIENCIAS COGNITIVAS Y DEL COMPORTAMIENTO
1717,INVESTIGACION Y ANALISIS DATOS III,,,,12:00 a 14:00 B 12,11:00 a 13:00 B 12,,REYES CORTES ANA MARIA,TEMáTICA: APLICACIóN DE TéCNICAS ESTADíSTICAS EN EL CONTEXTO DE LA INVESTIGACIóN EN PSICOLOGíA. PRE-REQUISITOS: NINGUNO,CIENCIAS COGNITIVAS Y DEL COMPORTAMIENTO
1718,TALLER DE INVESTIGACION III,,,,,,07:00 a 17:00 AULA PENDIENTE,ESCOBAR HERNANDEZ ROGELIO,"TEMáTICA: TRABAJO DE LABORATORIO EN ANáLISIS EXPERIMENTAL DE LA CONDUCTA. PRE-REQUISITOS: HABER CURSADO TALLER L O LL CON EL PROFESOR, INDISPENSABLE REALIZAR ENTREVISTA PREVIA A LA INSCRIPCIóN CON EL DR. ESCOBAR, RESCOBAR@UNAM.MX",CIENCIAS COGNITIVAS Y DEL COMPORTAMIENTO
Grupo 7103,Grupo 7103,Grupo 7103,Grupo 7103,Grupo 7103,Grupo 7103,Grupo 7103,Grupo 7103,Grupo 7103,Grupo 7103,CIENCIAS COGNITIVAS Y DEL COMPORTAMIENTO
CLAVE,ASIGNATURA,LUNES,MARTES,MIERCOLES,JUEVES,VIERNES,SABADO,PROFESOR,OBSERVACIONES,CIENCIAS COGNITIVAS Y DEL COMPORTAMIENTO
1715,"APRENDIZAJE, MOTIVAC.Y COGNIC.III",,,17:00 a 20:00 A 309,,12:00 a 14:00 A 309,,PALAFOX PALAFOX GERMAN,TEMáTICA: DECISIONES Y ACCIóN. PREREQUISITOS: NINGUNO.,CIENCIAS COGNITIVAS Y DEL COMPORTAMIENTO
1716,DESAR.ACTUALS.EN COGNIC.COMPORT.III,15:00 a 18:00 AULA PENDIENTE,,,,,,CANSINO ORTIZ CARMEN SELENE,TEMáTICA: DISEñOS EXPERIMENTALES EN COGNICIóN. PRE-REQUISITO: INTERES POR LA INVESTIGACIóN.,CIENCIAS COGNITIVAS Y DEL COMPORTAMIENTO
1718,TALLER DE INVESTIGACION III,09:00 a 11:00 AULA PENDIENTE,09:00 a 11:00 AULA PENDIENTE,09:00 a 11:00 AULA PENDIENTE,09:00 a 11:00 AULA PENDIENTE,09:00 a 11:00 AULA PENDIENTE,,ORDUÑA TRUJILLO OSCAR VLADIMIR,TEMáTICA: ELECCIóN ANIMAL. PRE-REQUISITOS: INTERéS EN EL TEMA Y LECTURA FLUIDA EN INGLéS,CIENCIAS COGNITIVAS Y DEL COMPORTAMIENTO
Grupo 7104,Grupo 7104,Grupo 7104,Grupo 7104,Grupo 7104,Grupo 7104,Grupo 7104,Grupo 7104,Grupo 7104,Grupo 7104,CIENCIAS COGNITIVAS Y DEL COMPORTAMIENTO
CLAVE,ASIGNATURA,LUNES,MARTES,MIERCOLES,JUEVES,VIERNES,SABADO,PROFESOR,OBSERVACIONES,CIENCIAS COGNITIVAS Y DEL COMPORTAMIENTO
1716,DESAR.ACTUALS.EN COGNIC.COMPORT.III,14:00 a 17:00 A 310,,,,,,REYES CONTRERAS RAUL,"TEMáTICA: DECISIONES UNIPERSONALES, DIáDICAS Y GRUPALES. PRE-REQUISITO: HABER CURSADO INVESTIGACIóN Y ANáLISIS DE DATOS L Y LL.",CIENCIAS COGNITIVAS Y DEL COMPORTAMIENTO
1718,TALLER DE INVESTIGACION III,,,,,,08:00 a 18:00 AULA PENDIENTE,PROFESOR PENDIENTE,"TEMáTICA: EVIDENCIA Y DATOS PARA LAS POLíTICAS PúBLICAS. PRE-REQUISITOS: NINGUNO, EL HORARIO SE ACORDARA CON LAS PERSONAS INTERESADAS, ESCRIBIR A ERAZO25@GMAIL.COM",CIENCIAS COGNITIVAS Y DEL COMPORTAMIENTO
Grupo 7105,Grupo 7105,Grupo 7105,Grupo 7105,Grupo 7105,Grupo 7105,Grupo 7105,Grupo 7105,Grupo 7105,Grupo 7105,CIENCIAS COGNITIVAS Y DEL COMPORTAMIENTO
CLAVE,ASIGNATURA,LUNES,MARTES,MIERCOLES,JUEVES,VIERNES,SABADO,PROFESOR,OBSERVACIONES,CIENCIAS COGNITIVAS Y DEL COMPORTAMIENTO
1716,DESAR.ACTUALS.EN COGNIC.COMPORT.III,,19:00 a 22:00 AULA PENDIENTE,,,,,SANCHEZ SOSA JUAN JOSE,"TEMáTICA: INVESTIGACIóN EN INTERVENCIóN CONDUCTUAL. PRE-REQUISITO: EL HORARIO REAL ES DE 17:00 A 20:00 HRS, TENER BUENA COMPRENSIóN DE LECTURA EN INGLéS, ESCRIBIR A MEDICINACONDUCTUAL.CU20@GMAIL.COM PARA RECIBIR INFORMACIóN.",CIENCIAS COGNITIVAS Y DEL COMPORTAMIENTO
1718,TALLER DE INVESTIGACION III,,,,,,08:00 a 18:00 A 310,REYES CONTRERAS RAUL,"TEMáTICA: INTEGRACIóN PSICOFíSICA DE VARIABLES SOCIALMENTE RELEVANTES. PRE-REQUISITOS: HABER CURSADO INVESTIGACIóN Y ANáLISIS DE DATOS L, LL Y LL.",CIENCIAS COGNITIVAS Y DEL COMPORTAMIENTO
Grupo 7106,Grupo 7106,Grupo 7106,Grupo 7106,Grupo 7106,Grupo 7106,Grupo 7106,Grupo 7106,Grupo 7106,Grupo 7106,CIENCIAS COGNITIVAS Y DEL COMPORTAMIENTO
CLAVE,ASIGNATURA,LUNES,MARTES,MIERCOLES,JUEVES,VIERNES,SABADO,PROFESOR,OBSERVACIONES,CIENCIAS COGNITIVAS Y DEL COMPORTAMIENTO
1716,DESAR.ACTUALS.EN COGNIC.COMPORT.III,11:00 a 14:00 A 102,,,,,,ROJAS RAMIREZ SYLVIA MARGARITA,"TEMáTICA: INVESTIGACIóN CONTEMPORáNEA SOBRE PROCESOS DE INTERACIóN SOCIAL, COGNICIóN Y DIáLOGO EN DIVERSOS CONTEXTOS SOCIOCULTURALES. PRE-REQUISITO: NINGUNO",CIENCIAS COGNITIVAS Y DEL COMPORTAMIENTO
1717,INVESTIGACION Y ANALISIS DATOS III,16:00 a 18:00 B 12,,16:00 a 18:00 B 12,,,,ROMERO SANCHEZ PATRICIA,TEMáTICA: MODELOS ESTADíSTICOS PARA VARIABLES CATEGóRICAS. REQUISITOS: HABER CURSADO INVESTIGACIóN Y ANáLISIS DE DATOS I Y II,CIENCIAS COGNITIVAS Y DEL COMPORTAMIENTO
1718,TALLER DE INVESTIGACION III,,,,,,08:00 a 18:00 AULA PENDIENTE,MENEZ DIAZ JUDITH MARINA,"TEMáTICA: HABILIDADES PARA LA INVESTIGACIóN BáSICA EN CCC. PRE-REQUISITOS: HABER CURSADO TALLER DE INVESTIGACIóN L Y LL, ENTREVISTA PREVIA A LA INSCRIPCIóN DE LA MATERIA CON LA ACADéMICA MENEZ@UNAM.MX",CIENCIAS COGNITIVAS Y DEL COMPORTAMIENTO
Selecciona el semestre a consultar  ----------- 1er Semestre 	3er Semestre 	5to Semestre 	7mo Semestre  OPTATIVAS DE GENERO (Plan 2008)  OPTATIVAS,Selecciona el tipo de busqueda  ----------- Grupo 	Asignatura,Selecciona el campo del conocimiento  ----------- CIENCIAS COGNITIVAS Y DEL COMPORTAMIENTO 	PROCESOS PSICOSOCIALES Y CULTURALES 	PSICOBIOLOGIA Y NEUROCIENCIAS 	PSICOLOGIA CLINICA Y DE LA SALUD 	PSICOLOGIA DE LA EDUCACION 	PSICOLOGIA ORGANIZACIONAL 	CONTEXTUAL,,,,,,,,PROCESOS PSICOSOCIALES Y CULTURALES
,,,,,,,,,,PROCESOS PSICOSOCIALES Y CULTURALES
,,,,,,,,,,PROCESOS PSICOSOCIALES Y CULTURALES
"Grupo 7201  CLAVE  ASIGNATURA  LUNES  MARTES  MIERCOLES  JUEVES  VIERNES  SABADO  PROFESOR  OBSERVACIONES  1710  ANALISIS DEL DISCURSO  15:00 a 18:00 A 109  RAMOS BELTRAN IGNACIO  1711  ANALISIS SEMIOTICO  15:00 a 18:00 A 109  RAMOS BELTRAN IGNACIO  1712  CULTURA, TECNOLOGIA Y DIVERSIDAD  10:00 a 13:00 A 106  SOLER ANGUIANO FRANCISCO LEONARDO  1713  ESTRATEGIAS DE INTERVENCION  15:30 a 18:30 A 110  ORTIZ HERNANDEZ CITLALI QUETZALLI  1714  INTERVENCION EN PROCESOS PSICOSOC.  09:30 a 14:00 A 310  10:00 a 13:30 A 310  10:00 a 13:00 A 002  ORTIZ HERNANDEZ CITLALI QUETZALLI ORTIZ HERNANDEZ GEORGINA MA. IGNACIA  LA TEORIA LA IMPARTIRA LOS JUEVES LA DRA. GEORGINA ORTIZ HERNANDEZ. SE TRABAJARá CON POBLACIóN DE PERSONAS DE LA TERCERA EDAD.  Grupo 7202  CLAVE  ASIGNATURA  LUNES  MARTES  MIERCOLES  JUEVES  VIERNES  SABADO  PROFESOR  OBSERVACIONES  1710  ANALISIS DEL DISCURSO  11:00 a 14:00 A 207  PROFESOR PENDIENTE LA ASIGNATURA SERA IMPARTIDA POR EL DR. AQUILES NEGRETE YANKELEVICH  1711  ANALISIS SEMIOTICO  09:00 a 12:00 A 210  MEDINA LIBERTY JOSE ADRIAN ALFREDO  1712  CULTURA, TECNOLOGIA Y DIVERSIDAD  16:00 a 19:00 AULA PENDIENTE  PROFESOR PENDIENTE LA ASIGNATURA SERA IMPARTIDA POR EL DR. JOHN M. ACKERMAN DEL PUEDJS  1713  ESTRATEGIAS DE INTERVENCION  13:00 a 16:00 A 106  HERAZO GONZALEZ KATHERINE ISABEL  1714  INTERVENCION EN PROCESOS PSICOSOC.  09:00 a 12:00 A 210  09:00 a 17:00 A 313  HERAZO GONZALEZ KATHERINE ISABEL  LA PRACTICA SE REALIZARA EN EL PUEBLO DE LA CANDELARIA CON COMUNIDADES AFROMEXICANAS  Grupo 7203  CLAVE  ASIGNATURA  LUNES  MARTES  MIERCOLES  JUEVES  VIERNES  SABADO  PROFESOR  OBSERVACIONES  1710  ANALISIS DEL DISCURSO  12:00 a 15:00 A 105  GARCIA MERAZ MELISSA  1711  ANALISIS SEMIOTICO  10:00 a 13:00 A 110  MEDINA LIBERTY JOSE ADRIAN ALFREDO  1712  CULTURA, TECNOLOGIA Y DIVERSIDAD  14:00 a 17:00 A 105  LOPEZ OLMEDO ROBERTO  1713  ESTRATEGIAS DE INTERVENCION  11:00 a 14:00 A 109  PROFESOR PENDIENTE LA ASIGNATURA SERA IMPARTIDA POR EL DR. ISAIAS LARA KLAHR  Grupo 7204  CLAVE  ASIGNATURA  LUNES  MARTES  MIERCOLES  JUEVES  VIERNES  SABADO  PROFESOR  OBSERVACIONES  1712  CULTURA, TECNOLOGIA Y DIVERSIDAD  15:00 a 18:00 A 209  HUIDOBRO MARQUEZ JUAN CARLOS  1713  ESTRATEGIAS DE INTERVENCION  10:00 a 13:00 A 109  DOMINGUEZ ZUÑIGA TANIA FABIOLA","Grupo 7201  CLAVE  ASIGNATURA  LUNES  MARTES  MIERCOLES  JUEVES  VIERNES  SABADO  PROFESOR  OBSERVACIONES  1710  ANALISIS DEL DISCURSO  15:00 a 18:00 A 109  RAMOS BELTRAN IGNACIO  1711  ANALISIS SEMIOTICO  15:00 a 18:00 A 109  RAMOS BELTRAN IGNACIO  1712  CULTURA, TECNOLOGIA Y DIVERSIDAD  10:00 a 13:00 A 106  SOLER ANGUIANO FRANCISCO LEONARDO  1713  ESTRATEGIAS DE INTERVENCION  15:30 a 18:30 A 110  ORTIZ HERNANDEZ CITLALI QUETZALLI  1714  INTERVENCION EN PROCESOS PSICOSOC.  09:30 a 14:00 A 310  10:00 a 13:30 A 310  10:00 a 13:00 A 002  ORTIZ HERNANDEZ CITLALI QUETZALLI ORTIZ HERNANDEZ GEORGINA MA. IGNACIA  LA TEORIA LA IMPARTIRA LOS JUEVES LA DRA. GEORGINA ORTIZ HERNANDEZ. SE TRABAJARá CON POBLACIóN DE PERSONAS DE LA TERCERA EDAD.  Grupo 7202  CLAVE  ASIGNATURA  LUNES  MARTES  MIERCOLES  JUEVES  VIERNES  SABADO  PROFESOR  OBSERVACIONES  1710  ANALISIS DEL DISCURSO  11:00 a 14:00 A 207  PROFESOR PENDIENTE LA ASIGNATURA SERA IMPARTIDA POR EL DR. AQUILES NEGRETE YANKELEVICH  1711  ANALISIS SEMIOTICO  09:00 a 12:00 A 210  MEDINA LIBERTY JOSE ADRIAN ALFREDO  1712  CULTURA, TECNOLOGIA Y DIVERSIDAD  16:00 a 19:00 AULA PENDIENTE  PROFESOR PENDIENTE LA ASIGNATURA SERA IMPARTIDA POR EL DR. JOHN M. ACKERMAN DEL PUEDJS  1713  ESTRATEGIAS DE INTERVENCION  13:00 a 16:00 A 106  HERAZO GONZALEZ KATHERINE ISABEL  1714  INTERVENCION EN PROCESOS PSICOSOC.  09:00 a 12:00 A 210  09:00 a 17:00 A 313  HERAZO GONZALEZ KATHERINE ISABEL  LA PRACTICA SE REALIZARA EN EL PUEBLO DE LA CANDELARIA CON COMUNIDADES AFROMEXICANAS  Grupo 7203  CLAVE  ASIGNATURA  LUNES  MARTES  MIERCOLES  JUEVES  VIERNES  SABADO  PROFESOR  OBSERVACIONES  1710  ANALISIS DEL DISCURSO  12:00 a 15:00 A 105  GARCIA MERAZ MELISSA  1711  ANALISIS SEMIOTICO  10:00 a 13:00 A 110  MEDINA LIBERTY JOSE ADRIAN ALFREDO  1712  CULTURA, TECNOLOGIA Y DIVERSIDAD  14:00 a 17:00 A 105  LOPEZ OLMEDO ROBERTO  1713  ESTRATEGIAS DE INTERVENCION  11:00 a 14:00 A 109  PROFESOR PENDIENTE LA ASIGNATURA SERA IMPARTIDA POR EL DR. ISAIAS LARA KLAHR  Grupo 7204  CLAVE  ASIGNATURA  LUNES  MARTES  MIERCOLES  JUEVES  VIERNES  SABADO  PROFESOR  OBSERVACIONES  1712  CULTURA, TECNOLOGIA Y DIVERSIDAD  15:00 a 18:00 A 209  HUIDOBRO MARQUEZ JUAN CARLOS  1713  ESTRATEGIAS DE INTERVENCION  10:00 a 13:00 A 109  DOMINGUEZ ZUÑIGA TANIA FABIOLA","Grupo 7201  CLAVE  ASIGNATURA  LUNES  MARTES  MIERCOLES  JUEVES  VIERNES  SABADO  PROFESOR  OBSERVACIONES  1710  ANALISIS DEL DISCURSO  15:00 a 18:00 A 109  RAMOS BELTRAN IGNACIO  1711  ANALISIS SEMIOTICO  15:00 a 18:00 A 109  RAMOS BELTRAN IGNACIO  1712  CULTURA, TECNOLOGIA Y DIVERSIDAD  10:00 a 13:00 A 106  SOLER ANGUIANO FRANCISCO LEONARDO  1713  ESTRATEGIAS DE INTERVENCION  15:30 a 18:30 A 110  ORTIZ HERNANDEZ CITLALI QUETZALLI  1714  INTERVENCION EN PROCESOS PSICOSOC.  09:30 a 14:00 A 310  10:00 a 13:30 A 310  10:00 a 13:00 A 002  ORTIZ HERNANDEZ CITLALI QUETZALLI ORTIZ HERNANDEZ GEORGINA MA. IGNACIA  LA TEORIA LA IMPARTIRA LOS JUEVES LA DRA. GEORGINA ORTIZ HERNANDEZ. SE TRABAJARá CON POBLACIóN DE PERSONAS DE LA TERCERA EDAD.  Grupo 7202  CLAVE  ASIGNATURA  LUNES  MARTES  MIERCOLES  JUEVES  VIERNES  SABADO  PROFESOR  OBSERVACIONES  1710  ANALISIS DEL DISCURSO  11:00 a 14:00 A 207  PROFESOR PENDIENTE LA ASIGNATURA SERA IMPARTIDA POR EL DR. AQUILES NEGRETE YANKELEVICH  1711  ANALISIS SEMIOTICO  09:00 a 12:00 A 210  MEDINA LIBERTY JOSE ADRIAN ALFREDO  1712  CULTURA, TECNOLOGIA Y DIVERSIDAD  16:00 a 19:00 AULA PENDIENTE  PROFESOR PENDIENTE LA ASIGNATURA SERA IMPARTIDA POR EL DR. JOHN M. ACKERMAN DEL PUEDJS  1713  ESTRATEGIAS DE INTERVENCION  13:00 a 16:00 A 106  HERAZO GONZALEZ KATHERINE ISABEL  1714  INTERVENCION EN PROCESOS PSICOSOC.  09:00 a 12:00 A 210  09:00 a 17:00 A 313  HERAZO GONZALEZ KATHERINE ISABEL  LA PRACTICA SE REALIZARA EN EL PUEBLO DE LA CANDELARIA CON COMUNIDADES AFROMEXICANAS  Grupo 7203  CLAVE  ASIGNATURA  LUNES  MARTES  MIERCOLES  JUEVES  VIERNES  SABADO  PROFESOR  OBSERVACIONES  1710  ANALISIS DEL DISCURSO  12:00 a 15:00 A 105  GARCIA MERAZ MELISSA  1711  ANALISIS SEMIOTICO  10:00 a 13:00 A 110  MEDINA LIBERTY JOSE ADRIAN ALFREDO  1712  CULTURA, TECNOLOGIA Y DIVERSIDAD  14:00 a 17:00 A 105  LOPEZ OLMEDO ROBERTO  1713  ESTRATEGIAS DE INTERVENCION  11:00 a 14:00 A 109  PROFESOR PENDIENTE LA ASIGNATURA SERA IMPARTIDA POR EL DR. ISAIAS LARA KLAHR  Grupo 7204  CLAVE  ASIGNATURA  LUNES  MARTES  MIERCOLES  JUEVES  VIERNES  SABADO  PROFESOR  OBSERVACIONES  1712  CULTURA, TECNOLOGIA Y DIVERSIDAD  15:00 a 18:00 A 209  HUIDOBRO MARQUEZ JUAN CARLOS  1713  ESTRATEGIAS DE INTERVENCION  10:00 a 13:00 A 109  DOMINGUEZ ZUÑIGA TANIA FABIOLA",,,,,,,,PROCESOS PSICOSOCIALES Y CULTURALES
Grupo 7201,Grupo 7201,Grupo 7201,Grupo 7201,Grupo 7201,Grupo 7201,Grupo 7201,Grupo 7201,Grupo 7201,Grupo 7201,PROCESOS PSICOSOCIALES Y CULTURALES
CLAVE,ASIGNATURA,LUNES,MARTES,MIERCOLES,JUEVES,VIERNES,SABADO,PROFESOR,OBSERVACIONES,PROCESOS PSICOSOCIALES Y CULTURALES
1710,ANALISIS DEL DISCURSO,,,15:00 a 18:00 A 109,,,,RAMOS BELTRAN IGNACIO,,PROCESOS PSICOSOCIALES Y CULTURALES
1711,ANALISIS SEMIOTICO,15:00 a 18:00 A 109,,,,,,RAMOS BELTRAN IGNACIO,,PROCESOS PSICOSOCIALES Y CULTURALES
1712,"CULTURA, TECNOLOGIA Y DIVERSIDAD",,,10:00 a 13:00 A 106,,,,SOLER ANGUIANO FRANCISCO LEONARDO,,PROCESOS PSICOSOCIALES Y CULTURALES
1713,ESTRATEGIAS DE INTERVENCION,,15:30 a 18:30 A 110,,,,,ORTIZ HERNANDEZ CITLALI QUETZALLI,,PROCESOS PSICOSOCIALES Y CULTURALES
1714,INTERVENCION EN PROCESOS PSICOSOC.,09:30 a 14:00 A 310,10:00 a 13:30 A 310,,10:00 a 13:00 A 002,,,ORTIZ HERNANDEZ CITLALI QUETZALLI ORTIZ HERNANDEZ GEORGINA MA. IGNACIA,LA TEORIA LA IMPARTIRA LOS JUEVES LA DRA. GEORGINA ORTIZ HERNANDEZ. SE TRABAJARá CON POBLACIóN DE PERSONAS DE LA TERCERA EDAD.,PROCESOS PSICOSOCIALES Y CULTURALES
Grupo 7202,Grupo 7202,Grupo 7202,Grupo 7202,Grupo 7202,Grupo 7202,Grupo 7202,Grupo 7202,Grupo 7202,Grupo 7202,PROCESOS PSICOSOCIALES Y CULTURALES
CLAVE,ASIGNATURA,LUNES,MARTES,MIERCOLES,JUEVES,VIERNES,SABADO,PROFESOR,OBSERVACIONES,PROCESOS PSICOSOCIALES Y CULTURALES
1710,ANALISIS DEL DISCURSO,,,,11:00 a 14:00 A 207,,,PROFESOR PENDIENTE,LA ASIGNATURA SERA IMPARTIDA POR EL DR. AQUILES NEGRETE YANKELEVICH,PROCESOS PSICOSOCIALES Y CULTURALES
1711,ANALISIS SEMIOTICO,,09:00 a 12:00 A 210,,,,,MEDINA LIBERTY JOSE ADRIAN ALFREDO,,PROCESOS PSICOSOCIALES Y CULTURALES
1712,"CULTURA, TECNOLOGIA Y DIVERSIDAD",,16:00 a 19:00 AULA PENDIENTE,,,,,PROFESOR PENDIENTE,LA ASIGNATURA SERA IMPARTIDA POR EL DR. JOHN M. ACKERMAN DEL PUEDJS,PROCESOS PSICOSOCIALES Y CULTURALES
1713,ESTRATEGIAS DE INTERVENCION,,,13:00 a 16:00 A 106,,,,HERAZO GONZALEZ KATHERINE ISABEL,,PROCESOS PSICOSOCIALES Y CULTURALES
1714,INTERVENCION EN PROCESOS PSICOSOC.,,,09:00 a 12:00 A 210,,09:00 a 17:00 A 313,,HERAZO GONZALEZ KATHERINE ISABEL,LA PRACTICA SE REALIZARA EN EL PUEBLO DE LA CANDELARIA CON COMUNIDADES AFROMEXICANAS,PROCESOS PSICOSOCIALES Y CULTURALES
Grupo 7203,Grupo 7203,Grupo 7203,Grupo 7203,Grupo 7203,Grupo 7203,Grupo 7203,Grupo 7203,Grupo 7203,Grupo 7203,PROCESOS PSICOSOCIALES Y CULTURALES
CLAVE,ASIGNATURA,LUNES,MARTES,MIERCOLES,JUEVES,VIERNES,SABADO,PROFESOR,OBSERVACIONES,PROCESOS PSICOSOCIALES Y CULTURALES
1710,ANALISIS DEL DISCURSO,,,,,12:00 a 15:00 A 105,,GARCIA MERAZ MELISSA,,PROCESOS PSICOSOCIALES Y CULTURALES
1711,ANALISIS SEMIOTICO,10:00 a 13:00 A 110,,,,,,MEDINA LIBERTY JOSE ADRIAN ALFREDO,,PROCESOS PSICOSOCIALES Y CULTURALES
1712,"CULTURA, TECNOLOGIA Y DIVERSIDAD",,,14:00 a 17:00 A 105,,,,LOPEZ OLMEDO ROBERTO,,PROCESOS PSICOSOCIALES Y CULTURALES
1713,ESTRATEGIAS DE INTERVENCION,,,11:00 a 14:00 A 109,,,,PROFESOR PENDIENTE,LA ASIGNATURA SERA IMPARTIDA POR EL DR. ISAIAS LARA KLAHR,PROCESOS PSICOSOCIALES Y CULTURALES
Grupo 7204,Grupo 7204,Grupo 7204,Grupo 7204,Grupo 7204,Grupo 7204,Grupo 7204,Grupo 7204,Grupo 7204,Grupo 7204,PROCESOS PSICOSOCIALES Y CULTURALES
CLAVE,ASIGNATURA,LUNES,MARTES,MIERCOLES,JUEVES,VIERNES,SABADO,PROFESOR,OBSERVACIONES,PROCESOS PSICOSOCIALES Y CULTURALES
1712,"CULTURA, TECNOLOGIA Y DIVERSIDAD",,,,15:00 a 18:00 A 209,,,HUIDOBRO MARQUEZ JUAN CARLOS,,PROCESOS PSICOSOCIALES Y CULTURALES
1713,ESTRATEGIAS DE INTERVENCION,10:00 a 13:00 A 109,,,,,,DOMINGUEZ ZUÑIGA TANIA FABIOLA,,PROCESOS PSICOSOCIALES Y CULTURALES
Selecciona el semestre a consultar  ----------- 1er Semestre 	3er Semestre 	5to Semestre 	7mo Semestre  OPTATIVAS DE GENERO (Plan 2008)  OPTATIVAS,Selecciona el tipo de busqueda  ----------- Grupo 	Asignatura,Selecciona el campo del conocimiento  ----------- CIENCIAS COGNITIVAS Y DEL COMPORTAMIENTO 	PROCESOS PSICOSOCIALES Y CULTURALES 	PSICOBIOLOGIA Y NEUROCIENCIAS 	PSICOLOGIA CLINICA Y DE LA SALUD 	PSICOLOGIA DE LA EDUCACION 	PSICOLOGIA ORGANIZACIONAL 	CONTEXTUAL,,,,,,,,PSICOBIOLOGIA Y NEUROCIENCIAS
,,,,,,,,,,PSICOBIOLOGIA Y NEUROCIENCIAS
,,,,,,,,,,PSICOBIOLOGIA Y NEUROCIENCIAS
"Grupo 7301  CLAVE  ASIGNATURA  LUNES  MARTES  MIERCOLES  JUEVES  VIERNES  SABADO  PROFESOR  OBSERVACIONES  1731  BIOESTADISTICA  10:00 a 12:00 Edif C Salon 1  10:00 a 12:00 Edif C Salon 1  RUIZ CONTRERAS ALEJANDRA EVELYN  1732  ESTUDIO DE SEÑALES ELECT.CEREBRALS.  08:00 a 10:00 B 03  08:00 a 10:00 B 03  DEL RIO PORTILLA IRMA YOLANDA  1733  NEUROBIOL. DL APRENDIZ.Y LA MEMORIA  12:00 a 15:00 A 304  RAMOS LANGUREN LAURA ELISA  1735  PSICOBIOLOGIA DEL DESARROLLO  15:00 a 18:00 A 112  TORRES KNOOP ISABEL  1736  TEMAS SELECTOS EN PSICOBIOLOG. III  18:30 a 21:30 AULA PENDIENTE  ZAINOS ROSALES ANTONIO PAULINO  TEMA: NEUROCIENCIA DE LA CONCIENCIA  Grupo 7302  CLAVE  ASIGNATURA  LUNES  MARTES  MIERCOLES  JUEVES  VIERNES  SABADO  PROFESOR  OBSERVACIONES  1735  PSICOBIOLOGIA DEL DESARROLLO  10:00 a 13:00 A 003  GARCIA GONZALEZ OCTAVIO CESAR  1736  TEMAS SELECTOS EN PSICOBIOLOG. III  12:00 a 15:00 A 002  OSTROSKY SHEJET FEGGY  TEMA: SEMINARIO DE NEUROPSICOLOGIA  Grupo 7303  CLAVE  ASIGNATURA  LUNES  MARTES  MIERCOLES  JUEVES  VIERNES  SABADO  PROFESOR  OBSERVACIONES  1731  BIOESTADISTICA  16:00 a 18:00 AULA PENDIENTE  16:00 a 18:00 AULA PENDIENTE  GONZALEZ SANTOYO ISAAC  1732  ESTUDIO DE SEÑALES ELECT.CEREBRALS.  17:00 a 21:00 Edif C Salon 3  SIMON ARCEO KARINA  1733  NEUROBIOL. DL APRENDIZ.Y LA MEMORIA  13:00 a 16:00 A 304  CASASOLA CASTRO CESAR  1734  NEUROCIENCIAS COGNOSCITIVAS  18:30 a 21:30 A 314  ZAINOS ROSALES ANTONIO PAULINO  1735  PSICOBIOLOGIA DEL DESARROLLO  17:00 a 18:30 A 002  18:00 a 19:30 A 112  PEREZ FERRARA DAVID ALEJANDRO  1736  TEMAS SELECTOS EN PSICOBIOLOG. III  10:00 a 13:00 AULA PENDIENTE  MUÑOZ TORRES ZEIDY VANESSA  TEMA: DINAMICA CEREBRAL DE PROCESOS GLOBALES  Grupo 7304  CLAVE  ASIGNATURA  LUNES  MARTES  MIERCOLES  JUEVES  VIERNES  SABADO  PROFESOR  OBSERVACIONES  1731  BIOESTADISTICA  12:00 a 14:00 Edif C Salon 1  12:00 a 14:00 Edif C Salon 1  SANCHEZ CASTILLO HUGO  1732  ESTUDIO DE SEÑALES ELECT.CEREBRALS.  14:00 a 18:00 B 07  SOLIS VIVANCO RODOLFO  1734  NEUROCIENCIAS COGNOSCITIVAS  16:00 a 17:30 A 202  16:00 a 17:30 A 202  PEREZ FERRARA DAVID ALEJANDRO  1735  PSICOBIOLOGIA DEL DESARROLLO  11:00 a 14:00 A 001  CRUZ PEREZ FELIPE  1736  TEMAS SELECTOS EN PSICOBIOLOG. III  15:00 a 18:00 A 308  CANSINO ORTIZ CARMEN SELENE  TEMA: METODOS DE INVESTIGACION EN NEUROCOGNICION  Grupo 7305  CLAVE  ASIGNATURA  LUNES  MARTES  MIERCOLES  JUEVES  VIERNES  SABADO  PROFESOR  OBSERVACIONES  1736  TEMAS SELECTOS EN PSICOBIOLOG. III  09:00 a 12:00 A 308  SANCHEZ CASTILLO HUGO  TEMA: TRASTORNOS NEURODEGENERATIVOS Y CONDUCTA  Grupo 7306  CLAVE  ASIGNATURA  LUNES  MARTES  MIERCOLES  JUEVES  VIERNES  SABADO  PROFESOR  OBSERVACIONES  1736  TEMAS SELECTOS EN PSICOBIOLOG. III  11:00 a 14:00 A 309  DURON FIGUEROA RAUL  TEMA: NEUROREHABILITACION, REALIDAD VIRTUAL EN EL AMBITO CLINICO  Grupo 7307  CLAVE  ASIGNATURA  LUNES  MARTES  MIERCOLES  JUEVES  VIERNES  SABADO  PROFESOR  OBSERVACIONES  1736  TEMAS SELECTOS EN PSICOBIOLOG. III  15:00 a 18:00 B 05  CRUZ PEREZ FELIPE  TEMA: INTERVENCION NEUROPSICOLOGICA EN TRASTORNOS DEL NEURODESARROLLO","Grupo 7301  CLAVE  ASIGNATURA  LUNES  MARTES  MIERCOLES  JUEVES  VIERNES  SABADO  PROFESOR  OBSERVACIONES  1731  BIOESTADISTICA  10:00 a 12:00 Edif C Salon 1  10:00 a 12:00 Edif C Salon 1  RUIZ CONTRERAS ALEJANDRA EVELYN  1732  ESTUDIO DE SEÑALES ELECT.CEREBRALS.  08:00 a 10:00 B 03  08:00 a 10:00 B 03  DEL RIO PORTILLA IRMA YOLANDA  1733  NEUROBIOL. DL APRENDIZ.Y LA MEMORIA  12:00 a 15:00 A 304  RAMOS LANGUREN LAURA ELISA  1735  PSICOBIOLOGIA DEL DESARROLLO  15:00 a 18:00 A 112  TORRES KNOOP ISABEL  1736  TEMAS SELECTOS EN PSICOBIOLOG. III  18:30 a 21:30 AULA PENDIENTE  ZAINOS ROSALES ANTONIO PAULINO  TEMA: NEUROCIENCIA DE LA CONCIENCIA  Grupo 7302  CLAVE  ASIGNATURA  LUNES  MARTES  MIERCOLES  JUEVES  VIERNES  SABADO  PROFESOR  OBSERVACIONES  1735  PSICOBIOLOGIA DEL DESARROLLO  10:00 a 13:00 A 003  GARCIA GONZALEZ OCTAVIO CESAR  1736  TEMAS SELECTOS EN PSICOBIOLOG. III  12:00 a 15:00 A 002  OSTROSKY SHEJET FEGGY  TEMA: SEMINARIO DE NEUROPSICOLOGIA  Grupo 7303  CLAVE  ASIGNATURA  LUNES  MARTES  MIERCOLES  JUEVES  VIERNES  SABADO  PROFESOR  OBSERVACIONES  1731  BIOESTADISTICA  16:00 a 18:00 AULA PENDIENTE  16:00 a 18:00 AULA PENDIENTE  GONZALEZ SANTOYO ISAAC  1732  ESTUDIO DE SEÑALES ELECT.CEREBRALS.  17:00 a 21:00 Edif C Salon 3  SIMON ARCEO KARINA  1733  NEUROBIOL. DL APRENDIZ.Y LA MEMORIA  13:00 a 16:00 A 304  CASASOLA CASTRO CESAR  1734  NEUROCIENCIAS COGNOSCITIVAS  18:30 a 21:30 A 314  ZAINOS ROSALES ANTONIO PAULINO  1735  PSICOBIOLOGIA DEL DESARROLLO  17:00 a 18:30 A 002  18:00 a 19:30 A 112  PEREZ FERRARA DAVID ALEJANDRO  1736  TEMAS SELECTOS EN PSICOBIOLOG. III  10:00 a 13:00 AULA PENDIENTE  MUÑOZ TORRES ZEIDY VANESSA  TEMA: DINAMICA CEREBRAL DE PROCESOS GLOBALES  Grupo 7304  CLAVE  ASIGNATURA  LUNES  MARTES  MIERCOLES  JUEVES  VIERNES  SABADO  PROFESOR  OBSERVACIONES  1731  BIOESTADISTICA  12:00 a 14:00 Edif C Salon 1  12:00 a 14:00 Edif C Salon 1  SANCHEZ CASTILLO HUGO  1732  ESTUDIO DE SEÑALES ELECT.CEREBRALS.  14:00 a 18:00 B 07  SOLIS VIVANCO RODOLFO  1734  NEUROCIENCIAS COGNOSCITIVAS  16:00 a 17:30 A 202  16:00 a 17:30 A 202  PEREZ FERRARA DAVID ALEJANDRO  1735  PSICOBIOLOGIA DEL DESARROLLO  11:00 a 14:00 A 001  CRUZ PEREZ FELIPE  1736  TEMAS SELECTOS EN PSICOBIOLOG. III  15:00 a 18:00 A 308  CANSINO ORTIZ CARMEN SELENE  TEMA: METODOS DE INVESTIGACION EN NEUROCOGNICION  Grupo 7305  CLAVE  ASIGNATURA  LUNES  MARTES  MIERCOLES  JUEVES  VIERNES  SABADO  PROFESOR  OBSERVACIONES  1736  TEMAS SELECTOS EN PSICOBIOLOG. III  09:00 a 12:00 A 308  SANCHEZ CASTILLO HUGO  TEMA: TRASTORNOS NEURODEGENERATIVOS Y CONDUCTA  Grupo 7306  CLAVE  ASIGNATURA  LUNES  MARTES  MIERCOLES  JUEVES  VIERNES  SABADO  PROFESOR  OBSERVACIONES  1736  TEMAS SELECTOS EN PSICOBIOLOG. III  11:00 a 14:00 A 309  DURON FIGUEROA RAUL  TEMA: NEUROREHABILITACION, REALIDAD VIRTUAL EN EL AMBITO CLINICO  Grupo 7307  CLAVE  ASIGNATURA  LUNES  MARTES  MIERCOLES  JUEVES  VIERNES  SABADO  PROFESOR  OBSERVACIONES  1736  TEMAS SELECTOS EN PSICOBIOLOG. III  15:00 a 18:00 B 05  CRUZ PEREZ FELIPE  TEMA: INTERVENCION NEUROPSICOLOGICA EN TRASTORNOS DEL NEURODESARROLLO","Grupo 7301  CLAVE  ASIGNATURA  LUNES  MARTES  MIERCOLES  JUEVES  VIERNES  SABADO  PROFESOR  OBSERVACIONES  1731  BIOESTADISTICA  10:00 a 12:00 Edif C Salon 1  10:00 a 12:00 Edif C Salon 1  RUIZ CONTRERAS ALEJANDRA EVELYN  1732  ESTUDIO DE SEÑALES ELECT.CEREBRALS.  08:00 a 10:00 B 03  08:00 a 10:00 B 03  DEL RIO PORTILLA IRMA YOLANDA  1733  NEUROBIOL. DL APRENDIZ.Y LA MEMORIA  12:00 a 15:00 A 304  RAMOS LANGUREN LAURA ELISA  1735  PSICOBIOLOGIA DEL DESARROLLO  15:00 a 18:00 A 112  TORRES KNOOP ISABEL  1736  TEMAS SELECTOS EN PSICOBIOLOG. III  18:30 a 21:30 AULA PENDIENTE  ZAINOS ROSALES ANTONIO PAULINO  TEMA: NEUROCIENCIA DE LA CONCIENCIA  Grupo 7302  CLAVE  ASIGNATURA  LUNES  MARTES  MIERCOLES  JUEVES  VIERNES  SABADO  PROFESOR  OBSERVACIONES  1735  PSICOBIOLOGIA DEL DESARROLLO  10:00 a 13:00 A 003  GARCIA GONZALEZ OCTAVIO CESAR  1736  TEMAS SELECTOS EN PSICOBIOLOG. III  12:00 a 15:00 A 002  OSTROSKY SHEJET FEGGY  TEMA: SEMINARIO DE NEUROPSICOLOGIA  Grupo 7303  CLAVE  ASIGNATURA  LUNES  MARTES  MIERCOLES  JUEVES  VIERNES  SABADO  PROFESOR  OBSERVACIONES  1731  BIOESTADISTICA  16:00 a 18:00 AULA PENDIENTE  16:00 a 18:00 AULA PENDIENTE  GONZALEZ SANTOYO ISAAC  1732  ESTUDIO DE SEÑALES ELECT.CEREBRALS.  17:00 a 21:00 Edif C Salon 3  SIMON ARCEO KARINA  1733  NEUROBIOL. DL APRENDIZ.Y LA MEMORIA  13:00 a 16:00 A 304  CASASOLA CASTRO CESAR  1734  NEUROCIENCIAS COGNOSCITIVAS  18:30 a 21:30 A 314  ZAINOS ROSALES ANTONIO PAULINO  1735  PSICOBIOLOGIA DEL DESARROLLO  17:00 a 18:30 A 002  18:00 a 19:30 A 112  PEREZ FERRARA DAVID ALEJANDRO  1736  TEMAS SELECTOS EN PSICOBIOLOG. III  10:00 a 13:00 AULA PENDIENTE  MUÑOZ TORRES ZEIDY VANESSA  TEMA: DINAMICA CEREBRAL DE PROCESOS GLOBALES  Grupo 7304  CLAVE  ASIGNATURA  LUNES  MARTES  MIERCOLES  JUEVES  VIERNES  SABADO  PROFESOR  OBSERVACIONES  1731  BIOESTADISTICA  12:00 a 14:00 Edif C Salon 1  12:00 a 14:00 Edif C Salon 1  SANCHEZ CASTILLO HUGO  1732  ESTUDIO DE SEÑALES ELECT.CEREBRALS.  14:00 a 18:00 B 07  SOLIS VIVANCO RODOLFO  1734  NEUROCIENCIAS COGNOSCITIVAS  16:00 a 17:30 A 202  16:00 a 17:30 A 202  PEREZ FERRARA DAVID ALEJANDRO  1735  PSICOBIOLOGIA DEL DESARROLLO  11:00 a 14:00 A 001  CRUZ PEREZ FELIPE  1736  TEMAS SELECTOS EN PSICOBIOLOG. III  15:00 a 18:00 A 308  CANSINO ORTIZ CARMEN SELENE  TEMA: METODOS DE INVESTIGACION EN NEUROCOGNICION  Grupo 7305  CLAVE  ASIGNATURA  LUNES  MARTES  MIERCOLES  JUEVES  VIERNES  SABADO  PROFESOR  OBSERVACIONES  1736  TEMAS SELECTOS EN PSICOBIOLOG. III  09:00 a 12:00 A 308  SANCHEZ CASTILLO HUGO  TEMA: TRASTORNOS NEURODEGENERATIVOS Y CONDUCTA  Grupo 7306  CLAVE  ASIGNATURA  LUNES  MARTES  MIERCOLES  JUEVES  VIERNES  SABADO  PROFESOR  OBSERVACIONES  1736  TEMAS SELECTOS EN PSICOBIOLOG. III  11:00 a 14:00 A 309  DURON FIGUEROA RAUL  TEMA: NEUROREHABILITACION, REALIDAD VIRTUAL EN EL AMBITO CLINICO  Grupo 7307  CLAVE  ASIGNATURA  LUNES  MARTES  MIERCOLES  JUEVES  VIERNES  SABADO  PROFESOR  OBSERVACIONES  1736  TEMAS SELECTOS EN PSICOBIOLOG. III  15:00 a 18:00 B 05  CRUZ PEREZ FELIPE  TEMA: INTERVENCION NEUROPSICOLOGICA EN TRASTORNOS DEL NEURODESARROLLO",,,,,,,,PSICOBIOLOGIA Y NEUROCIENCIAS
Grupo 7301,Grupo 7301,Grupo 7301,Grupo 7301,Grupo 7301,Grupo 7301,Grupo 7301,Grupo 7301,Grupo 7301,Grupo 7301,PSICOBIOLOGIA Y NEUROCIENCIAS
CLAVE,ASIGNATURA,LUNES,MARTES,MIERCOLES,JUEVES,VIERNES,SABADO,PROFESOR,OBSERVACIONES,PSICOBIOLOGIA Y NEUROCIENCIAS
1731,BIOESTADISTICA,,10:00 a 12:00 Edif C Salon 1,10:00 a 12:00 Edif C Salon 1,,,,RUIZ CONTRERAS ALEJANDRA EVELYN,,PSICOBIOLOGIA Y NEUROCIENCIAS
1732,ESTUDIO DE SEÑALES ELECT.CEREBRALS.,,08:00 a 10:00 B 03,08:00 a 10:00 B 03,,,,DEL RIO PORTILLA IRMA YOLANDA,,PSICOBIOLOGIA Y NEUROCIENCIAS
1733,NEUROBIOL. DL APRENDIZ.Y LA MEMORIA,,,,,12:00 a 15:00 A 304,,RAMOS LANGUREN LAURA ELISA,,PSICOBIOLOGIA Y NEUROCIENCIAS
1735,PSICOBIOLOGIA DEL DESARROLLO,15:00 a 18:00 A 112,,,,,,TORRES KNOOP ISABEL,,PSICOBIOLOGIA Y NEUROCIENCIAS
1736,TEMAS SELECTOS EN PSICOBIOLOG. III,,18:30 a 21:30 AULA PENDIENTE,,,,,ZAINOS ROSALES ANTONIO PAULINO,TEMA: NEUROCIENCIA DE LA CONCIENCIA,PSICOBIOLOGIA Y NEUROCIENCIAS
Grupo 7302,Grupo 7302,Grupo 7302,Grupo 7302,Grupo 7302,Grupo 7302,Grupo 7302,Grupo 7302,Grupo 7302,Grupo 7302,PSICOBIOLOGIA Y NEUROCIENCIAS
CLAVE,ASIGNATURA,LUNES,MARTES,MIERCOLES,JUEVES,VIERNES,SABADO,PROFESOR,OBSERVACIONES,PSICOBIOLOGIA Y NEUROCIENCIAS
1735,PSICOBIOLOGIA DEL DESARROLLO,,10:00 a 13:00 A 003,,,,,GARCIA GONZALEZ OCTAVIO CESAR,,PSICOBIOLOGIA Y NEUROCIENCIAS
1736,TEMAS SELECTOS EN PSICOBIOLOG. III,,,,,12:00 a 15:00 A 002,,OSTROSKY SHEJET FEGGY,TEMA: SEMINARIO DE NEUROPSICOLOGIA,PSICOBIOLOGIA Y NEUROCIENCIAS
Grupo 7303,Grupo 7303,Grupo 7303,Grupo 7303,Grupo 7303,Grupo 7303,Grupo 7303,Grupo 7303,Grupo 7303,Grupo 7303,PSICOBIOLOGIA Y NEUROCIENCIAS
CLAVE,ASIGNATURA,LUNES,MARTES,MIERCOLES,JUEVES,VIERNES,SABADO,PROFESOR,OBSERVACIONES,PSICOBIOLOGIA Y NEUROCIENCIAS
1731,BIOESTADISTICA,16:00 a 18:00 AULA PENDIENTE,,16:00 a 18:00 AULA PENDIENTE,,,,GONZALEZ SANTOYO ISAAC,,PSICOBIOLOGIA Y NEUROCIENCIAS
1732,ESTUDIO DE SEÑALES ELECT.CEREBRALS.,,,,17:00 a 21:00 Edif C Salon 3,,,SIMON ARCEO KARINA,,PSICOBIOLOGIA Y NEUROCIENCIAS
1733,NEUROBIOL. DL APRENDIZ.Y LA MEMORIA,,13:00 a 16:00 A 304,,,,,CASASOLA CASTRO CESAR,,PSICOBIOLOGIA Y NEUROCIENCIAS
1734,NEUROCIENCIAS COGNOSCITIVAS,18:30 a 21:30 A 314,,,,,,ZAINOS ROSALES ANTONIO PAULINO,,PSICOBIOLOGIA Y NEUROCIENCIAS
1735,PSICOBIOLOGIA DEL DESARROLLO,,17:00 a 18:30 A 002,18:00 a 19:30 A 112,,,,PEREZ FERRARA DAVID ALEJANDRO,,PSICOBIOLOGIA Y NEUROCIENCIAS
1736,TEMAS SELECTOS EN PSICOBIOLOG. III,,10:00 a 13:00 AULA PENDIENTE,,,,,MUÑOZ TORRES ZEIDY VANESSA,TEMA: DINAMICA CEREBRAL DE PROCESOS GLOBALES,PSICOBIOLOGIA Y NEUROCIENCIAS
Grupo 7304,Grupo 7304,Grupo 7304,Grupo 7304,Grupo 7304,Grupo 7304,Grupo 7304,Grupo 7304,Grupo 7304,Grupo 7304,PSICOBIOLOGIA Y NEUROCIENCIAS
CLAVE,ASIGNATURA,LUNES,MARTES,MIERCOLES,JUEVES,VIERNES,SABADO,PROFESOR,OBSERVACIONES,PSICOBIOLOGIA Y NEUROCIENCIAS
1731,BIOESTADISTICA,12:00 a 14:00 Edif C Salon 1,12:00 a 14:00 Edif C Salon 1,,,,,SANCHEZ CASTILLO HUGO,,PSICOBIOLOGIA Y NEUROCIENCIAS
1732,ESTUDIO DE SEÑALES ELECT.CEREBRALS.,,14:00 a 18:00 B 07,,,,,SOLIS VIVANCO RODOLFO,,PSICOBIOLOGIA Y NEUROCIENCIAS
1734,NEUROCIENCIAS COGNOSCITIVAS,,,,16:00 a 17:30 A 202,16:00 a 17:30 A 202,,PEREZ FERRARA DAVID ALEJANDRO,,PSICOBIOLOGIA Y NEUROCIENCIAS
1735,PSICOBIOLOGIA DEL DESARROLLO,,,,11:00 a 14:00 A 001,,,CRUZ PEREZ FELIPE,,PSICOBIOLOGIA Y NEUROCIENCIAS
1736,TEMAS SELECTOS EN PSICOBIOLOG. III,,,15:00 a 18:00 A 308,,,,CANSINO ORTIZ CARMEN SELENE,TEMA: METODOS DE INVESTIGACION EN NEUROCOGNICION,PSICOBIOLOGIA Y NEUROCIENCIAS
Grupo 7305,Grupo 7305,Grupo 7305,Grupo 7305,Grupo 7305,Grupo 7305,Grupo 7305,Grupo 7305,Grupo 7305,Grupo 7305,PSICOBIOLOGIA Y NEUROCIENCIAS
CLAVE,ASIGNATURA,LUNES,MARTES,MIERCOLES,JUEVES,VIERNES,SABADO,PROFESOR,OBSERVACIONES,PSICOBIOLOGIA Y NEUROCIENCIAS
1736,TEMAS SELECTOS EN PSICOBIOLOG. III,09:00 a 12:00 A 308,,,,,,SANCHEZ CASTILLO HUGO,TEMA: TRASTORNOS NEURODEGENERATIVOS Y CONDUCTA,PSICOBIOLOGIA Y NEUROCIENCIAS
Grupo 7306,Grupo 7306,Grupo 7306,Grupo 7306,Grupo 7306,Grupo 7306,Grupo 7306,Grupo 7306,Grupo 7306,Grupo 7306,PSICOBIOLOGIA Y NEUROCIENCIAS
CLAVE,ASIGNATURA,LUNES,MARTES,MIERCOLES,JUEVES,VIERNES,SABADO,PROFESOR,OBSERVACIONES,PSICOBIOLOGIA Y NEUROCIENCIAS
1736,TEMAS SELECTOS EN PSICOBIOLOG. III,11:00 a 14:00 A 309,,,,,,DURON FIGUEROA RAUL,"TEMA: NEUROREHABILITACION, REALIDAD VIRTUAL EN EL AMBITO CLINICO",PSICOBIOLOGIA Y NEUROCIENCIAS
Grupo 7307,Grupo 7307,Grupo 7307,Grupo 7307,Grupo 7307,Grupo 7307,Grupo 7307,Grupo 7307,Grupo 7307,Grupo 7307,PSICOBIOLOGIA Y NEUROCIENCIAS
CLAVE,ASIGNATURA,LUNES,MARTES,MIERCOLES,JUEVES,VIERNES,SABADO,PROFESOR,OBSERVACIONES,PSICOBIOLOGIA Y NEUROCIENCIAS
1736,TEMAS SELECTOS EN PSICOBIOLOG. III,,,,15:00 a 18:00 B 05,,,CRUZ PEREZ FELIPE,TEMA: INTERVENCION NEUROPSICOLOGICA EN TRASTORNOS DEL NEURODESARROLLO,PSICOBIOLOGIA Y NEUROCIENCIAS
Selecciona el semestre a consultar  ----------- 1er Semestre 	3er Semestre 	5to Semestre 	7mo Semestre  OPTATIVAS DE GENERO (Plan 2008)  OPTATIVAS,Selecciona el tipo de busqueda  ----------- Grupo 	Asignatura,Selecciona el campo del conocimiento  ----------- CIENCIAS COGNITIVAS Y DEL COMPORTAMIENTO 	PROCESOS PSICOSOCIALES Y CULTURALES 	PSICOBIOLOGIA Y NEUROCIENCIAS 	PSICOLOGIA CLINICA Y DE LA SALUD 	PSICOLOGIA DE LA EDUCACION 	PSICOLOGIA ORGANIZACIONAL 	CONTEXTUAL,,,,,,,,PSICOLOGIA CLINICA Y DE LA SALUD
,,,,,,,,,,PSICOLOGIA CLINICA Y DE LA SALUD
,,,,,,,,,,PSICOLOGIA CLINICA Y DE LA SALUD
"Grupo 7401  CLAVE  ASIGNATURA  LUNES  MARTES  MIERCOLES  JUEVES  VIERNES  SABADO  PROFESOR  OBSERVACIONES  1719  INTEGRACION DE INFORMES PSICOLOG.  15:00 a 18:00 A 309  10:00 a 13:00 A 001  ACOSTA GALVAN SAMUEL  LA PRáCTICA SE REALIZARá LOS DíAS SáBADO EN LA SEDE DE LA OFICINA DE DEFENSORíA DE LOS DERECHOS DE LA INFANCIA. LA FECHA ESTIMADA DE INICIO SERá A MEDIADOS DE SEPTIEMBRE.  1720  PSICOPATOLOGIA Y PERSONALIDAD  09:00 a 15:00 AULA PENDIENTE  AYALA MURGUIA DAVID FRANCISCO  DE 9:00 A 11:00 LA CLASE SERá EN A102 Y DE 11:00 A 15:00 EN A109  1721  TEORIAS PSICOLOGICAS DE LA SALUD  12:00 a 15:00 B 07  PROFESOR PENDIENTE LA CLASE SERá IMPARTIDA POR LA MTRA. MARIANA OVIEDO GOMEZ  1722  TEORIAS Y SISTEMAS TERAPEUTICOS  08:00 a 11:00 A 109  RAMIREZ CAMACHO MARÍA DEL CARMEN  Grupo 7402  CLAVE  ASIGNATURA  LUNES  MARTES  MIERCOLES  JUEVES  VIERNES  SABADO  PROFESOR  OBSERVACIONES  1719  INTEGRACION DE INFORMES PSICOLOG.  09:00 a 12:00 A 101  09:00 a 12:00 B 07  SOMARRIBA ROCHA LAURA ANGELA  1720  PSICOPATOLOGIA Y PERSONALIDAD  07:00 a 13:00 A 310  MORA GUTIERREZ GERARDO  1721  TEORIAS PSICOLOGICAS DE LA SALUD  09:00 a 12:00 AULA PENDIENTE  MARTINEZ BASURTO AIME EDITH  LA CLASE SE LLEVARá A CABO EN EL INSTITUTO NACIONAL DE ENFERMEDADES RESPIRATORIAS (INER) A MEDIADOS DE SEPTIEMBRE. LAS PRIMERAS SESIONES SE REALIZARáN EN LíNEA. SE REQUIERE CONTAR CON ESQUEMA DE VACUNACIóN COMPLETO.  1722  TEORIAS Y SISTEMAS TERAPEUTICOS  08:00 a 11:00 A 205  RODRIGUEZ SERRANO AIDEE ELENA  Grupo 7403  CLAVE  ASIGNATURA  LUNES  MARTES  MIERCOLES  JUEVES  VIERNES  SABADO  PROFESOR  OBSERVACIONES  1719  INTEGRACION DE INFORMES PSICOLOG.  16:00 a 19:00 Edif C Salon 3  16:00 a 19:00 Edif C Salon 3  MARQUEZ VERDUZCO DAVID  1720  PSICOPATOLOGIA Y PERSONALIDAD  08:00 a 14:00 Edif C Salon 3  LANDA RAMÍREZ EDGAR  LA CLASE SE LLEVARá A CABO EN EL HOSPITAL GENERAL DR. MANUEL GEA GONZáLEZ A PARTIR DE MEDIADOS DE SEPTIEMBRE; LAS PRIMERAS SESIONES SE REALIZARáN EN LíNEA. OBLIGATORIO CONTAR CON LAS VACUNAS DE INFLUENZA Y COVID-19.  1721  TEORIAS PSICOLOGICAS DE LA SALUD  13:00 a 16:00 Edif C Salon 2  MONDRAGON GOMEZ RAQUEL  1722  TEORIAS Y SISTEMAS TERAPEUTICOS  08:00 a 11:00 A 101  PROFESOR PENDIENTE LA CLASE SERá IMPARTIDA POR LA MTRA. ANGELINA ROMERO HERRERA  Grupo 7404  CLAVE  ASIGNATURA  LUNES  MARTES  MIERCOLES  JUEVES  VIERNES  SABADO  PROFESOR  OBSERVACIONES  1719  INTEGRACION DE INFORMES PSICOLOG.  08:00 a 11:00 Edif C Salon 4  08:00 a 11:00 A 308  SOTO CRISTOBAL GABRIEL  LA PRáCTICA EN ESCENARIO SE LLEVARá A CABO LOS DíAS JUEVES EN EL COLEGIO AGUSTíN GARCíA CONDE, A PARTIR DE MEDIADOS DE OCTUBRE.  1720  PSICOPATOLOGIA Y PERSONALIDAD  11:00 a 14:00 A 302  11:00 a 14:00 A 302  PROFESOR PENDIENTE LA CLASE SERá IMPARTIDA POR EL MTRO. JUAN MANUEL SANTIAGO MALDONADO  1721  TEORIAS PSICOLOGICAS DE LA SALUD  10:00 a 13:00 A 112  SANCHEZ SOSA JUAN JOSE  1722  TEORIAS Y SISTEMAS TERAPEUTICOS  10:00 a 13:00 Edif C Salon 1  DE LA VEGA MORALES ROCIO IVONNE  Grupo 7405  CLAVE  ASIGNATURA  LUNES  MARTES  MIERCOLES  JUEVES  VIERNES  SABADO  PROFESOR  OBSERVACIONES  1719  INTEGRACION DE INFORMES PSICOLOG.  12:00 a 14:00 AULA PENDIENTE  09:00 a 13:00 AULA PENDIENTE  CERVANTES BAZAN KARLA ALEJANDRA  LA PRáCTICA EN ESCENARIO SE LLEVARá A CABO LOS DíAS JUEVES EN EL COLEGIO EXCELA, UBICADO EN COYOACáN, A PARTIR DE MEDIADOS DE OCTUBRE. AULAS ASIGNADAS: DE 9:00 A 12:00 EN A313 Y DE 11:00 A 13:00 EN A311  1721  TEORIAS PSICOLOGICAS DE LA SALUD  08:00 a 11:00 A 002  GUTIERREZ LARA MARIANA  1722  TEORIAS Y SISTEMAS TERAPEUTICOS  08:00 a 11:00 A 003  GUTIERREZ LARA MARIANA  Grupo 7406  CLAVE  ASIGNATURA  LUNES  MARTES  MIERCOLES  JUEVES  VIERNES  SABADO  PROFESOR  OBSERVACIONES  1719  INTEGRACION DE INFORMES PSICOLOG.  11:00 a 14:00 A 313  11:00 a 14:00 A 311  BECERRIL PEREZ MARIA SANTOS  LA PRáCTICA EN ESCENARIO SE LLEVARá A CABO LOS DíAS MIéRCOLES EN EL COLEGIO AGUSTíN GARCíA CONDE, A PARTIR DEL MES DE OCTUBRE.  1720  PSICOPATOLOGIA Y PERSONALIDAD  09:00 a 12:00 A 311  10:00 a 13:00 Edif C Salon 4  BARRERA GUTIERREZ JOSE LUIS  LA PRáCTICA EN ESCENARIO SE LLEVARá A CABO LOS DíAS VIERNES EN LA RESIDENCIA 1721  TEORIAS PSICOLOGICAS DE LA SALUD  12:00 a 15:00 A 201  PROFESOR PENDIENTE Grupo 7407  CLAVE  ASIGNATURA  LUNES  MARTES  MIERCOLES  JUEVES  VIERNES  SABADO  PROFESOR  OBSERVACIONES  1719  INTEGRACION DE INFORMES PSICOLOG.  11:00 a 14:00 Edif C Salon 3  11:00 a 14:00 Edif C Salon 1  HERNANDEZ TREJO LAURA AMADA  LA PRáCTICA EN ESCENARIO SE LLEVARá A CABO LOS DíAS JUEVES EN EL CENTRO COMUNITARIO DR. JULIáN MACGREGOR Y SáNCHEZ NAVARRO / DIRECCIóN GENERAL DE ATENCIóN A LA SALUD (DGAS), A PARTIR DE OCTUBRE.  1720  PSICOPATOLOGIA Y PERSONALIDAD  08:00 a 11:00 A 301  08:00 a 11:00 A 301  SOSA TORRALBA JANETT ESMERALDA  1721  TEORIAS PSICOLOGICAS DE LA SALUD  09:00 a 12:00 AULA PENDIENTE  MARTINEZ BASURTO AIME EDITH  LA CLASE SE LLEVARá A CABO EN EL INSTITUTO NACIONAL DE ENFERMEDADES RESPIRATORIAS (INER) A PARTIR DEL MES DE SEPTIEMBRE. LAS PRIMERAS SESIONES SE REALIZARáN EN LíNEA. SE REQUIERE CONTAR CON ESQUEMA DE VACUNACIóN COMPLETO.  Grupo 7408  CLAVE  ASIGNATURA  LUNES  MARTES  MIERCOLES  JUEVES  VIERNES  SABADO  PROFESOR  OBSERVACIONES  1719  INTEGRACION DE INFORMES PSICOLOG.  12:00 a 15:00 A 002  10:00 a 13:00 A 001  MANCILLA GOMEZ BLANCA ELENA  1720  PSICOPATOLOGIA Y PERSONALIDAD  11:00 a 14:00 A 302  11:00 a 14:00 A 202  RUÍZ GONZÁLEZ VERÓNICA  1721  TEORIAS PSICOLOGICAS DE LA SALUD  17:00 a 20:00 A 302  SANCHEZ XICOTENCATL CARLOS OMAR  1722  TEORIAS Y SISTEMAS TERAPEUTICOS  13:00 a 16:00 A 210  MEDINA GUTIERREZ MIGUEL ANGEL  Grupo 7409  CLAVE  ASIGNATURA  LUNES  MARTES  MIERCOLES  JUEVES  VIERNES  SABADO  PROFESOR  OBSERVACIONES  1719  INTEGRACION DE INFORMES PSICOLOG.  10:00 a 13:00 A 311  10:00 a 13:00 A 314  PROFESOR PENDIENTE LA CLASE SE LLEVARá A CABO EN EL CENTRO COMUNITARIO DR. JULIáN MACGREGOR Y SáNCHEZ NAVARRO. LA MTRA. INGRID TORAL IMPARTIRá LA TEORíA LOS LUNES Y LA MTRA. GABRIELA VáZQUEZ LA PRáCTICA LOS VIERNES. LAS PRIMERAS SESIONES SE REALIZARáN EN LíNEA.  1720  PSICOPATOLOGIA Y PERSONALIDAD  08:00 a 14:00 A 102  AURON ZALTZMAN DAVID  1722  TEORIAS Y SISTEMAS TERAPEUTICOS  10:00 a 13:00 A 304  PROFESOR PENDIENTE LA CLASE SERá IMPARTIDA POR LA MTRA. NANCY ANGéLICA GARCíA BARAJAS  Grupo 7410  CLAVE  ASIGNATURA  LUNES  MARTES  MIERCOLES  JUEVES  VIERNES  SABADO  PROFESOR  OBSERVACIONES  1720  PSICOPATOLOGIA Y PERSONALIDAD  12:00 a 15:00 A 304  12:00 a 15:00 A 304  PROFESOR PENDIENTE LA CLASE LA IMPARTIRá LA DRA. ROMANA SILVIA PLATAS ACEVEDO  1722  TEORIAS Y SISTEMAS TERAPEUTICOS  15:00 a 18:00 A 202  ESPINOZA SALGADO FATIMA SAGRARIO  Grupo 7411  CLAVE  ASIGNATURA  LUNES  MARTES  MIERCOLES  JUEVES  VIERNES  SABADO  PROFESOR  OBSERVACIONES  1719  INTEGRACION DE INFORMES PSICOLOG.  18:00 a 20:00 A 003  15:00 a 19:00 A 003  JOYA LAUREANO LILIA  1720  PSICOPATOLOGIA Y PERSONALIDAD  15:00 a 18:00 A 304  14:00 a 17:00 A 302  SANCHEZ XICOTENCATL CARLOS OMAR  1722  TEORIAS Y SISTEMAS TERAPEUTICOS  12:00 a 15:00 A 201  PROFESOR PENDIENTE LA CLASE SERá IMPARTIDA POR LA MTRA. ALITZEL EURíDICE TAPIA GARCíA  Grupo 7412  CLAVE  ASIGNATURA  LUNES  MARTES  MIERCOLES  JUEVES  VIERNES  SABADO  PROFESOR  OBSERVACIONES  1720  PSICOPATOLOGIA Y PERSONALIDAD  10:00 a 13:00 Edif C Salon 4  11:00 a 14:00 AULA PENDIENTE  GALAN LOPEZ QUETZAL NATALIA  LA PRáCTICA SE REALIZARá LOS DíAS MARTES EN LA FUNDACIóN MEXICANA PARA LA FIBROMIALGIA, A PARTIR DE MEDIADOS DE SEPTIEMBRE.  1721  TEORIAS PSICOLOGICAS DE LA SALUD  16:00 a 19:00 Edif C Salon 1  PADILLA MARQUEZ XOCHITL BERENICE  Grupo 7413  CLAVE  ASIGNATURA  LUNES  MARTES  MIERCOLES  JUEVES  VIERNES  SABADO  PROFESOR  OBSERVACIONES  1720  PSICOPATOLOGIA Y PERSONALIDAD  17:00 a 20:00 A 310  17:00 a 20:00 Edif C Salon 3  LOPEZ MONTOYA ALEJANDRA  1721  TEORIAS PSICOLOGICAS DE LA SALUD  17:00 a 20:00 A 114  GORDILLO MORENO TANIA  1722  TEORIAS Y SISTEMAS TERAPEUTICOS  15:00 a 18:00 A 112  ESPINOZA SALGADO FATIMA SAGRARIO  Grupo 7414  CLAVE  ASIGNATURA  LUNES  MARTES  MIERCOLES  JUEVES  VIERNES  SABADO  PROFESOR  OBSERVACIONES  1720  PSICOPATOLOGIA Y PERSONALIDAD  17:00 a 20:00 Edif C Salon 2  16:00 a 19:00 Edif C Salon 2  MARQUEZ VERDUZCO DAVID  1721  TEORIAS PSICOLOGICAS DE LA SALUD  15:00 a 18:00 Edif C Salon 2  GAMIOCHIPI CANO MIREYA  1722  TEORIAS Y SISTEMAS TERAPEUTICOS  14:00 a 17:00 A 001  MEDINA GUTIERREZ MIGUEL ANGEL","Grupo 7401  CLAVE  ASIGNATURA  LUNES  MARTES  MIERCOLES  JUEVES  VIERNES  SABADO  PROFESOR  OBSERVACIONES  1719  INTEGRACION DE INFORMES PSICOLOG.  15:00 a 18:00 A 309  10:00 a 13:00 A 001  ACOSTA GALVAN SAMUEL  LA PRáCTICA SE REALIZARá LOS DíAS SáBADO EN LA SEDE DE LA OFICINA DE DEFENSORíA DE LOS DERECHOS DE LA INFANCIA. LA FECHA ESTIMADA DE INICIO SERá A MEDIADOS DE SEPTIEMBRE.  1720  PSICOPATOLOGIA Y PERSONALIDAD  09:00 a 15:00 AULA PENDIENTE  AYALA MURGUIA DAVID FRANCISCO  DE 9:00 A 11:00 LA CLASE SERá EN A102 Y DE 11:00 A 15:00 EN A109  1721  TEORIAS PSICOLOGICAS DE LA SALUD  12:00 a 15:00 B 07  PROFESOR PENDIENTE LA CLASE SERá IMPARTIDA POR LA MTRA. MARIANA OVIEDO GOMEZ  1722  TEORIAS Y SISTEMAS TERAPEUTICOS  08:00 a 11:00 A 109  RAMIREZ CAMACHO MARÍA DEL CARMEN  Grupo 7402  CLAVE  ASIGNATURA  LUNES  MARTES  MIERCOLES  JUEVES  VIERNES  SABADO  PROFESOR  OBSERVACIONES  1719  INTEGRACION DE INFORMES PSICOLOG.  09:00 a 12:00 A 101  09:00 a 12:00 B 07  SOMARRIBA ROCHA LAURA ANGELA  1720  PSICOPATOLOGIA Y PERSONALIDAD  07:00 a 13:00 A 310  MORA GUTIERREZ GERARDO  1721  TEORIAS PSICOLOGICAS DE LA SALUD  09:00 a 12:00 AULA PENDIENTE  MARTINEZ BASURTO AIME EDITH  LA CLASE SE LLEVARá A CABO EN EL INSTITUTO NACIONAL DE ENFERMEDADES RESPIRATORIAS (INER) A MEDIADOS DE SEPTIEMBRE. LAS PRIMERAS SESIONES SE REALIZARáN EN LíNEA. SE REQUIERE CONTAR CON ESQUEMA DE VACUNACIóN COMPLETO.  1722  TEORIAS Y SISTEMAS TERAPEUTICOS  08:00 a 11:00 A 205  RODRIGUEZ SERRANO AIDEE ELENA  Grupo 7403  CLAVE  ASIGNATURA  LUNES  MARTES  MIERCOLES  JUEVES  VIERNES  SABADO  PROFESOR  OBSERVACIONES  1719  INTEGRACION DE INFORMES PSICOLOG.  16:00 a 19:00 Edif C Salon 3  16:00 a 19:00 Edif C Salon 3  MARQUEZ VERDUZCO DAVID  1720  PSICOPATOLOGIA Y PERSONALIDAD  08:00 a 14:00 Edif C Salon 3  LANDA RAMÍREZ EDGAR  LA CLASE SE LLEVARá A CABO EN EL HOSPITAL GENERAL DR. MANUEL GEA GONZáLEZ A PARTIR DE MEDIADOS DE SEPTIEMBRE; LAS PRIMERAS SESIONES SE REALIZARáN EN LíNEA. OBLIGATORIO CONTAR CON LAS VACUNAS DE INFLUENZA Y COVID-19.  1721  TEORIAS PSICOLOGICAS DE LA SALUD  13:00 a 16:00 Edif C Salon 2  MONDRAGON GOMEZ RAQUEL  1722  TEORIAS Y SISTEMAS TERAPEUTICOS  08:00 a 11:00 A 101  PROFESOR PENDIENTE LA CLASE SERá IMPARTIDA POR LA MTRA. ANGELINA ROMERO HERRERA  Grupo 7404  CLAVE  ASIGNATURA  LUNES  MARTES  MIERCOLES  JUEVES  VIERNES  SABADO  PROFESOR  OBSERVACIONES  1719  INTEGRACION DE INFORMES PSICOLOG.  08:00 a 11:00 Edif C Salon 4  08:00 a 11:00 A 308  SOTO CRISTOBAL GABRIEL  LA PRáCTICA EN ESCENARIO SE LLEVARá A CABO LOS DíAS JUEVES EN EL COLEGIO AGUSTíN GARCíA CONDE, A PARTIR DE MEDIADOS DE OCTUBRE.  1720  PSICOPATOLOGIA Y PERSONALIDAD  11:00 a 14:00 A 302  11:00 a 14:00 A 302  PROFESOR PENDIENTE LA CLASE SERá IMPARTIDA POR EL MTRO. JUAN MANUEL SANTIAGO MALDONADO  1721  TEORIAS PSICOLOGICAS DE LA SALUD  10:00 a 13:00 A 112  SANCHEZ SOSA JUAN JOSE  1722  TEORIAS Y SISTEMAS TERAPEUTICOS  10:00 a 13:00 Edif C Salon 1  DE LA VEGA MORALES ROCIO IVONNE  Grupo 7405  CLAVE  ASIGNATURA  LUNES  MARTES  MIERCOLES  JUEVES  VIERNES  SABADO  PROFESOR  OBSERVACIONES  1719  INTEGRACION DE INFORMES PSICOLOG.  12:00 a 14:00 AULA PENDIENTE  09:00 a 13:00 AULA PENDIENTE  CERVANTES BAZAN KARLA ALEJANDRA  LA PRáCTICA EN ESCENARIO SE LLEVARá A CABO LOS DíAS JUEVES EN EL COLEGIO EXCELA, UBICADO EN COYOACáN, A PARTIR DE MEDIADOS DE OCTUBRE. AULAS ASIGNADAS: DE 9:00 A 12:00 EN A313 Y DE 11:00 A 13:00 EN A311  1721  TEORIAS PSICOLOGICAS DE LA SALUD  08:00 a 11:00 A 002  GUTIERREZ LARA MARIANA  1722  TEORIAS Y SISTEMAS TERAPEUTICOS  08:00 a 11:00 A 003  GUTIERREZ LARA MARIANA  Grupo 7406  CLAVE  ASIGNATURA  LUNES  MARTES  MIERCOLES  JUEVES  VIERNES  SABADO  PROFESOR  OBSERVACIONES  1719  INTEGRACION DE INFORMES PSICOLOG.  11:00 a 14:00 A 313  11:00 a 14:00 A 311  BECERRIL PEREZ MARIA SANTOS  LA PRáCTICA EN ESCENARIO SE LLEVARá A CABO LOS DíAS MIéRCOLES EN EL COLEGIO AGUSTíN GARCíA CONDE, A PARTIR DEL MES DE OCTUBRE.  1720  PSICOPATOLOGIA Y PERSONALIDAD  09:00 a 12:00 A 311  10:00 a 13:00 Edif C Salon 4  BARRERA GUTIERREZ JOSE LUIS  LA PRáCTICA EN ESCENARIO SE LLEVARá A CABO LOS DíAS VIERNES EN LA RESIDENCIA 1721  TEORIAS PSICOLOGICAS DE LA SALUD  12:00 a 15:00 A 201  PROFESOR PENDIENTE Grupo 7407  CLAVE  ASIGNATURA  LUNES  MARTES  MIERCOLES  JUEVES  VIERNES  SABADO  PROFESOR  OBSERVACIONES  1719  INTEGRACION DE INFORMES PSICOLOG.  11:00 a 14:00 Edif C Salon 3  11:00 a 14:00 Edif C Salon 1  HERNANDEZ TREJO LAURA AMADA  LA PRáCTICA EN ESCENARIO SE LLEVARá A CABO LOS DíAS JUEVES EN EL CENTRO COMUNITARIO DR. JULIáN MACGREGOR Y SáNCHEZ NAVARRO / DIRECCIóN GENERAL DE ATENCIóN A LA SALUD (DGAS), A PARTIR DE OCTUBRE.  1720  PSICOPATOLOGIA Y PERSONALIDAD  08:00 a 11:00 A 301  08:00 a 11:00 A 301  SOSA TORRALBA JANETT ESMERALDA  1721  TEORIAS PSICOLOGICAS DE LA SALUD  09:00 a 12:00 AULA PENDIENTE  MARTINEZ BASURTO AIME EDITH  LA CLASE SE LLEVARá A CABO EN EL INSTITUTO NACIONAL DE ENFERMEDADES RESPIRATORIAS (INER) A PARTIR DEL MES DE SEPTIEMBRE. LAS PRIMERAS SESIONES SE REALIZARáN EN LíNEA. SE REQUIERE CONTAR CON ESQUEMA DE VACUNACIóN COMPLETO.  Grupo 7408  CLAVE  ASIGNATURA  LUNES  MARTES  MIERCOLES  JUEVES  VIERNES  SABADO  PROFESOR  OBSERVACIONES  1719  INTEGRACION DE INFORMES PSICOLOG.  12:00 a 15:00 A 002  10:00 a 13:00 A 001  MANCILLA GOMEZ BLANCA ELENA  1720  PSICOPATOLOGIA Y PERSONALIDAD  11:00 a 14:00 A 302  11:00 a 14:00 A 202  RUÍZ GONZÁLEZ VERÓNICA  1721  TEORIAS PSICOLOGICAS DE LA SALUD  17:00 a 20:00 A 302  SANCHEZ XICOTENCATL CARLOS OMAR  1722  TEORIAS Y SISTEMAS TERAPEUTICOS  13:00 a 16:00 A 210  MEDINA GUTIERREZ MIGUEL ANGEL  Grupo 7409  CLAVE  ASIGNATURA  LUNES  MARTES  MIERCOLES  JUEVES  VIERNES  SABADO  PROFESOR  OBSERVACIONES  1719  INTEGRACION DE INFORMES PSICOLOG.  10:00 a 13:00 A 311  10:00 a 13:00 A 314  PROFESOR PENDIENTE LA CLASE SE LLEVARá A CABO EN EL CENTRO COMUNITARIO DR. JULIáN MACGREGOR Y SáNCHEZ NAVARRO. LA MTRA. INGRID TORAL IMPARTIRá LA TEORíA LOS LUNES Y LA MTRA. GABRIELA VáZQUEZ LA PRáCTICA LOS VIERNES. LAS PRIMERAS SESIONES SE REALIZARáN EN LíNEA.  1720  PSICOPATOLOGIA Y PERSONALIDAD  08:00 a 14:00 A 102  AURON ZALTZMAN DAVID  1722  TEORIAS Y SISTEMAS TERAPEUTICOS  10:00 a 13:00 A 304  PROFESOR PENDIENTE LA CLASE SERá IMPARTIDA POR LA MTRA. NANCY ANGéLICA GARCíA BARAJAS  Grupo 7410  CLAVE  ASIGNATURA  LUNES  MARTES  MIERCOLES  JUEVES  VIERNES  SABADO  PROFESOR  OBSERVACIONES  1720  PSICOPATOLOGIA Y PERSONALIDAD  12:00 a 15:00 A 304  12:00 a 15:00 A 304  PROFESOR PENDIENTE LA CLASE LA IMPARTIRá LA DRA. ROMANA SILVIA PLATAS ACEVEDO  1722  TEORIAS Y SISTEMAS TERAPEUTICOS  15:00 a 18:00 A 202  ESPINOZA SALGADO FATIMA SAGRARIO  Grupo 7411  CLAVE  ASIGNATURA  LUNES  MARTES  MIERCOLES  JUEVES  VIERNES  SABADO  PROFESOR  OBSERVACIONES  1719  INTEGRACION DE INFORMES PSICOLOG.  18:00 a 20:00 A 003  15:00 a 19:00 A 003  JOYA LAUREANO LILIA  1720  PSICOPATOLOGIA Y PERSONALIDAD  15:00 a 18:00 A 304  14:00 a 17:00 A 302  SANCHEZ XICOTENCATL CARLOS OMAR  1722  TEORIAS Y SISTEMAS TERAPEUTICOS  12:00 a 15:00 A 201  PROFESOR PENDIENTE LA CLASE SERá IMPARTIDA POR LA MTRA. ALITZEL EURíDICE TAPIA GARCíA  Grupo 7412  CLAVE  ASIGNATURA  LUNES  MARTES  MIERCOLES  JUEVES  VIERNES  SABADO  PROFESOR  OBSERVACIONES  1720  PSICOPATOLOGIA Y PERSONALIDAD  10:00 a 13:00 Edif C Salon 4  11:00 a 14:00 AULA PENDIENTE  GALAN LOPEZ QUETZAL NATALIA  LA PRáCTICA SE REALIZARá LOS DíAS MARTES EN LA FUNDACIóN MEXICANA PARA LA FIBROMIALGIA, A PARTIR DE MEDIADOS DE SEPTIEMBRE.  1721  TEORIAS PSICOLOGICAS DE LA SALUD  16:00 a 19:00 Edif C Salon 1  PADILLA MARQUEZ XOCHITL BERENICE  Grupo 7413  CLAVE  ASIGNATURA  LUNES  MARTES  MIERCOLES  JUEVES  VIERNES  SABADO  PROFESOR  OBSERVACIONES  1720  PSICOPATOLOGIA Y PERSONALIDAD  17:00 a 20:00 A 310  17:00 a 20:00 Edif C Salon 3  LOPEZ MONTOYA ALEJANDRA  1721  TEORIAS PSICOLOGICAS DE LA SALUD  17:00 a 20:00 A 114  GORDILLO MORENO TANIA  1722  TEORIAS Y SISTEMAS TERAPEUTICOS  15:00 a 18:00 A 112  ESPINOZA SALGADO FATIMA SAGRARIO  Grupo 7414  CLAVE  ASIGNATURA  LUNES  MARTES  MIERCOLES  JUEVES  VIERNES  SABADO  PROFESOR  OBSERVACIONES  1720  PSICOPATOLOGIA Y PERSONALIDAD  17:00 a 20:00 Edif C Salon 2  16:00 a 19:00 Edif C Salon 2  MARQUEZ VERDUZCO DAVID  1721  TEORIAS PSICOLOGICAS DE LA SALUD  15:00 a 18:00 Edif C Salon 2  GAMIOCHIPI CANO MIREYA  1722  TEORIAS Y SISTEMAS TERAPEUTICOS  14:00 a 17:00 A 001  MEDINA GUTIERREZ MIGUEL ANGEL","Grupo 7401  CLAVE  ASIGNATURA  LUNES  MARTES  MIERCOLES  JUEVES  VIERNES  SABADO  PROFESOR  OBSERVACIONES  1719  INTEGRACION DE INFORMES PSICOLOG.  15:00 a 18:00 A 309  10:00 a 13:00 A 001  ACOSTA GALVAN SAMUEL  LA PRáCTICA SE REALIZARá LOS DíAS SáBADO EN LA SEDE DE LA OFICINA DE DEFENSORíA DE LOS DERECHOS DE LA INFANCIA. LA FECHA ESTIMADA DE INICIO SERá A MEDIADOS DE SEPTIEMBRE.  1720  PSICOPATOLOGIA Y PERSONALIDAD  09:00 a 15:00 AULA PENDIENTE  AYALA MURGUIA DAVID FRANCISCO  DE 9:00 A 11:00 LA CLASE SERá EN A102 Y DE 11:00 A 15:00 EN A109  1721  TEORIAS PSICOLOGICAS DE LA SALUD  12:00 a 15:00 B 07  PROFESOR PENDIENTE LA CLASE SERá IMPARTIDA POR LA MTRA. MARIANA OVIEDO GOMEZ  1722  TEORIAS Y SISTEMAS TERAPEUTICOS  08:00 a 11:00 A 109  RAMIREZ CAMACHO MARÍA DEL CARMEN  Grupo 7402  CLAVE  ASIGNATURA  LUNES  MARTES  MIERCOLES  JUEVES  VIERNES  SABADO  PROFESOR  OBSERVACIONES  1719  INTEGRACION DE INFORMES PSICOLOG.  09:00 a 12:00 A 101  09:00 a 12:00 B 07  SOMARRIBA ROCHA LAURA ANGELA  1720  PSICOPATOLOGIA Y PERSONALIDAD  07:00 a 13:00 A 310  MORA GUTIERREZ GERARDO  1721  TEORIAS PSICOLOGICAS DE LA SALUD  09:00 a 12:00 AULA PENDIENTE  MARTINEZ BASURTO AIME EDITH  LA CLASE SE LLEVARá A CABO EN EL INSTITUTO NACIONAL DE ENFERMEDADES RESPIRATORIAS (INER) A MEDIADOS DE SEPTIEMBRE. LAS PRIMERAS SESIONES SE REALIZARáN EN LíNEA. SE REQUIERE CONTAR CON ESQUEMA DE VACUNACIóN COMPLETO.  1722  TEORIAS Y SISTEMAS TERAPEUTICOS  08:00 a 11:00 A 205  RODRIGUEZ SERRANO AIDEE ELENA  Grupo 7403  CLAVE  ASIGNATURA  LUNES  MARTES  MIERCOLES  JUEVES  VIERNES  SABADO  PROFESOR  OBSERVACIONES  1719  INTEGRACION DE INFORMES PSICOLOG.  16:00 a 19:00 Edif C Salon 3  16:00 a 19:00 Edif C Salon 3  MARQUEZ VERDUZCO DAVID  1720  PSICOPATOLOGIA Y PERSONALIDAD  08:00 a 14:00 Edif C Salon 3  LANDA RAMÍREZ EDGAR  LA CLASE SE LLEVARá A CABO EN EL HOSPITAL GENERAL DR. MANUEL GEA GONZáLEZ A PARTIR DE MEDIADOS DE SEPTIEMBRE; LAS PRIMERAS SESIONES SE REALIZARáN EN LíNEA. OBLIGATORIO CONTAR CON LAS VACUNAS DE INFLUENZA Y COVID-19.  1721  TEORIAS PSICOLOGICAS DE LA SALUD  13:00 a 16:00 Edif C Salon 2  MONDRAGON GOMEZ RAQUEL  1722  TEORIAS Y SISTEMAS TERAPEUTICOS  08:00 a 11:00 A 101  PROFESOR PENDIENTE LA CLASE SERá IMPARTIDA POR LA MTRA. ANGELINA ROMERO HERRERA  Grupo 7404  CLAVE  ASIGNATURA  LUNES  MARTES  MIERCOLES  JUEVES  VIERNES  SABADO  PROFESOR  OBSERVACIONES  1719  INTEGRACION DE INFORMES PSICOLOG.  08:00 a 11:00 Edif C Salon 4  08:00 a 11:00 A 308  SOTO CRISTOBAL GABRIEL  LA PRáCTICA EN ESCENARIO SE LLEVARá A CABO LOS DíAS JUEVES EN EL COLEGIO AGUSTíN GARCíA CONDE, A PARTIR DE MEDIADOS DE OCTUBRE.  1720  PSICOPATOLOGIA Y PERSONALIDAD  11:00 a 14:00 A 302  11:00 a 14:00 A 302  PROFESOR PENDIENTE LA CLASE SERá IMPARTIDA POR EL MTRO. JUAN MANUEL SANTIAGO MALDONADO  1721  TEORIAS PSICOLOGICAS DE LA SALUD  10:00 a 13:00 A 112  SANCHEZ SOSA JUAN JOSE  1722  TEORIAS Y SISTEMAS TERAPEUTICOS  10:00 a 13:00 Edif C Salon 1  DE LA VEGA MORALES ROCIO IVONNE  Grupo 7405  CLAVE  ASIGNATURA  LUNES  MARTES  MIERCOLES  JUEVES  VIERNES  SABADO  PROFESOR  OBSERVACIONES  1719  INTEGRACION DE INFORMES PSICOLOG.  12:00 a 14:00 AULA PENDIENTE  09:00 a 13:00 AULA PENDIENTE  CERVANTES BAZAN KARLA ALEJANDRA  LA PRáCTICA EN ESCENARIO SE LLEVARá A CABO LOS DíAS JUEVES EN EL COLEGIO EXCELA, UBICADO EN COYOACáN, A PARTIR DE MEDIADOS DE OCTUBRE. AULAS ASIGNADAS: DE 9:00 A 12:00 EN A313 Y DE 11:00 A 13:00 EN A311  1721  TEORIAS PSICOLOGICAS DE LA SALUD  08:00 a 11:00 A 002  GUTIERREZ LARA MARIANA  1722  TEORIAS Y SISTEMAS TERAPEUTICOS  08:00 a 11:00 A 003  GUTIERREZ LARA MARIANA  Grupo 7406  CLAVE  ASIGNATURA  LUNES  MARTES  MIERCOLES  JUEVES  VIERNES  SABADO  PROFESOR  OBSERVACIONES  1719  INTEGRACION DE INFORMES PSICOLOG.  11:00 a 14:00 A 313  11:00 a 14:00 A 311  BECERRIL PEREZ MARIA SANTOS  LA PRáCTICA EN ESCENARIO SE LLEVARá A CABO LOS DíAS MIéRCOLES EN EL COLEGIO AGUSTíN GARCíA CONDE, A PARTIR DEL MES DE OCTUBRE.  1720  PSICOPATOLOGIA Y PERSONALIDAD  09:00 a 12:00 A 311  10:00 a 13:00 Edif C Salon 4  BARRERA GUTIERREZ JOSE LUIS  LA PRáCTICA EN ESCENARIO SE LLEVARá A CABO LOS DíAS VIERNES EN LA RESIDENCIA 1721  TEORIAS PSICOLOGICAS DE LA SALUD  12:00 a 15:00 A 201  PROFESOR PENDIENTE Grupo 7407  CLAVE  ASIGNATURA  LUNES  MARTES  MIERCOLES  JUEVES  VIERNES  SABADO  PROFESOR  OBSERVACIONES  1719  INTEGRACION DE INFORMES PSICOLOG.  11:00 a 14:00 Edif C Salon 3  11:00 a 14:00 Edif C Salon 1  HERNANDEZ TREJO LAURA AMADA  LA PRáCTICA EN ESCENARIO SE LLEVARá A CABO LOS DíAS JUEVES EN EL CENTRO COMUNITARIO DR. JULIáN MACGREGOR Y SáNCHEZ NAVARRO / DIRECCIóN GENERAL DE ATENCIóN A LA SALUD (DGAS), A PARTIR DE OCTUBRE.  1720  PSICOPATOLOGIA Y PERSONALIDAD  08:00 a 11:00 A 301  08:00 a 11:00 A 301  SOSA TORRALBA JANETT ESMERALDA  1721  TEORIAS PSICOLOGICAS DE LA SALUD  09:00 a 12:00 AULA PENDIENTE  MARTINEZ BASURTO AIME EDITH  LA CLASE SE LLEVARá A CABO EN EL INSTITUTO NACIONAL DE ENFERMEDADES RESPIRATORIAS (INER) A PARTIR DEL MES DE SEPTIEMBRE. LAS PRIMERAS SESIONES SE REALIZARáN EN LíNEA. SE REQUIERE CONTAR CON ESQUEMA DE VACUNACIóN COMPLETO.  Grupo 7408  CLAVE  ASIGNATURA  LUNES  MARTES  MIERCOLES  JUEVES  VIERNES  SABADO  PROFESOR  OBSERVACIONES  1719  INTEGRACION DE INFORMES PSICOLOG.  12:00 a 15:00 A 002  10:00 a 13:00 A 001  MANCILLA GOMEZ BLANCA ELENA  1720  PSICOPATOLOGIA Y PERSONALIDAD  11:00 a 14:00 A 302  11:00 a 14:00 A 202  RUÍZ GONZÁLEZ VERÓNICA  1721  TEORIAS PSICOLOGICAS DE LA SALUD  17:00 a 20:00 A 302  SANCHEZ XICOTENCATL CARLOS OMAR  1722  TEORIAS Y SISTEMAS TERAPEUTICOS  13:00 a 16:00 A 210  MEDINA GUTIERREZ MIGUEL ANGEL  Grupo 7409  CLAVE  ASIGNATURA  LUNES  MARTES  MIERCOLES  JUEVES  VIERNES  SABADO  PROFESOR  OBSERVACIONES  1719  INTEGRACION DE INFORMES PSICOLOG.  10:00 a 13:00 A 311  10:00 a 13:00 A 314  PROFESOR PENDIENTE LA CLASE SE LLEVARá A CABO EN EL CENTRO COMUNITARIO DR. JULIáN MACGREGOR Y SáNCHEZ NAVARRO. LA MTRA. INGRID TORAL IMPARTIRá LA TEORíA LOS LUNES Y LA MTRA. GABRIELA VáZQUEZ LA PRáCTICA LOS VIERNES. LAS PRIMERAS SESIONES SE REALIZARáN EN LíNEA.  1720  PSICOPATOLOGIA Y PERSONALIDAD  08:00 a 14:00 A 102  AURON ZALTZMAN DAVID  1722  TEORIAS Y SISTEMAS TERAPEUTICOS  10:00 a 13:00 A 304  PROFESOR PENDIENTE LA CLASE SERá IMPARTIDA POR LA MTRA. NANCY ANGéLICA GARCíA BARAJAS  Grupo 7410  CLAVE  ASIGNATURA  LUNES  MARTES  MIERCOLES  JUEVES  VIERNES  SABADO  PROFESOR  OBSERVACIONES  1720  PSICOPATOLOGIA Y PERSONALIDAD  12:00 a 15:00 A 304  12:00 a 15:00 A 304  PROFESOR PENDIENTE LA CLASE LA IMPARTIRá LA DRA. ROMANA SILVIA PLATAS ACEVEDO  1722  TEORIAS Y SISTEMAS TERAPEUTICOS  15:00 a 18:00 A 202  ESPINOZA SALGADO FATIMA SAGRARIO  Grupo 7411  CLAVE  ASIGNATURA  LUNES  MARTES  MIERCOLES  JUEVES  VIERNES  SABADO  PROFESOR  OBSERVACIONES  1719  INTEGRACION DE INFORMES PSICOLOG.  18:00 a 20:00 A 003  15:00 a 19:00 A 003  JOYA LAUREANO LILIA  1720  PSICOPATOLOGIA Y PERSONALIDAD  15:00 a 18:00 A 304  14:00 a 17:00 A 302  SANCHEZ XICOTENCATL CARLOS OMAR  1722  TEORIAS Y SISTEMAS TERAPEUTICOS  12:00 a 15:00 A 201  PROFESOR PENDIENTE LA CLASE SERá IMPARTIDA POR LA MTRA. ALITZEL EURíDICE TAPIA GARCíA  Grupo 7412  CLAVE  ASIGNATURA  LUNES  MARTES  MIERCOLES  JUEVES  VIERNES  SABADO  PROFESOR  OBSERVACIONES  1720  PSICOPATOLOGIA Y PERSONALIDAD  10:00 a 13:00 Edif C Salon 4  11:00 a 14:00 AULA PENDIENTE  GALAN LOPEZ QUETZAL NATALIA  LA PRáCTICA SE REALIZARá LOS DíAS MARTES EN LA FUNDACIóN MEXICANA PARA LA FIBROMIALGIA, A PARTIR DE MEDIADOS DE SEPTIEMBRE.  1721  TEORIAS PSICOLOGICAS DE LA SALUD  16:00 a 19:00 Edif C Salon 1  PADILLA MARQUEZ XOCHITL BERENICE  Grupo 7413  CLAVE  ASIGNATURA  LUNES  MARTES  MIERCOLES  JUEVES  VIERNES  SABADO  PROFESOR  OBSERVACIONES  1720  PSICOPATOLOGIA Y PERSONALIDAD  17:00 a 20:00 A 310  17:00 a 20:00 Edif C Salon 3  LOPEZ MONTOYA ALEJANDRA  1721  TEORIAS PSICOLOGICAS DE LA SALUD  17:00 a 20:00 A 114  GORDILLO MORENO TANIA  1722  TEORIAS Y SISTEMAS TERAPEUTICOS  15:00 a 18:00 A 112  ESPINOZA SALGADO FATIMA SAGRARIO  Grupo 7414  CLAVE  ASIGNATURA  LUNES  MARTES  MIERCOLES  JUEVES  VIERNES  SABADO  PROFESOR  OBSERVACIONES  1720  PSICOPATOLOGIA Y PERSONALIDAD  17:00 a 20:00 Edif C Salon 2  16:00 a 19:00 Edif C Salon 2  MARQUEZ VERDUZCO DAVID  1721  TEORIAS PSICOLOGICAS DE LA SALUD  15:00 a 18:00 Edif C Salon 2  GAMIOCHIPI CANO MIREYA  1722  TEORIAS Y SISTEMAS TERAPEUTICOS  14:00 a 17:00 A 001  MEDINA GUTIERREZ MIGUEL ANGEL",,,,,,,,PSICOLOGIA CLINICA Y DE LA SALUD
Grupo 7401,Grupo 7401,Grupo 7401,Grupo 7401,Grupo 7401,Grupo 7401,Grupo 7401,Grupo 7401,Grupo 7401,Grupo 7401,PSICOLOGIA CLINICA Y DE LA SALUD
CLAVE,ASIGNATURA,LUNES,MARTES,MIERCOLES,JUEVES,VIERNES,SABADO,PROFESOR,OBSERVACIONES,PSICOLOGIA CLINICA Y DE LA SALUD
1719,INTEGRACION DE INFORMES PSICOLOG.,,,,,15:00 a 18:00 A 309,10:00 a 13:00 A 001,ACOSTA GALVAN SAMUEL,LA PRáCTICA SE REALIZARá LOS DíAS SáBADO EN LA SEDE DE LA OFICINA DE DEFENSORíA DE LOS DERECHOS DE LA INFANCIA. LA FECHA ESTIMADA DE INICIO SERá A MEDIADOS DE SEPTIEMBRE.,PSICOLOGIA CLINICA Y DE LA SALUD
1720,PSICOPATOLOGIA Y PERSONALIDAD,,09:00 a 15:00 AULA PENDIENTE,,,,,AYALA MURGUIA DAVID FRANCISCO,DE 9:00 A 11:00 LA CLASE SERá EN A102 Y DE 11:00 A 15:00 EN A109,PSICOLOGIA CLINICA Y DE LA SALUD
1721,TEORIAS PSICOLOGICAS DE LA SALUD,,,,,12:00 a 15:00 B 07,,PROFESOR PENDIENTE,LA CLASE SERá IMPARTIDA POR LA MTRA. MARIANA OVIEDO GOMEZ,PSICOLOGIA CLINICA Y DE LA SALUD
1722,TEORIAS Y SISTEMAS TERAPEUTICOS,,,,08:00 a 11:00 A 109,,,RAMIREZ CAMACHO MARÍA DEL CARMEN,,PSICOLOGIA CLINICA Y DE LA SALUD
Grupo 7402,Grupo 7402,Grupo 7402,Grupo 7402,Grupo 7402,Grupo 7402,Grupo 7402,Grupo 7402,Grupo 7402,Grupo 7402,PSICOLOGIA CLINICA Y DE LA SALUD
CLAVE,ASIGNATURA,LUNES,MARTES,MIERCOLES,JUEVES,VIERNES,SABADO,PROFESOR,OBSERVACIONES,PSICOLOGIA CLINICA Y DE LA SALUD
1719,INTEGRACION DE INFORMES PSICOLOG.,09:00 a 12:00 A 101,,09:00 a 12:00 B 07,,,,SOMARRIBA ROCHA LAURA ANGELA,,PSICOLOGIA CLINICA Y DE LA SALUD
1720,PSICOPATOLOGIA Y PERSONALIDAD,,,,,07:00 a 13:00 A 310,,MORA GUTIERREZ GERARDO,,PSICOLOGIA CLINICA Y DE LA SALUD
1721,TEORIAS PSICOLOGICAS DE LA SALUD,,,,09:00 a 12:00 AULA PENDIENTE,,,MARTINEZ BASURTO AIME EDITH,LA CLASE SE LLEVARá A CABO EN EL INSTITUTO NACIONAL DE ENFERMEDADES RESPIRATORIAS (INER) A MEDIADOS DE SEPTIEMBRE. LAS PRIMERAS SESIONES SE REALIZARáN EN LíNEA. SE REQUIERE CONTAR CON ESQUEMA DE VACUNACIóN COMPLETO.,PSICOLOGIA CLINICA Y DE LA SALUD
1722,TEORIAS Y SISTEMAS TERAPEUTICOS,,,,,,08:00 a 11:00 A 205,RODRIGUEZ SERRANO AIDEE ELENA,,PSICOLOGIA CLINICA Y DE LA SALUD
Grupo 7403,Grupo 7403,Grupo 7403,Grupo 7403,Grupo 7403,Grupo 7403,Grupo 7403,Grupo 7403,Grupo 7403,Grupo 7403,PSICOLOGIA CLINICA Y DE LA SALUD
CLAVE,ASIGNATURA,LUNES,MARTES,MIERCOLES,JUEVES,VIERNES,SABADO,PROFESOR,OBSERVACIONES,PSICOLOGIA CLINICA Y DE LA SALUD
1719,INTEGRACION DE INFORMES PSICOLOG.,16:00 a 19:00 Edif C Salon 3,,,,16:00 a 19:00 Edif C Salon 3,,MARQUEZ VERDUZCO DAVID,,PSICOLOGIA CLINICA Y DE LA SALUD
1720,PSICOPATOLOGIA Y PERSONALIDAD,,,,,08:00 a 14:00 Edif C Salon 3,,LANDA RAMÍREZ EDGAR,LA CLASE SE LLEVARá A CABO EN EL HOSPITAL GENERAL DR. MANUEL GEA GONZáLEZ A PARTIR DE MEDIADOS DE SEPTIEMBRE; LAS PRIMERAS SESIONES SE REALIZARáN EN LíNEA. OBLIGATORIO CONTAR CON LAS VACUNAS DE INFLUENZA Y COVID-19.,PSICOLOGIA CLINICA Y DE LA SALUD
1721,TEORIAS PSICOLOGICAS DE LA SALUD,,,13:00 a 16:00 Edif C Salon 2,,,,MONDRAGON GOMEZ RAQUEL,,PSICOLOGIA CLINICA Y DE LA SALUD
1722,TEORIAS Y SISTEMAS TERAPEUTICOS,,08:00 a 11:00 A 101,,,,,PROFESOR PENDIENTE,LA CLASE SERá IMPARTIDA POR LA MTRA. ANGELINA ROMERO HERRERA,PSICOLOGIA CLINICA Y DE LA SALUD
Grupo 7404,Grupo 7404,Grupo 7404,Grupo 7404,Grupo 7404,Grupo 7404,Grupo 7404,Grupo 7404,Grupo 7404,Grupo 7404,PSICOLOGIA CLINICA Y DE LA SALUD
CLAVE,ASIGNATURA,LUNES,MARTES,MIERCOLES,JUEVES,VIERNES,SABADO,PROFESOR,OBSERVACIONES,PSICOLOGIA CLINICA Y DE LA SALUD
1719,INTEGRACION DE INFORMES PSICOLOG.,,08:00 a 11:00 Edif C Salon 4,,08:00 a 11:00 A 308,,,SOTO CRISTOBAL GABRIEL,"LA PRáCTICA EN ESCENARIO SE LLEVARá A CABO LOS DíAS JUEVES EN EL COLEGIO AGUSTíN GARCíA CONDE, A PARTIR DE MEDIADOS DE OCTUBRE.",PSICOLOGIA CLINICA Y DE LA SALUD
1720,PSICOPATOLOGIA Y PERSONALIDAD,,11:00 a 14:00 A 302,,11:00 a 14:00 A 302,,,PROFESOR PENDIENTE,LA CLASE SERá IMPARTIDA POR EL MTRO. JUAN MANUEL SANTIAGO MALDONADO,PSICOLOGIA CLINICA Y DE LA SALUD
1721,TEORIAS PSICOLOGICAS DE LA SALUD,10:00 a 13:00 A 112,,,,,,SANCHEZ SOSA JUAN JOSE,,PSICOLOGIA CLINICA Y DE LA SALUD
1722,TEORIAS Y SISTEMAS TERAPEUTICOS,,,,,10:00 a 13:00 Edif C Salon 1,,DE LA VEGA MORALES ROCIO IVONNE,,PSICOLOGIA CLINICA Y DE LA SALUD
Grupo 7405,Grupo 7405,Grupo 7405,Grupo 7405,Grupo 7405,Grupo 7405,Grupo 7405,Grupo 7405,Grupo 7405,Grupo 7405,PSICOLOGIA CLINICA Y DE LA SALUD
CLAVE,ASIGNATURA,LUNES,MARTES,MIERCOLES,JUEVES,VIERNES,SABADO,PROFESOR,OBSERVACIONES,PSICOLOGIA CLINICA Y DE LA SALUD
1719,INTEGRACION DE INFORMES PSICOLOG.,,12:00 a 14:00 AULA PENDIENTE,,09:00 a 13:00 AULA PENDIENTE,,,CERVANTES BAZAN KARLA ALEJANDRA,"LA PRáCTICA EN ESCENARIO SE LLEVARá A CABO LOS DíAS JUEVES EN EL COLEGIO EXCELA, UBICADO EN COYOACáN, A PARTIR DE MEDIADOS DE OCTUBRE. AULAS ASIGNADAS: DE 9:00 A 12:00 EN A313 Y DE 11:00 A 13:00 EN A311",PSICOLOGIA CLINICA Y DE LA SALUD
1721,TEORIAS PSICOLOGICAS DE LA SALUD,,08:00 a 11:00 A 002,,,,,GUTIERREZ LARA MARIANA,,PSICOLOGIA CLINICA Y DE LA SALUD
1722,TEORIAS Y SISTEMAS TERAPEUTICOS,,,,,08:00 a 11:00 A 003,,GUTIERREZ LARA MARIANA,,PSICOLOGIA CLINICA Y DE LA SALUD
Grupo 7406,Grupo 7406,Grupo 7406,Grupo 7406,Grupo 7406,Grupo 7406,Grupo 7406,Grupo 7406,Grupo 7406,Grupo 7406,PSICOLOGIA CLINICA Y DE LA SALUD
CLAVE,ASIGNATURA,LUNES,MARTES,MIERCOLES,JUEVES,VIERNES,SABADO,PROFESOR,OBSERVACIONES,PSICOLOGIA CLINICA Y DE LA SALUD
1719,INTEGRACION DE INFORMES PSICOLOG.,11:00 a 14:00 A 313,,11:00 a 14:00 A 311,,,,BECERRIL PEREZ MARIA SANTOS,"LA PRáCTICA EN ESCENARIO SE LLEVARá A CABO LOS DíAS MIéRCOLES EN EL COLEGIO AGUSTíN GARCíA CONDE, A PARTIR DEL MES DE OCTUBRE.",PSICOLOGIA CLINICA Y DE LA SALUD
1720,PSICOPATOLOGIA Y PERSONALIDAD,,,,09:00 a 12:00 A 311,10:00 a 13:00 Edif C Salon 4,,BARRERA GUTIERREZ JOSE LUIS,LA PRáCTICA EN ESCENARIO SE LLEVARá A CABO LOS DíAS VIERNES EN LA RESIDENCIA,PSICOLOGIA CLINICA Y DE LA SALUD
1721,TEORIAS PSICOLOGICAS DE LA SALUD,,12:00 a 15:00 A 201,,,,,PROFESOR PENDIENTE,,PSICOLOGIA CLINICA Y DE LA SALUD
Grupo 7407,Grupo 7407,Grupo 7407,Grupo 7407,Grupo 7407,Grupo 7407,Grupo 7407,Grupo 7407,Grupo 7407,Grupo 7407,PSICOLOGIA CLINICA Y DE LA SALUD
CLAVE,ASIGNATURA,LUNES,MARTES,MIERCOLES,JUEVES,VIERNES,SABADO,PROFESOR,OBSERVACIONES,PSICOLOGIA CLINICA Y DE LA SALUD
1719,INTEGRACION DE INFORMES PSICOLOG.,,11:00 a 14:00 Edif C Salon 3,,11:00 a 14:00 Edif C Salon 1,,,HERNANDEZ TREJO LAURA AMADA,"LA PRáCTICA EN ESCENARIO SE LLEVARá A CABO LOS DíAS JUEVES EN EL CENTRO COMUNITARIO DR. JULIáN MACGREGOR Y SáNCHEZ NAVARRO / DIRECCIóN GENERAL DE ATENCIóN A LA SALUD (DGAS), A PARTIR DE OCTUBRE.",PSICOLOGIA CLINICA Y DE LA SALUD
1720,PSICOPATOLOGIA Y PERSONALIDAD,,08:00 a 11:00 A 301,,08:00 a 11:00 A 301,,,SOSA TORRALBA JANETT ESMERALDA,,PSICOLOGIA CLINICA Y DE LA SALUD
1721,TEORIAS PSICOLOGICAS DE LA SALUD,,,,,09:00 a 12:00 AULA PENDIENTE,,MARTINEZ BASURTO AIME EDITH,LA CLASE SE LLEVARá A CABO EN EL INSTITUTO NACIONAL DE ENFERMEDADES RESPIRATORIAS (INER) A PARTIR DEL MES DE SEPTIEMBRE. LAS PRIMERAS SESIONES SE REALIZARáN EN LíNEA. SE REQUIERE CONTAR CON ESQUEMA DE VACUNACIóN COMPLETO.,PSICOLOGIA CLINICA Y DE LA SALUD
Grupo 7408,Grupo 7408,Grupo 7408,Grupo 7408,Grupo 7408,Grupo 7408,Grupo 7408,Grupo 7408,Grupo 7408,Grupo 7408,PSICOLOGIA CLINICA Y DE LA SALUD
CLAVE,ASIGNATURA,LUNES,MARTES,MIERCOLES,JUEVES,VIERNES,SABADO,PROFESOR,OBSERVACIONES,PSICOLOGIA CLINICA Y DE LA SALUD
1719,INTEGRACION DE INFORMES PSICOLOG.,12:00 a 15:00 A 002,10:00 a 13:00 A 001,,,,,MANCILLA GOMEZ BLANCA ELENA,,PSICOLOGIA CLINICA Y DE LA SALUD
1720,PSICOPATOLOGIA Y PERSONALIDAD,,,11:00 a 14:00 A 302,11:00 a 14:00 A 202,,,RUÍZ GONZÁLEZ VERÓNICA,,PSICOLOGIA CLINICA Y DE LA SALUD
1721,TEORIAS PSICOLOGICAS DE LA SALUD,,,17:00 a 20:00 A 302,,,,SANCHEZ XICOTENCATL CARLOS OMAR,,PSICOLOGIA CLINICA Y DE LA SALUD
1722,TEORIAS Y SISTEMAS TERAPEUTICOS,,,,,13:00 a 16:00 A 210,,MEDINA GUTIERREZ MIGUEL ANGEL,,PSICOLOGIA CLINICA Y DE LA SALUD
Grupo 7409,Grupo 7409,Grupo 7409,Grupo 7409,Grupo 7409,Grupo 7409,Grupo 7409,Grupo 7409,Grupo 7409,Grupo 7409,PSICOLOGIA CLINICA Y DE LA SALUD
CLAVE,ASIGNATURA,LUNES,MARTES,MIERCOLES,JUEVES,VIERNES,SABADO,PROFESOR,OBSERVACIONES,PSICOLOGIA CLINICA Y DE LA SALUD
1719,INTEGRACION DE INFORMES PSICOLOG.,10:00 a 13:00 A 311,,,,10:00 a 13:00 A 314,,PROFESOR PENDIENTE,LA CLASE SE LLEVARá A CABO EN EL CENTRO COMUNITARIO DR. JULIáN MACGREGOR Y SáNCHEZ NAVARRO. LA MTRA. INGRID TORAL IMPARTIRá LA TEORíA LOS LUNES Y LA MTRA. GABRIELA VáZQUEZ LA PRáCTICA LOS VIERNES. LAS PRIMERAS SESIONES SE REALIZARáN EN LíNEA.,PSICOLOGIA CLINICA Y DE LA SALUD
1720,PSICOPATOLOGIA Y PERSONALIDAD,,,,,,08:00 a 14:00 A 102,AURON ZALTZMAN DAVID,,PSICOLOGIA CLINICA Y DE LA SALUD
1722,TEORIAS Y SISTEMAS TERAPEUTICOS,,10:00 a 13:00 A 304,,,,,PROFESOR PENDIENTE,LA CLASE SERá IMPARTIDA POR LA MTRA. NANCY ANGéLICA GARCíA BARAJAS,PSICOLOGIA CLINICA Y DE LA SALUD
Grupo 7410,Grupo 7410,Grupo 7410,Grupo 7410,Grupo 7410,Grupo 7410,Grupo 7410,Grupo 7410,Grupo 7410,Grupo 7410,PSICOLOGIA CLINICA Y DE LA SALUD
CLAVE,ASIGNATURA,LUNES,MARTES,MIERCOLES,JUEVES,VIERNES,SABADO,PROFESOR,OBSERVACIONES,PSICOLOGIA CLINICA Y DE LA SALUD
1720,PSICOPATOLOGIA Y PERSONALIDAD,12:00 a 15:00 A 304,,12:00 a 15:00 A 304,,,,PROFESOR PENDIENTE,LA CLASE LA IMPARTIRá LA DRA. ROMANA SILVIA PLATAS ACEVEDO,PSICOLOGIA CLINICA Y DE LA SALUD
1722,TEORIAS Y SISTEMAS TERAPEUTICOS,,,15:00 a 18:00 A 202,,,,ESPINOZA SALGADO FATIMA SAGRARIO,,PSICOLOGIA CLINICA Y DE LA SALUD
Grupo 7411,Grupo 7411,Grupo 7411,Grupo 7411,Grupo 7411,Grupo 7411,Grupo 7411,Grupo 7411,Grupo 7411,Grupo 7411,PSICOLOGIA CLINICA Y DE LA SALUD
CLAVE,ASIGNATURA,LUNES,MARTES,MIERCOLES,JUEVES,VIERNES,SABADO,PROFESOR,OBSERVACIONES,PSICOLOGIA CLINICA Y DE LA SALUD
1719,INTEGRACION DE INFORMES PSICOLOG.,,18:00 a 20:00 A 003,,15:00 a 19:00 A 003,,,JOYA LAUREANO LILIA,,PSICOLOGIA CLINICA Y DE LA SALUD
1720,PSICOPATOLOGIA Y PERSONALIDAD,15:00 a 18:00 A 304,,14:00 a 17:00 A 302,,,,SANCHEZ XICOTENCATL CARLOS OMAR,,PSICOLOGIA CLINICA Y DE LA SALUD
1722,TEORIAS Y SISTEMAS TERAPEUTICOS,12:00 a 15:00 A 201,,,,,,PROFESOR PENDIENTE,LA CLASE SERá IMPARTIDA POR LA MTRA. ALITZEL EURíDICE TAPIA GARCíA,PSICOLOGIA CLINICA Y DE LA SALUD
Grupo 7412,Grupo 7412,Grupo 7412,Grupo 7412,Grupo 7412,Grupo 7412,Grupo 7412,Grupo 7412,Grupo 7412,Grupo 7412,PSICOLOGIA CLINICA Y DE LA SALUD
CLAVE,ASIGNATURA,LUNES,MARTES,MIERCOLES,JUEVES,VIERNES,SABADO,PROFESOR,OBSERVACIONES,PSICOLOGIA CLINICA Y DE LA SALUD
1720,PSICOPATOLOGIA Y PERSONALIDAD,10:00 a 13:00 Edif C Salon 4,11:00 a 14:00 AULA PENDIENTE,,,,,GALAN LOPEZ QUETZAL NATALIA,"LA PRáCTICA SE REALIZARá LOS DíAS MARTES EN LA FUNDACIóN MEXICANA PARA LA FIBROMIALGIA, A PARTIR DE MEDIADOS DE SEPTIEMBRE.",PSICOLOGIA CLINICA Y DE LA SALUD
1721,TEORIAS PSICOLOGICAS DE LA SALUD,,16:00 a 19:00 Edif C Salon 1,,,,,PADILLA MARQUEZ XOCHITL BERENICE,,PSICOLOGIA CLINICA Y DE LA SALUD
Grupo 7413,Grupo 7413,Grupo 7413,Grupo 7413,Grupo 7413,Grupo 7413,Grupo 7413,Grupo 7413,Grupo 7413,Grupo 7413,PSICOLOGIA CLINICA Y DE LA SALUD
CLAVE,ASIGNATURA,LUNES,MARTES,MIERCOLES,JUEVES,VIERNES,SABADO,PROFESOR,OBSERVACIONES,PSICOLOGIA CLINICA Y DE LA SALUD
1720,PSICOPATOLOGIA Y PERSONALIDAD,,17:00 a 20:00 A 310,17:00 a 20:00 Edif C Salon 3,,,,LOPEZ MONTOYA ALEJANDRA,,PSICOLOGIA CLINICA Y DE LA SALUD
1721,TEORIAS PSICOLOGICAS DE LA SALUD,17:00 a 20:00 A 114,,,,,,GORDILLO MORENO TANIA,,PSICOLOGIA CLINICA Y DE LA SALUD
1722,TEORIAS Y SISTEMAS TERAPEUTICOS,,,,15:00 a 18:00 A 112,,,ESPINOZA SALGADO FATIMA SAGRARIO,,PSICOLOGIA CLINICA Y DE LA SALUD
Grupo 7414,Grupo 7414,Grupo 7414,Grupo 7414,Grupo 7414,Grupo 7414,Grupo 7414,Grupo 7414,Grupo 7414,Grupo 7414,PSICOLOGIA CLINICA Y DE LA SALUD
CLAVE,ASIGNATURA,LUNES,MARTES,MIERCOLES,JUEVES,VIERNES,SABADO,PROFESOR,OBSERVACIONES,PSICOLOGIA CLINICA Y DE LA SALUD
1720,PSICOPATOLOGIA Y PERSONALIDAD,,17:00 a 20:00 Edif C Salon 2,16:00 a 19:00 Edif C Salon 2,,,,MARQUEZ VERDUZCO DAVID,,PSICOLOGIA CLINICA Y DE LA SALUD
1721,TEORIAS PSICOLOGICAS DE LA SALUD,,,,,15:00 a 18:00 Edif C Salon 2,,GAMIOCHIPI CANO MIREYA,,PSICOLOGIA CLINICA Y DE LA SALUD
1722,TEORIAS Y SISTEMAS TERAPEUTICOS,,,,14:00 a 17:00 A 001,,,MEDINA GUTIERREZ MIGUEL ANGEL,,PSICOLOGIA CLINICA Y DE LA SALUD
Selecciona el semestre a consultar  ----------- 1er Semestre 	3er Semestre 	5to Semestre 	7mo Semestre  OPTATIVAS DE GENERO (Plan 2008)  OPTATIVAS,Selecciona el tipo de busqueda  ----------- Grupo 	Asignatura,Selecciona el campo del conocimiento  ----------- CIENCIAS COGNITIVAS Y DEL COMPORTAMIENTO 	PROCESOS PSICOSOCIALES Y CULTURALES 	PSICOBIOLOGIA Y NEUROCIENCIAS 	PSICOLOGIA CLINICA Y DE LA SALUD 	PSICOLOGIA DE LA EDUCACION 	PSICOLOGIA ORGANIZACIONAL 	CONTEXTUAL,,,,,,,,PSICOLOGIA DE LA EDUCACION
,,,,,,,,,,PSICOLOGIA DE LA EDUCACION
,,,,,,,,,,PSICOLOGIA DE LA EDUCACION
Grupo 7501  CLAVE  ASIGNATURA  LUNES  MARTES  MIERCOLES  JUEVES  VIERNES  SABADO  PROFESOR  OBSERVACIONES  1727  ANALISIS DEL SISTEM. EDUC.MEXICANO  08:00 a 11:00 A 211  DELGADO CERVANTES NORMA GEORGINA  1728  INDUCC.A LA INTERVEN.EN EDUCACION  08:00 a 13:00 AULA PENDIENTE  08:00 a 13:00 Edif C Salon 4  PROFESOR PENDIENTE LA ASIGNATURA ES IMPARTIDA POR LA MTRA. CECILIA MORALES GARDUñO  1729  INVESTIGAC.CUALITATIVA EN EDUCAC.  11:00 a 14:00 A 211  ALATORRE RICO JAVIER  1730  NUEVAS TECNOLOGIAS EN EDUCACION  16:00 a 19:00 A 202  DIAZ BARRIGA ARCEO FRIDA  Grupo 7502  CLAVE  ASIGNATURA  LUNES  MARTES  MIERCOLES  JUEVES  VIERNES  SABADO  PROFESOR  OBSERVACIONES  1727  ANALISIS DEL SISTEM. EDUC.MEXICANO  11:00 a 14:00 A 202  FIERRO LUNA FERNANDO  1729  INVESTIGAC.CUALITATIVA EN EDUCAC.  11:00 a 14:00 A 202  RIGO LEMINI MARCO ANTONIO  1730  NUEVAS TECNOLOGIAS EN EDUCACION  11:00 a 14:00 A 202  RIGO LEMINI MARCO ANTONIO  Grupo 7503  CLAVE  ASIGNATURA  LUNES  MARTES  MIERCOLES  JUEVES  VIERNES  SABADO  PROFESOR  OBSERVACIONES  1727  ANALISIS DEL SISTEM. EDUC.MEXICANO  11:00 a 14:00 A 204  GARCIA VIGIL MARIA HORTENSIA  1728  INDUCC.A LA INTERVEN.EN EDUCACION  09:00 a 14:00 UDEMAT Edif A  09:00 a 14:00 UDEMAT Edif A  LOPEZ RAMIREZ JOSE LUIS  1730  NUEVAS TECNOLOGIAS EN EDUCACION  16:00 a 19:00 A 204  GUZMAN CEDILLO YUNUEN IXCHEL  Grupo 7504  CLAVE  ASIGNATURA  LUNES  MARTES  MIERCOLES  JUEVES  VIERNES  SABADO  PROFESOR  OBSERVACIONES  1727  ANALISIS DEL SISTEM. EDUC.MEXICANO  15:00 a 18:00 A 205  FIERRO LUNA FERNANDO  1728  INDUCC.A LA INTERVEN.EN EDUCACION  09:00 a 14:00 AULA PENDIENTE  09:00 a 14:00 AULA PENDIENTE  PROFESOR PENDIENTE LA ASIGNATURA ES IMPARTIDA POR LA DRA. ELISA SAAD DAYáN  1729  INVESTIGAC.CUALITATIVA EN EDUCAC.  16:00 a 19:00 A 204  MURIA VILA IRENE DANIELA  1730  NUEVAS TECNOLOGIAS EN EDUCACION  10:00 a 13:00 A 204  PROFESOR PENDIENTE Grupo 7505  CLAVE  ASIGNATURA  LUNES  MARTES  MIERCOLES  JUEVES  VIERNES  SABADO  PROFESOR  OBSERVACIONES  1727  ANALISIS DEL SISTEM. EDUC.MEXICANO  16:00 a 19:00 A 201  GARCIA VIGIL MARIA HORTENSIA  1728  INDUCC.A LA INTERVEN.EN EDUCACION  09:00 a 14:00 AULA PENDIENTE  09:00 a 14:00 AULA PENDIENTE  PROFESOR PENDIENTE LA ASIGNATURA ES IMPARTIDA POR EL MTRO. JAVIER ALATORRE RICO  Grupo 7506  CLAVE  ASIGNATURA  LUNES  MARTES  MIERCOLES  JUEVES  VIERNES  SABADO  PROFESOR  OBSERVACIONES  1727  ANALISIS DEL SISTEM. EDUC.MEXICANO  16:00 a 19:00 A 201  PROFESOR PENDIENTE 1728  INDUCC.A LA INTERVEN.EN EDUCACION  09:00 a 14:00 AULA PENDIENTE  09:00 a 14:00 AULA PENDIENTE  DELGADO CERVANTES NORMA GEORGINA  Grupo 7507  CLAVE  ASIGNATURA  LUNES  MARTES  MIERCOLES  JUEVES  VIERNES  SABADO  PROFESOR  OBSERVACIONES  1728  INDUCC.A LA INTERVEN.EN EDUCACION  10:00 a 15:00 AULA PENDIENTE  10:00 a 15:00 AULA PENDIENTE  RUBIO JIMENEZ ANA LUISA  Grupo 7508  CLAVE  ASIGNATURA  LUNES  MARTES  MIERCOLES  JUEVES  VIERNES  SABADO  PROFESOR  OBSERVACIONES  1728  INDUCC.A LA INTERVEN.EN EDUCACION  10:00 a 15:00 Edif C URIDES 2  10:00 a 15:00 Edif C URIDES 2  TORREBLANCA NAVARRO OMAR  Grupo 7509  CLAVE  ASIGNATURA  LUNES  MARTES  MIERCOLES  JUEVES  VIERNES  SABADO  PROFESOR  OBSERVACIONES  1728  INDUCC.A LA INTERVEN.EN EDUCACION  15:00 a 20:00 A 312  15:00 a 20:00 A 313  GUZMAN CEDILLO YUNUEN IXCHEL  Grupo 7510  CLAVE  ASIGNATURA  LUNES  MARTES  MIERCOLES  JUEVES  VIERNES  SABADO  PROFESOR  OBSERVACIONES  1728  INDUCC.A LA INTERVEN.EN EDUCACION  08:00 a 13:00 Edif B Sal. Juntas  08:00 a 13:00 Edif B Sal. Juntas  PROFESOR PENDIENTE LA ASIGNATURA ES IMPARTIDA POR EL MTRO. MATA ROSAS FERNANDO  Grupo 7511  CLAVE  ASIGNATURA  LUNES  MARTES  MIERCOLES  JUEVES  VIERNES  SABADO  PROFESOR  OBSERVACIONES  1729  INVESTIGAC.CUALITATIVA EN EDUCAC.  12:00 a 15:00 A 204  FIGUEROA CAMPOS MILAGROS,Grupo 7501  CLAVE  ASIGNATURA  LUNES  MARTES  MIERCOLES  JUEVES  VIERNES  SABADO  PROFESOR  OBSERVACIONES  1727  ANALISIS DEL SISTEM. EDUC.MEXICANO  08:00 a 11:00 A 211  DELGADO CERVANTES NORMA GEORGINA  1728  INDUCC.A LA INTERVEN.EN EDUCACION  08:00 a 13:00 AULA PENDIENTE  08:00 a 13:00 Edif C Salon 4  PROFESOR PENDIENTE LA ASIGNATURA ES IMPARTIDA POR LA MTRA. CECILIA MORALES GARDUñO  1729  INVESTIGAC.CUALITATIVA EN EDUCAC.  11:00 a 14:00 A 211  ALATORRE RICO JAVIER  1730  NUEVAS TECNOLOGIAS EN EDUCACION  16:00 a 19:00 A 202  DIAZ BARRIGA ARCEO FRIDA  Grupo 7502  CLAVE  ASIGNATURA  LUNES  MARTES  MIERCOLES  JUEVES  VIERNES  SABADO  PROFESOR  OBSERVACIONES  1727  ANALISIS DEL SISTEM. EDUC.MEXICANO  11:00 a 14:00 A 202  FIERRO LUNA FERNANDO  1729  INVESTIGAC.CUALITATIVA EN EDUCAC.  11:00 a 14:00 A 202  RIGO LEMINI MARCO ANTONIO  1730  NUEVAS TECNOLOGIAS EN EDUCACION  11:00 a 14:00 A 202  RIGO LEMINI MARCO ANTONIO  Grupo 7503  CLAVE  ASIGNATURA  LUNES  MARTES  MIERCOLES  JUEVES  VIERNES  SABADO  PROFESOR  OBSERVACIONES  1727  ANALISIS DEL SISTEM. EDUC.MEXICANO  11:00 a 14:00 A 204  GARCIA VIGIL MARIA HORTENSIA  1728  INDUCC.A LA INTERVEN.EN EDUCACION  09:00 a 14:00 UDEMAT Edif A  09:00 a 14:00 UDEMAT Edif A  LOPEZ RAMIREZ JOSE LUIS  1730  NUEVAS TECNOLOGIAS EN EDUCACION  16:00 a 19:00 A 204  GUZMAN CEDILLO YUNUEN IXCHEL  Grupo 7504  CLAVE  ASIGNATURA  LUNES  MARTES  MIERCOLES  JUEVES  VIERNES  SABADO  PROFESOR  OBSERVACIONES  1727  ANALISIS DEL SISTEM. EDUC.MEXICANO  15:00 a 18:00 A 205  FIERRO LUNA FERNANDO  1728  INDUCC.A LA INTERVEN.EN EDUCACION  09:00 a 14:00 AULA PENDIENTE  09:00 a 14:00 AULA PENDIENTE  PROFESOR PENDIENTE LA ASIGNATURA ES IMPARTIDA POR LA DRA. ELISA SAAD DAYáN  1729  INVESTIGAC.CUALITATIVA EN EDUCAC.  16:00 a 19:00 A 204  MURIA VILA IRENE DANIELA  1730  NUEVAS TECNOLOGIAS EN EDUCACION  10:00 a 13:00 A 204  PROFESOR PENDIENTE Grupo 7505  CLAVE  ASIGNATURA  LUNES  MARTES  MIERCOLES  JUEVES  VIERNES  SABADO  PROFESOR  OBSERVACIONES  1727  ANALISIS DEL SISTEM. EDUC.MEXICANO  16:00 a 19:00 A 201  GARCIA VIGIL MARIA HORTENSIA  1728  INDUCC.A LA INTERVEN.EN EDUCACION  09:00 a 14:00 AULA PENDIENTE  09:00 a 14:00 AULA PENDIENTE  PROFESOR PENDIENTE LA ASIGNATURA ES IMPARTIDA POR EL MTRO. JAVIER ALATORRE RICO  Grupo 7506  CLAVE  ASIGNATURA  LUNES  MARTES  MIERCOLES  JUEVES  VIERNES  SABADO  PROFESOR  OBSERVACIONES  1727  ANALISIS DEL SISTEM. EDUC.MEXICANO  16:00 a 19:00 A 201  PROFESOR PENDIENTE 1728  INDUCC.A LA INTERVEN.EN EDUCACION  09:00 a 14:00 AULA PENDIENTE  09:00 a 14:00 AULA PENDIENTE  DELGADO CERVANTES NORMA GEORGINA  Grupo 7507  CLAVE  ASIGNATURA  LUNES  MARTES  MIERCOLES  JUEVES  VIERNES  SABADO  PROFESOR  OBSERVACIONES  1728  INDUCC.A LA INTERVEN.EN EDUCACION  10:00 a 15:00 AULA PENDIENTE  10:00 a 15:00 AULA PENDIENTE  RUBIO JIMENEZ ANA LUISA  Grupo 7508  CLAVE  ASIGNATURA  LUNES  MARTES  MIERCOLES  JUEVES  VIERNES  SABADO  PROFESOR  OBSERVACIONES  1728  INDUCC.A LA INTERVEN.EN EDUCACION  10:00 a 15:00 Edif C URIDES 2  10:00 a 15:00 Edif C URIDES 2  TORREBLANCA NAVARRO OMAR  Grupo 7509  CLAVE  ASIGNATURA  LUNES  MARTES  MIERCOLES  JUEVES  VIERNES  SABADO  PROFESOR  OBSERVACIONES  1728  INDUCC.A LA INTERVEN.EN EDUCACION  15:00 a 20:00 A 312  15:00 a 20:00 A 313  GUZMAN CEDILLO YUNUEN IXCHEL  Grupo 7510  CLAVE  ASIGNATURA  LUNES  MARTES  MIERCOLES  JUEVES  VIERNES  SABADO  PROFESOR  OBSERVACIONES  1728  INDUCC.A LA INTERVEN.EN EDUCACION  08:00 a 13:00 Edif B Sal. Juntas  08:00 a 13:00 Edif B Sal. Juntas  PROFESOR PENDIENTE LA ASIGNATURA ES IMPARTIDA POR EL MTRO. MATA ROSAS FERNANDO  Grupo 7511  CLAVE  ASIGNATURA  LUNES  MARTES  MIERCOLES  JUEVES  VIERNES  SABADO  PROFESOR  OBSERVACIONES  1729  INVESTIGAC.CUALITATIVA EN EDUCAC.  12:00 a 15:00 A 204  FIGUEROA CAMPOS MILAGROS,Grupo 7501  CLAVE  ASIGNATURA  LUNES  MARTES  MIERCOLES  JUEVES  VIERNES  SABADO  PROFESOR  OBSERVACIONES  1727  ANALISIS DEL SISTEM. EDUC.MEXICANO  08:00 a 11:00 A 211  DELGADO CERVANTES NORMA GEORGINA  1728  INDUCC.A LA INTERVEN.EN EDUCACION  08:00 a 13:00 AULA PENDIENTE  08:00 a 13:00 Edif C Salon 4  PROFESOR PENDIENTE LA ASIGNATURA ES IMPARTIDA POR LA MTRA. CECILIA MORALES GARDUñO  1729  INVESTIGAC.CUALITATIVA EN EDUCAC.  11:00 a 14:00 A 211  ALATORRE RICO JAVIER  1730  NUEVAS TECNOLOGIAS EN EDUCACION  16:00 a 19:00 A 202  DIAZ BARRIGA ARCEO FRIDA  Grupo 7502  CLAVE  ASIGNATURA  LUNES  MARTES  MIERCOLES  JUEVES  VIERNES  SABADO  PROFESOR  OBSERVACIONES  1727  ANALISIS DEL SISTEM. EDUC.MEXICANO  11:00 a 14:00 A 202  FIERRO LUNA FERNANDO  1729  INVESTIGAC.CUALITATIVA EN EDUCAC.  11:00 a 14:00 A 202  RIGO LEMINI MARCO ANTONIO  1730  NUEVAS TECNOLOGIAS EN EDUCACION  11:00 a 14:00 A 202  RIGO LEMINI MARCO ANTONIO  Grupo 7503  CLAVE  ASIGNATURA  LUNES  MARTES  MIERCOLES  JUEVES  VIERNES  SABADO  PROFESOR  OBSERVACIONES  1727  ANALISIS DEL SISTEM. EDUC.MEXICANO  11:00 a 14:00 A 204  GARCIA VIGIL MARIA HORTENSIA  1728  INDUCC.A LA INTERVEN.EN EDUCACION  09:00 a 14:00 UDEMAT Edif A  09:00 a 14:00 UDEMAT Edif A  LOPEZ RAMIREZ JOSE LUIS  1730  NUEVAS TECNOLOGIAS EN EDUCACION  16:00 a 19:00 A 204  GUZMAN CEDILLO YUNUEN IXCHEL  Grupo 7504  CLAVE  ASIGNATURA  LUNES  MARTES  MIERCOLES  JUEVES  VIERNES  SABADO  PROFESOR  OBSERVACIONES  1727  ANALISIS DEL SISTEM. EDUC.MEXICANO  15:00 a 18:00 A 205  FIERRO LUNA FERNANDO  1728  INDUCC.A LA INTERVEN.EN EDUCACION  09:00 a 14:00 AULA PENDIENTE  09:00 a 14:00 AULA PENDIENTE  PROFESOR PENDIENTE LA ASIGNATURA ES IMPARTIDA POR LA DRA. ELISA SAAD DAYáN  1729  INVESTIGAC.CUALITATIVA EN EDUCAC.  16:00 a 19:00 A 204  MURIA VILA IRENE DANIELA  1730  NUEVAS TECNOLOGIAS EN EDUCACION  10:00 a 13:00 A 204  PROFESOR PENDIENTE Grupo 7505  CLAVE  ASIGNATURA  LUNES  MARTES  MIERCOLES  JUEVES  VIERNES  SABADO  PROFESOR  OBSERVACIONES  1727  ANALISIS DEL SISTEM. EDUC.MEXICANO  16:00 a 19:00 A 201  GARCIA VIGIL MARIA HORTENSIA  1728  INDUCC.A LA INTERVEN.EN EDUCACION  09:00 a 14:00 AULA PENDIENTE  09:00 a 14:00 AULA PENDIENTE  PROFESOR PENDIENTE LA ASIGNATURA ES IMPARTIDA POR EL MTRO. JAVIER ALATORRE RICO  Grupo 7506  CLAVE  ASIGNATURA  LUNES  MARTES  MIERCOLES  JUEVES  VIERNES  SABADO  PROFESOR  OBSERVACIONES  1727  ANALISIS DEL SISTEM. EDUC.MEXICANO  16:00 a 19:00 A 201  PROFESOR PENDIENTE 1728  INDUCC.A LA INTERVEN.EN EDUCACION  09:00 a 14:00 AULA PENDIENTE  09:00 a 14:00 AULA PENDIENTE  DELGADO CERVANTES NORMA GEORGINA  Grupo 7507  CLAVE  ASIGNATURA  LUNES  MARTES  MIERCOLES  JUEVES  VIERNES  SABADO  PROFESOR  OBSERVACIONES  1728  INDUCC.A LA INTERVEN.EN EDUCACION  10:00 a 15:00 AULA PENDIENTE  10:00 a 15:00 AULA PENDIENTE  RUBIO JIMENEZ ANA LUISA  Grupo 7508  CLAVE  ASIGNATURA  LUNES  MARTES  MIERCOLES  JUEVES  VIERNES  SABADO  PROFESOR  OBSERVACIONES  1728  INDUCC.A LA INTERVEN.EN EDUCACION  10:00 a 15:00 Edif C URIDES 2  10:00 a 15:00 Edif C URIDES 2  TORREBLANCA NAVARRO OMAR  Grupo 7509  CLAVE  ASIGNATURA  LUNES  MARTES  MIERCOLES  JUEVES  VIERNES  SABADO  PROFESOR  OBSERVACIONES  1728  INDUCC.A LA INTERVEN.EN EDUCACION  15:00 a 20:00 A 312  15:00 a 20:00 A 313  GUZMAN CEDILLO YUNUEN IXCHEL  Grupo 7510  CLAVE  ASIGNATURA  LUNES  MARTES  MIERCOLES  JUEVES  VIERNES  SABADO  PROFESOR  OBSERVACIONES  1728  INDUCC.A LA INTERVEN.EN EDUCACION  08:00 a 13:00 Edif B Sal. Juntas  08:00 a 13:00 Edif B Sal. Juntas  PROFESOR PENDIENTE LA ASIGNATURA ES IMPARTIDA POR EL MTRO. MATA ROSAS FERNANDO  Grupo 7511  CLAVE  ASIGNATURA  LUNES  MARTES  MIERCOLES  JUEVES  VIERNES  SABADO  PROFESOR  OBSERVACIONES  1729  INVESTIGAC.CUALITATIVA EN EDUCAC.  12:00 a 15:00 A 204  FIGUEROA CAMPOS MILAGROS,,,,,,,,PSICOLOGIA DE LA EDUCACION
Grupo 7501,Grupo 7501,Grupo 7501,Grupo 7501,Grupo 7501,Grupo 7501,Grupo 7501,Grupo 7501,Grupo 7501,Grupo 7501,PSICOLOGIA DE LA EDUCACION
CLAVE,ASIGNATURA,LUNES,MARTES,MIERCOLES,JUEVES,VIERNES,SABADO,PROFESOR,OBSERVACIONES,PSICOLOGIA DE LA EDUCACION
1727,ANALISIS DEL SISTEM. EDUC.MEXICANO,08:00 a 11:00 A 211,,,,,,DELGADO CERVANTES NORMA GEORGINA,,PSICOLOGIA DE LA EDUCACION
1728,INDUCC.A LA INTERVEN.EN EDUCACION,,08:00 a 13:00 AULA PENDIENTE,,08:00 a 13:00 Edif C Salon 4,,,PROFESOR PENDIENTE,LA ASIGNATURA ES IMPARTIDA POR LA MTRA. CECILIA MORALES GARDUñO,PSICOLOGIA DE LA EDUCACION
1729,INVESTIGAC.CUALITATIVA EN EDUCAC.,11:00 a 14:00 A 211,,,,,,ALATORRE RICO JAVIER,,PSICOLOGIA DE LA EDUCACION
1730,NUEVAS TECNOLOGIAS EN EDUCACION,16:00 a 19:00 A 202,,,,,,DIAZ BARRIGA ARCEO FRIDA,,PSICOLOGIA DE LA EDUCACION
Grupo 7502,Grupo 7502,Grupo 7502,Grupo 7502,Grupo 7502,Grupo 7502,Grupo 7502,Grupo 7502,Grupo 7502,Grupo 7502,PSICOLOGIA DE LA EDUCACION
CLAVE,ASIGNATURA,LUNES,MARTES,MIERCOLES,JUEVES,VIERNES,SABADO,PROFESOR,OBSERVACIONES,PSICOLOGIA DE LA EDUCACION
1727,ANALISIS DEL SISTEM. EDUC.MEXICANO,,11:00 a 14:00 A 202,,,,,FIERRO LUNA FERNANDO,,PSICOLOGIA DE LA EDUCACION
1729,INVESTIGAC.CUALITATIVA EN EDUCAC.,,,11:00 a 14:00 A 202,,,,RIGO LEMINI MARCO ANTONIO,,PSICOLOGIA DE LA EDUCACION
1730,NUEVAS TECNOLOGIAS EN EDUCACION,,,,,11:00 a 14:00 A 202,,RIGO LEMINI MARCO ANTONIO,,PSICOLOGIA DE LA EDUCACION
Grupo 7503,Grupo 7503,Grupo 7503,Grupo 7503,Grupo 7503,Grupo 7503,Grupo 7503,Grupo 7503,Grupo 7503,Grupo 7503,PSICOLOGIA DE LA EDUCACION
CLAVE,ASIGNATURA,LUNES,MARTES,MIERCOLES,JUEVES,VIERNES,SABADO,PROFESOR,OBSERVACIONES,PSICOLOGIA DE LA EDUCACION
1727,ANALISIS DEL SISTEM. EDUC.MEXICANO,,,11:00 a 14:00 A 204,,,,GARCIA VIGIL MARIA HORTENSIA,,PSICOLOGIA DE LA EDUCACION
1728,INDUCC.A LA INTERVEN.EN EDUCACION,,09:00 a 14:00 UDEMAT Edif A,,09:00 a 14:00 UDEMAT Edif A,,,LOPEZ RAMIREZ JOSE LUIS,,PSICOLOGIA DE LA EDUCACION
1730,NUEVAS TECNOLOGIAS EN EDUCACION,,,,,16:00 a 19:00 A 204,,GUZMAN CEDILLO YUNUEN IXCHEL,,PSICOLOGIA DE LA EDUCACION
Grupo 7504,Grupo 7504,Grupo 7504,Grupo 7504,Grupo 7504,Grupo 7504,Grupo 7504,Grupo 7504,Grupo 7504,Grupo 7504,PSICOLOGIA DE LA EDUCACION
CLAVE,ASIGNATURA,LUNES,MARTES,MIERCOLES,JUEVES,VIERNES,SABADO,PROFESOR,OBSERVACIONES,PSICOLOGIA DE LA EDUCACION
1727,ANALISIS DEL SISTEM. EDUC.MEXICANO,,,,,15:00 a 18:00 A 205,,FIERRO LUNA FERNANDO,,PSICOLOGIA DE LA EDUCACION
1728,INDUCC.A LA INTERVEN.EN EDUCACION,,09:00 a 14:00 AULA PENDIENTE,,09:00 a 14:00 AULA PENDIENTE,,,PROFESOR PENDIENTE,LA ASIGNATURA ES IMPARTIDA POR LA DRA. ELISA SAAD DAYáN,PSICOLOGIA DE LA EDUCACION
1729,INVESTIGAC.CUALITATIVA EN EDUCAC.,,,16:00 a 19:00 A 204,,,,MURIA VILA IRENE DANIELA,,PSICOLOGIA DE LA EDUCACION
1730,NUEVAS TECNOLOGIAS EN EDUCACION,10:00 a 13:00 A 204,,,,,,PROFESOR PENDIENTE,,PSICOLOGIA DE LA EDUCACION
Grupo 7505,Grupo 7505,Grupo 7505,Grupo 7505,Grupo 7505,Grupo 7505,Grupo 7505,Grupo 7505,Grupo 7505,Grupo 7505,PSICOLOGIA DE LA EDUCACION
CLAVE,ASIGNATURA,LUNES,MARTES,MIERCOLES,JUEVES,VIERNES,SABADO,PROFESOR,OBSERVACIONES,PSICOLOGIA DE LA EDUCACION
1727,ANALISIS DEL SISTEM. EDUC.MEXICANO,,,16:00 a 19:00 A 201,,,,GARCIA VIGIL MARIA HORTENSIA,,PSICOLOGIA DE LA EDUCACION
1728,INDUCC.A LA INTERVEN.EN EDUCACION,,09:00 a 14:00 AULA PENDIENTE,,09:00 a 14:00 AULA PENDIENTE,,,PROFESOR PENDIENTE,LA ASIGNATURA ES IMPARTIDA POR EL MTRO. JAVIER ALATORRE RICO,PSICOLOGIA DE LA EDUCACION
Grupo 7506,Grupo 7506,Grupo 7506,Grupo 7506,Grupo 7506,Grupo 7506,Grupo 7506,Grupo 7506,Grupo 7506,Grupo 7506,PSICOLOGIA DE LA EDUCACION
CLAVE,ASIGNATURA,LUNES,MARTES,MIERCOLES,JUEVES,VIERNES,SABADO,PROFESOR,OBSERVACIONES,PSICOLOGIA DE LA EDUCACION
1727,ANALISIS DEL SISTEM. EDUC.MEXICANO,,,,16:00 a 19:00 A 201,,,PROFESOR PENDIENTE,,PSICOLOGIA DE LA EDUCACION
1728,INDUCC.A LA INTERVEN.EN EDUCACION,,09:00 a 14:00 AULA PENDIENTE,,09:00 a 14:00 AULA PENDIENTE,,,DELGADO CERVANTES NORMA GEORGINA,,PSICOLOGIA DE LA EDUCACION
Grupo 7507,Grupo 7507,Grupo 7507,Grupo 7507,Grupo 7507,Grupo 7507,Grupo 7507,Grupo 7507,Grupo 7507,Grupo 7507,PSICOLOGIA DE LA EDUCACION
CLAVE,ASIGNATURA,LUNES,MARTES,MIERCOLES,JUEVES,VIERNES,SABADO,PROFESOR,OBSERVACIONES,PSICOLOGIA DE LA EDUCACION
1728,INDUCC.A LA INTERVEN.EN EDUCACION,,10:00 a 15:00 AULA PENDIENTE,,10:00 a 15:00 AULA PENDIENTE,,,RUBIO JIMENEZ ANA LUISA,,PSICOLOGIA DE LA EDUCACION
Grupo 7508,Grupo 7508,Grupo 7508,Grupo 7508,Grupo 7508,Grupo 7508,Grupo 7508,Grupo 7508,Grupo 7508,Grupo 7508,PSICOLOGIA DE LA EDUCACION
CLAVE,ASIGNATURA,LUNES,MARTES,MIERCOLES,JUEVES,VIERNES,SABADO,PROFESOR,OBSERVACIONES,PSICOLOGIA DE LA EDUCACION
1728,INDUCC.A LA INTERVEN.EN EDUCACION,,10:00 a 15:00 Edif C URIDES 2,,10:00 a 15:00 Edif C URIDES 2,,,TORREBLANCA NAVARRO OMAR,,PSICOLOGIA DE LA EDUCACION
Grupo 7509,Grupo 7509,Grupo 7509,Grupo 7509,Grupo 7509,Grupo 7509,Grupo 7509,Grupo 7509,Grupo 7509,Grupo 7509,PSICOLOGIA DE LA EDUCACION
CLAVE,ASIGNATURA,LUNES,MARTES,MIERCOLES,JUEVES,VIERNES,SABADO,PROFESOR,OBSERVACIONES,PSICOLOGIA DE LA EDUCACION
1728,INDUCC.A LA INTERVEN.EN EDUCACION,,15:00 a 20:00 A 312,,15:00 a 20:00 A 313,,,GUZMAN CEDILLO YUNUEN IXCHEL,,PSICOLOGIA DE LA EDUCACION
Grupo 7510,Grupo 7510,Grupo 7510,Grupo 7510,Grupo 7510,Grupo 7510,Grupo 7510,Grupo 7510,Grupo 7510,Grupo 7510,PSICOLOGIA DE LA EDUCACION
CLAVE,ASIGNATURA,LUNES,MARTES,MIERCOLES,JUEVES,VIERNES,SABADO,PROFESOR,OBSERVACIONES,PSICOLOGIA DE LA EDUCACION
1728,INDUCC.A LA INTERVEN.EN EDUCACION,,08:00 a 13:00 Edif B Sal. Juntas,,08:00 a 13:00 Edif B Sal. Juntas,,,PROFESOR PENDIENTE,LA ASIGNATURA ES IMPARTIDA POR EL MTRO. MATA ROSAS FERNANDO,PSICOLOGIA DE LA EDUCACION
Grupo 7511,Grupo 7511,Grupo 7511,Grupo 7511,Grupo 7511,Grupo 7511,Grupo 7511,Grupo 7511,Grupo 7511,Grupo 7511,PSICOLOGIA DE LA EDUCACION
CLAVE,ASIGNATURA,LUNES,MARTES,MIERCOLES,JUEVES,VIERNES,SABADO,PROFESOR,OBSERVACIONES,PSICOLOGIA DE LA EDUCACION
1729,INVESTIGAC.CUALITATIVA EN EDUCAC.,,12:00 a 15:00 A 204,,,,,FIGUEROA CAMPOS MILAGROS,,PSICOLOGIA DE LA EDUCACION
Selecciona el semestre a consultar  ----------- 1er Semestre 	3er Semestre 	5to Semestre 	7mo Semestre  OPTATIVAS DE GENERO (Plan 2008)  OPTATIVAS,Selecciona el tipo de busqueda  ----------- Grupo 	Asignatura,Selecciona el campo del conocimiento  ----------- CIENCIAS COGNITIVAS Y DEL COMPORTAMIENTO 	PROCESOS PSICOSOCIALES Y CULTURALES 	PSICOBIOLOGIA Y NEUROCIENCIAS 	PSICOLOGIA CLINICA Y DE LA SALUD 	PSICOLOGIA DE LA EDUCACION 	PSICOLOGIA ORGANIZACIONAL 	CONTEXTUAL,,,,,,,,PSICOLOGIA ORGANIZACIONAL
,,,,,,,,,,PSICOLOGIA ORGANIZACIONAL
,,,,,,,,,,PSICOLOGIA ORGANIZACIONAL
Grupo 7601  CLAVE  ASIGNATURA  LUNES  MARTES  MIERCOLES  JUEVES  VIERNES  SABADO  PROFESOR  OBSERVACIONES  1723  CAPACITAC.Y DESARR.DE PERSONAL III  08:00 a 11:00 A 102  08:00 a 11:00 A 102  VILLAVICENCIO AYUB ERIKA ROSALIA  1724  ELABORACION D PRUEBAS INDUSTRIALES  09:00 a 14:00 A 301  CASALES LEON ANGEL GABINO  1725  INTEGRACION DE PERSONAL II  09:00 a 12:00 A 211  09:00 a 12:00 A 211  PENICHE AMANTE RODRIGO  1726  RELACIONES LABORALES  10:00 a 13:00 A 211  PUENTE LOMELIN ARTURO  Grupo 7602  CLAVE  ASIGNATURA  LUNES  MARTES  MIERCOLES  JUEVES  VIERNES  SABADO  PROFESOR  OBSERVACIONES  1724  ELABORACION D PRUEBAS INDUSTRIALES  11:00 a 14:00 A 002  11:00 a 13:00 B 17  PATLAN PEREZ JUANA  1725  INTEGRACION DE PERSONAL II  09:00 a 12:00 B 07  09:00 a 12:00 A 211  PACHECO LAPIEDRA ROSA  Grupo 7603  CLAVE  ASIGNATURA  LUNES  MARTES  MIERCOLES  JUEVES  VIERNES  SABADO  PROFESOR  OBSERVACIONES  1725  INTEGRACION DE PERSONAL II  11:00 a 14:00 B 17  10:00 a 13:00 B 17  VALLE GOMEZ MIRNA ROCIO  1726  RELACIONES LABORALES  10:00 a 13:00 B 17  MARTINEZ MEJIA EMMANUEL  Grupo 7604  CLAVE  ASIGNATURA  LUNES  MARTES  MIERCOLES  JUEVES  VIERNES  SABADO  PROFESOR  OBSERVACIONES  1724  ELABORACION D PRUEBAS INDUSTRIALES  10:00 a 15:00 A 301  MARTINEZ MEJIA EMMANUEL  1725  INTEGRACION DE PERSONAL II  12:00 a 15:00 B 07  12:00 a 15:00 Edif C Salon 1  PACHECO LAPIEDRA ROSA  Grupo 7605  CLAVE  ASIGNATURA  LUNES  MARTES  MIERCOLES  JUEVES  VIERNES  SABADO  PROFESOR  OBSERVACIONES  1725  INTEGRACION DE PERSONAL II  09:00 a 12:00 A 304  11:00 a 14:00 A 101  RODRIGUEZ RODRIGUEZ CLARA IVONNE  1726  RELACIONES LABORALES  11:00 a 14:00 A 314  RIVERA GARCIA JORGE LUIS  Grupo 7606  CLAVE  ASIGNATURA  LUNES  MARTES  MIERCOLES  JUEVES  VIERNES  SABADO  PROFESOR  OBSERVACIONES  1724  ELABORACION D PRUEBAS INDUSTRIALES  12:00 a 15:00 A 101  12:00 a 14:00 A 314  GARCIA SAISO ALEJANDRA  Grupo 7607  CLAVE  ASIGNATURA  LUNES  MARTES  MIERCOLES  JUEVES  VIERNES  SABADO  PROFESOR  OBSERVACIONES  1723  CAPACITAC.Y DESARR.DE PERSONAL III  14:00 a 17:00 A 102  14:00 a 17:00 A 102  SOUZA COLIN ERIKA  1724  ELABORACION D PRUEBAS INDUSTRIALES  15:00 a 20:00 A 110  IREPAN AGUILAR MARICELA  1726  RELACIONES LABORALES  16:00 a 19:00 A 304  PUENTE LOMELIN ARTURO  Grupo 7608  CLAVE  ASIGNATURA  LUNES  MARTES  MIERCOLES  JUEVES  VIERNES  SABADO  PROFESOR  OBSERVACIONES  1724  ELABORACION D PRUEBAS INDUSTRIALES  16:00 a 19:00 A 001  16:00 a 18:00 A 002  PATLAN PEREZ JUANA  1726  RELACIONES LABORALES  15:00 a 18:00 A 302  MARTINEZ MEJIA EMMANUEL  Grupo 7609  CLAVE  ASIGNATURA  LUNES  MARTES  MIERCOLES  JUEVES  VIERNES  SABADO  PROFESOR  OBSERVACIONES  1724  ELABORACION D PRUEBAS INDUSTRIALES  15:00 a 17:00 A 204  16:00 a 19:00 A 204  SALVADOR GINEZ OCTAVIO  Grupo 7610  CLAVE  ASIGNATURA  LUNES  MARTES  MIERCOLES  JUEVES  VIERNES  SABADO  PROFESOR  OBSERVACIONES  1726  RELACIONES LABORALES  15:00 a 18:00 A 205  VILLAVICENCIO CARRANZA MIGUEL ALEJANDRO  Grupo 7611  CLAVE  ASIGNATURA  LUNES  MARTES  MIERCOLES  JUEVES  VIERNES  SABADO  PROFESOR  OBSERVACIONES  1725  INTEGRACION DE PERSONAL II  17:00 a 20:00 A 211  17:00 a 20:00 A 102  RIVERA GARCIA JORGE LUIS,Grupo 7601  CLAVE  ASIGNATURA  LUNES  MARTES  MIERCOLES  JUEVES  VIERNES  SABADO  PROFESOR  OBSERVACIONES  1723  CAPACITAC.Y DESARR.DE PERSONAL III  08:00 a 11:00 A 102  08:00 a 11:00 A 102  VILLAVICENCIO AYUB ERIKA ROSALIA  1724  ELABORACION D PRUEBAS INDUSTRIALES  09:00 a 14:00 A 301  CASALES LEON ANGEL GABINO  1725  INTEGRACION DE PERSONAL II  09:00 a 12:00 A 211  09:00 a 12:00 A 211  PENICHE AMANTE RODRIGO  1726  RELACIONES LABORALES  10:00 a 13:00 A 211  PUENTE LOMELIN ARTURO  Grupo 7602  CLAVE  ASIGNATURA  LUNES  MARTES  MIERCOLES  JUEVES  VIERNES  SABADO  PROFESOR  OBSERVACIONES  1724  ELABORACION D PRUEBAS INDUSTRIALES  11:00 a 14:00 A 002  11:00 a 13:00 B 17  PATLAN PEREZ JUANA  1725  INTEGRACION DE PERSONAL II  09:00 a 12:00 B 07  09:00 a 12:00 A 211  PACHECO LAPIEDRA ROSA  Grupo 7603  CLAVE  ASIGNATURA  LUNES  MARTES  MIERCOLES  JUEVES  VIERNES  SABADO  PROFESOR  OBSERVACIONES  1725  INTEGRACION DE PERSONAL II  11:00 a 14:00 B 17  10:00 a 13:00 B 17  VALLE GOMEZ MIRNA ROCIO  1726  RELACIONES LABORALES  10:00 a 13:00 B 17  MARTINEZ MEJIA EMMANUEL  Grupo 7604  CLAVE  ASIGNATURA  LUNES  MARTES  MIERCOLES  JUEVES  VIERNES  SABADO  PROFESOR  OBSERVACIONES  1724  ELABORACION D PRUEBAS INDUSTRIALES  10:00 a 15:00 A 301  MARTINEZ MEJIA EMMANUEL  1725  INTEGRACION DE PERSONAL II  12:00 a 15:00 B 07  12:00 a 15:00 Edif C Salon 1  PACHECO LAPIEDRA ROSA  Grupo 7605  CLAVE  ASIGNATURA  LUNES  MARTES  MIERCOLES  JUEVES  VIERNES  SABADO  PROFESOR  OBSERVACIONES  1725  INTEGRACION DE PERSONAL II  09:00 a 12:00 A 304  11:00 a 14:00 A 101  RODRIGUEZ RODRIGUEZ CLARA IVONNE  1726  RELACIONES LABORALES  11:00 a 14:00 A 314  RIVERA GARCIA JORGE LUIS  Grupo 7606  CLAVE  ASIGNATURA  LUNES  MARTES  MIERCOLES  JUEVES  VIERNES  SABADO  PROFESOR  OBSERVACIONES  1724  ELABORACION D PRUEBAS INDUSTRIALES  12:00 a 15:00 A 101  12:00 a 14:00 A 314  GARCIA SAISO ALEJANDRA  Grupo 7607  CLAVE  ASIGNATURA  LUNES  MARTES  MIERCOLES  JUEVES  VIERNES  SABADO  PROFESOR  OBSERVACIONES  1723  CAPACITAC.Y DESARR.DE PERSONAL III  14:00 a 17:00 A 102  14:00 a 17:00 A 102  SOUZA COLIN ERIKA  1724  ELABORACION D PRUEBAS INDUSTRIALES  15:00 a 20:00 A 110  IREPAN AGUILAR MARICELA  1726  RELACIONES LABORALES  16:00 a 19:00 A 304  PUENTE LOMELIN ARTURO  Grupo 7608  CLAVE  ASIGNATURA  LUNES  MARTES  MIERCOLES  JUEVES  VIERNES  SABADO  PROFESOR  OBSERVACIONES  1724  ELABORACION D PRUEBAS INDUSTRIALES  16:00 a 19:00 A 001  16:00 a 18:00 A 002  PATLAN PEREZ JUANA  1726  RELACIONES LABORALES  15:00 a 18:00 A 302  MARTINEZ MEJIA EMMANUEL  Grupo 7609  CLAVE  ASIGNATURA  LUNES  MARTES  MIERCOLES  JUEVES  VIERNES  SABADO  PROFESOR  OBSERVACIONES  1724  ELABORACION D PRUEBAS INDUSTRIALES  15:00 a 17:00 A 204  16:00 a 19:00 A 204  SALVADOR GINEZ OCTAVIO  Grupo 7610  CLAVE  ASIGNATURA  LUNES  MARTES  MIERCOLES  JUEVES  VIERNES  SABADO  PROFESOR  OBSERVACIONES  1726  RELACIONES LABORALES  15:00 a 18:00 A 205  VILLAVICENCIO CARRANZA MIGUEL ALEJANDRO  Grupo 7611  CLAVE  ASIGNATURA  LUNES  MARTES  MIERCOLES  JUEVES  VIERNES  SABADO  PROFESOR  OBSERVACIONES  1725  INTEGRACION DE PERSONAL II  17:00 a 20:00 A 211  17:00 a 20:00 A 102  RIVERA GARCIA JORGE LUIS,Grupo 7601  CLAVE  ASIGNATURA  LUNES  MARTES  MIERCOLES  JUEVES  VIERNES  SABADO  PROFESOR  OBSERVACIONES  1723  CAPACITAC.Y DESARR.DE PERSONAL III  08:00 a 11:00 A 102  08:00 a 11:00 A 102  VILLAVICENCIO AYUB ERIKA ROSALIA  1724  ELABORACION D PRUEBAS INDUSTRIALES  09:00 a 14:00 A 301  CASALES LEON ANGEL GABINO  1725  INTEGRACION DE PERSONAL II  09:00 a 12:00 A 211  09:00 a 12:00 A 211  PENICHE AMANTE RODRIGO  1726  RELACIONES LABORALES  10:00 a 13:00 A 211  PUENTE LOMELIN ARTURO  Grupo 7602  CLAVE  ASIGNATURA  LUNES  MARTES  MIERCOLES  JUEVES  VIERNES  SABADO  PROFESOR  OBSERVACIONES  1724  ELABORACION D PRUEBAS INDUSTRIALES  11:00 a 14:00 A 002  11:00 a 13:00 B 17  PATLAN PEREZ JUANA  1725  INTEGRACION DE PERSONAL II  09:00 a 12:00 B 07  09:00 a 12:00 A 211  PACHECO LAPIEDRA ROSA  Grupo 7603  CLAVE  ASIGNATURA  LUNES  MARTES  MIERCOLES  JUEVES  VIERNES  SABADO  PROFESOR  OBSERVACIONES  1725  INTEGRACION DE PERSONAL II  11:00 a 14:00 B 17  10:00 a 13:00 B 17  VALLE GOMEZ MIRNA ROCIO  1726  RELACIONES LABORALES  10:00 a 13:00 B 17  MARTINEZ MEJIA EMMANUEL  Grupo 7604  CLAVE  ASIGNATURA  LUNES  MARTES  MIERCOLES  JUEVES  VIERNES  SABADO  PROFESOR  OBSERVACIONES  1724  ELABORACION D PRUEBAS INDUSTRIALES  10:00 a 15:00 A 301  MARTINEZ MEJIA EMMANUEL  1725  INTEGRACION DE PERSONAL II  12:00 a 15:00 B 07  12:00 a 15:00 Edif C Salon 1  PACHECO LAPIEDRA ROSA  Grupo 7605  CLAVE  ASIGNATURA  LUNES  MARTES  MIERCOLES  JUEVES  VIERNES  SABADO  PROFESOR  OBSERVACIONES  1725  INTEGRACION DE PERSONAL II  09:00 a 12:00 A 304  11:00 a 14:00 A 101  RODRIGUEZ RODRIGUEZ CLARA IVONNE  1726  RELACIONES LABORALES  11:00 a 14:00 A 314  RIVERA GARCIA JORGE LUIS  Grupo 7606  CLAVE  ASIGNATURA  LUNES  MARTES  MIERCOLES  JUEVES  VIERNES  SABADO  PROFESOR  OBSERVACIONES  1724  ELABORACION D PRUEBAS INDUSTRIALES  12:00 a 15:00 A 101  12:00 a 14:00 A 314  GARCIA SAISO ALEJANDRA  Grupo 7607  CLAVE  ASIGNATURA  LUNES  MARTES  MIERCOLES  JUEVES  VIERNES  SABADO  PROFESOR  OBSERVACIONES  1723  CAPACITAC.Y DESARR.DE PERSONAL III  14:00 a 17:00 A 102  14:00 a 17:00 A 102  SOUZA COLIN ERIKA  1724  ELABORACION D PRUEBAS INDUSTRIALES  15:00 a 20:00 A 110  IREPAN AGUILAR MARICELA  1726  RELACIONES LABORALES  16:00 a 19:00 A 304  PUENTE LOMELIN ARTURO  Grupo 7608  CLAVE  ASIGNATURA  LUNES  MARTES  MIERCOLES  JUEVES  VIERNES  SABADO  PROFESOR  OBSERVACIONES  1724  ELABORACION D PRUEBAS INDUSTRIALES  16:00 a 19:00 A 001  16:00 a 18:00 A 002  PATLAN PEREZ JUANA  1726  RELACIONES LABORALES  15:00 a 18:00 A 302  MARTINEZ MEJIA EMMANUEL  Grupo 7609  CLAVE  ASIGNATURA  LUNES  MARTES  MIERCOLES  JUEVES  VIERNES  SABADO  PROFESOR  OBSERVACIONES  1724  ELABORACION D PRUEBAS INDUSTRIALES  15:00 a 17:00 A 204  16:00 a 19:00 A 204  SALVADOR GINEZ OCTAVIO  Grupo 7610  CLAVE  ASIGNATURA  LUNES  MARTES  MIERCOLES  JUEVES  VIERNES  SABADO  PROFESOR  OBSERVACIONES  1726  RELACIONES LABORALES  15:00 a 18:00 A 205  VILLAVICENCIO CARRANZA MIGUEL ALEJANDRO  Grupo 7611  CLAVE  ASIGNATURA  LUNES  MARTES  MIERCOLES  JUEVES  VIERNES  SABADO  PROFESOR  OBSERVACIONES  1725  INTEGRACION DE PERSONAL II  17:00 a 20:00 A 211  17:00 a 20:00 A 102  RIVERA GARCIA JORGE LUIS,,,,,,,,PSICOLOGIA ORGANIZACIONAL
Grupo 7601,Grupo 7601,Grupo 7601,Grupo 7601,Grupo 7601,Grupo 7601,Grupo 7601,Grupo 7601,Grupo 7601,Grupo 7601,PSICOLOGIA ORGANIZACIONAL
CLAVE,ASIGNATURA,LUNES,MARTES,MIERCOLES,JUEVES,VIERNES,SABADO,PROFESOR,OBSERVACIONES,PSICOLOGIA ORGANIZACIONAL
1723,CAPACITAC.Y DESARR.DE PERSONAL III,08:00 a 11:00 A 102,,08:00 a 11:00 A 102,,,,VILLAVICENCIO AYUB ERIKA ROSALIA,,PSICOLOGIA ORGANIZACIONAL
1724,ELABORACION D PRUEBAS INDUSTRIALES,,,,,,09:00 a 14:00 A 301,CASALES LEON ANGEL GABINO,,PSICOLOGIA ORGANIZACIONAL
1725,INTEGRACION DE PERSONAL II,,09:00 a 12:00 A 211,,09:00 a 12:00 A 211,,,PENICHE AMANTE RODRIGO,,PSICOLOGIA ORGANIZACIONAL
1726,RELACIONES LABORALES,,,,,10:00 a 13:00 A 211,,PUENTE LOMELIN ARTURO,,PSICOLOGIA ORGANIZACIONAL
Grupo 7602,Grupo 7602,Grupo 7602,Grupo 7602,Grupo 7602,Grupo 7602,Grupo 7602,Grupo 7602,Grupo 7602,Grupo 7602,PSICOLOGIA ORGANIZACIONAL
CLAVE,ASIGNATURA,LUNES,MARTES,MIERCOLES,JUEVES,VIERNES,SABADO,PROFESOR,OBSERVACIONES,PSICOLOGIA ORGANIZACIONAL
1724,ELABORACION D PRUEBAS INDUSTRIALES,,11:00 a 14:00 A 002,,11:00 a 13:00 B 17,,,PATLAN PEREZ JUANA,,PSICOLOGIA ORGANIZACIONAL
1725,INTEGRACION DE PERSONAL II,09:00 a 12:00 B 07,,09:00 a 12:00 A 211,,,,PACHECO LAPIEDRA ROSA,,PSICOLOGIA ORGANIZACIONAL
Grupo 7603,Grupo 7603,Grupo 7603,Grupo 7603,Grupo 7603,Grupo 7603,Grupo 7603,Grupo 7603,Grupo 7603,Grupo 7603,PSICOLOGIA ORGANIZACIONAL
CLAVE,ASIGNATURA,LUNES,MARTES,MIERCOLES,JUEVES,VIERNES,SABADO,PROFESOR,OBSERVACIONES,PSICOLOGIA ORGANIZACIONAL
1725,INTEGRACION DE PERSONAL II,11:00 a 14:00 B 17,,,,10:00 a 13:00 B 17,,VALLE GOMEZ MIRNA ROCIO,,PSICOLOGIA ORGANIZACIONAL
1726,RELACIONES LABORALES,,,10:00 a 13:00 B 17,,,,MARTINEZ MEJIA EMMANUEL,,PSICOLOGIA ORGANIZACIONAL
Grupo 7604,Grupo 7604,Grupo 7604,Grupo 7604,Grupo 7604,Grupo 7604,Grupo 7604,Grupo 7604,Grupo 7604,Grupo 7604,PSICOLOGIA ORGANIZACIONAL
CLAVE,ASIGNATURA,LUNES,MARTES,MIERCOLES,JUEVES,VIERNES,SABADO,PROFESOR,OBSERVACIONES,PSICOLOGIA ORGANIZACIONAL
1724,ELABORACION D PRUEBAS INDUSTRIALES,,,,,10:00 a 15:00 A 301,,MARTINEZ MEJIA EMMANUEL,,PSICOLOGIA ORGANIZACIONAL
1725,INTEGRACION DE PERSONAL II,12:00 a 15:00 B 07,,12:00 a 15:00 Edif C Salon 1,,,,PACHECO LAPIEDRA ROSA,,PSICOLOGIA ORGANIZACIONAL
Grupo 7605,Grupo 7605,Grupo 7605,Grupo 7605,Grupo 7605,Grupo 7605,Grupo 7605,Grupo 7605,Grupo 7605,Grupo 7605,PSICOLOGIA ORGANIZACIONAL
CLAVE,ASIGNATURA,LUNES,MARTES,MIERCOLES,JUEVES,VIERNES,SABADO,PROFESOR,OBSERVACIONES,PSICOLOGIA ORGANIZACIONAL
1725,INTEGRACION DE PERSONAL II,09:00 a 12:00 A 304,,,,11:00 a 14:00 A 101,,RODRIGUEZ RODRIGUEZ CLARA IVONNE,,PSICOLOGIA ORGANIZACIONAL
1726,RELACIONES LABORALES,,11:00 a 14:00 A 314,,,,,RIVERA GARCIA JORGE LUIS,,PSICOLOGIA ORGANIZACIONAL
Grupo 7606,Grupo 7606,Grupo 7606,Grupo 7606,Grupo 7606,Grupo 7606,Grupo 7606,Grupo 7606,Grupo 7606,Grupo 7606,PSICOLOGIA ORGANIZACIONAL
CLAVE,ASIGNATURA,LUNES,MARTES,MIERCOLES,JUEVES,VIERNES,SABADO,PROFESOR,OBSERVACIONES,PSICOLOGIA ORGANIZACIONAL
1724,ELABORACION D PRUEBAS INDUSTRIALES,12:00 a 15:00 A 101,,12:00 a 14:00 A 314,,,,GARCIA SAISO ALEJANDRA,,PSICOLOGIA ORGANIZACIONAL
Grupo 7607,Grupo 7607,Grupo 7607,Grupo 7607,Grupo 7607,Grupo 7607,Grupo 7607,Grupo 7607,Grupo 7607,Grupo 7607,PSICOLOGIA ORGANIZACIONAL
CLAVE,ASIGNATURA,LUNES,MARTES,MIERCOLES,JUEVES,VIERNES,SABADO,PROFESOR,OBSERVACIONES,PSICOLOGIA ORGANIZACIONAL
1723,CAPACITAC.Y DESARR.DE PERSONAL III,,14:00 a 17:00 A 102,,14:00 a 17:00 A 102,,,SOUZA COLIN ERIKA,,PSICOLOGIA ORGANIZACIONAL
1724,ELABORACION D PRUEBAS INDUSTRIALES,15:00 a 20:00 A 110,,,,,,IREPAN AGUILAR MARICELA,,PSICOLOGIA ORGANIZACIONAL
1726,RELACIONES LABORALES,,,16:00 a 19:00 A 304,,,,PUENTE LOMELIN ARTURO,,PSICOLOGIA ORGANIZACIONAL
Grupo 7608,Grupo 7608,Grupo 7608,Grupo 7608,Grupo 7608,Grupo 7608,Grupo 7608,Grupo 7608,Grupo 7608,Grupo 7608,PSICOLOGIA ORGANIZACIONAL
CLAVE,ASIGNATURA,LUNES,MARTES,MIERCOLES,JUEVES,VIERNES,SABADO,PROFESOR,OBSERVACIONES,PSICOLOGIA ORGANIZACIONAL
1724,ELABORACION D PRUEBAS INDUSTRIALES,,16:00 a 19:00 A 001,,16:00 a 18:00 A 002,,,PATLAN PEREZ JUANA,,PSICOLOGIA ORGANIZACIONAL
1726,RELACIONES LABORALES,15:00 a 18:00 A 302,,,,,,MARTINEZ MEJIA EMMANUEL,,PSICOLOGIA ORGANIZACIONAL
Grupo 7609,Grupo 7609,Grupo 7609,Grupo 7609,Grupo 7609,Grupo 7609,Grupo 7609,Grupo 7609,Grupo 7609,Grupo 7609,PSICOLOGIA ORGANIZACIONAL
CLAVE,ASIGNATURA,LUNES,MARTES,MIERCOLES,JUEVES,VIERNES,SABADO,PROFESOR,OBSERVACIONES,PSICOLOGIA ORGANIZACIONAL
1724,ELABORACION D PRUEBAS INDUSTRIALES,,15:00 a 17:00 A 204,,16:00 a 19:00 A 204,,,SALVADOR GINEZ OCTAVIO,,PSICOLOGIA ORGANIZACIONAL
Grupo 7610,Grupo 7610,Grupo 7610,Grupo 7610,Grupo 7610,Grupo 7610,Grupo 7610,Grupo 7610,Grupo 7610,Grupo 7610,PSICOLOGIA ORGANIZACIONAL
CLAVE,ASIGNATURA,LUNES,MARTES,MIERCOLES,JUEVES,VIERNES,SABADO,PROFESOR,OBSERVACIONES,PSICOLOGIA ORGANIZACIONAL
1726,RELACIONES LABORALES,,,,15:00 a 18:00 A 205,,,VILLAVICENCIO CARRANZA MIGUEL ALEJANDRO,,PSICOLOGIA ORGANIZACIONAL
Grupo 7611,Grupo 7611,Grupo 7611,Grupo 7611,Grupo 7611,Grupo 7611,Grupo 7611,Grupo 7611,Grupo 7611,Grupo 7611,PSICOLOGIA ORGANIZACIONAL
CLAVE,ASIGNATURA,LUNES,MARTES,MIERCOLES,JUEVES,VIERNES,SABADO,PROFESOR,OBSERVACIONES,PSICOLOGIA ORGANIZACIONAL
1725,INTEGRACION DE PERSONAL II,17:00 a 20:00 A 211,17:00 a 20:00 A 102,,,,,RIVERA GARCIA JORGE LUIS,,PSICOLOGIA ORGANIZACIONAL
Selecciona el semestre a consultar  ----------- 1er Semestre 	3er Semestre 	5to Semestre 	7mo Semestre  OPTATIVAS DE GENERO (Plan 2008)  OPTATIVAS,Selecciona el tipo de busqueda  ----------- Grupo 	Asignatura,Selecciona el campo del conocimiento  ----------- CIENCIAS COGNITIVAS Y DEL COMPORTAMIENTO 	PROCESOS PSICOSOCIALES Y CULTURALES 	PSICOBIOLOGIA Y NEUROCIENCIAS 	PSICOLOGIA CLINICA Y DE LA SALUD 	PSICOLOGIA DE LA EDUCACION 	PSICOLOGIA ORGANIZACIONAL 	CONTEXTUAL,,,,,,,,CONTEXTUAL
,,,,,,,,,,CONTEXTUAL
,,,,,,,,,,CONTEXTUAL
"Grupo 7701  CLAVE  ASIGNATURA  LUNES  MARTES  MIERCOLES  JUEVES  VIERNES  SABADO  PROFESOR  OBSERVACIONES  1700  COMPRENSION DE LA REALIDAD SOC. II  10:00 a 12:00 A 207  PROFESOR PENDIENTE LA CLASE SERá IMPARTIDA POR LA PROFESORA RAQUEL RIVERA  Grupo 7702  CLAVE  ASIGNATURA  LUNES  MARTES  MIERCOLES  JUEVES  VIERNES  SABADO  PROFESOR  OBSERVACIONES  1700  COMPRENSION DE LA REALIDAD SOC. II  13:00 a 15:00 A 104  PROFESOR PENDIENTE LA CLASE LA IMPARTIRá EL PROFESOR GUSTAVO VICTORIA  Grupo 7703  CLAVE  ASIGNATURA  LUNES  MARTES  MIERCOLES  JUEVES  VIERNES  SABADO  PROFESOR  OBSERVACIONES  1700  COMPRENSION DE LA REALIDAD SOC. II  16:00 a 18:00 A 301  TREJO MORALES MARTHA PATRICIA  Grupo 7704  CLAVE  ASIGNATURA  LUNES  MARTES  MIERCOLES  JUEVES  VIERNES  SABADO  PROFESOR  OBSERVACIONES  1700  COMPRENSION DE LA REALIDAD SOC. II  08:00 a 10:00 A 207  JURADO CARDENAS RAUL  Grupo 7705  CLAVE  ASIGNATURA  LUNES  MARTES  MIERCOLES  JUEVES  VIERNES  SABADO  PROFESOR  OBSERVACIONES  1700  COMPRENSION DE LA REALIDAD SOC. II  11:00 a 13:00 A 107  MAZON PARRA NANCY C  Grupo 7706  CLAVE  ASIGNATURA  LUNES  MARTES  MIERCOLES  JUEVES  VIERNES  SABADO  PROFESOR  OBSERVACIONES  1700  COMPRENSION DE LA REALIDAD SOC. II  13:00 a 15:00 A 207  VALENCIA CRUZ ALEJANDRA  Grupo 7707  CLAVE  ASIGNATURA  LUNES  MARTES  MIERCOLES  JUEVES  VIERNES  SABADO  PROFESOR  OBSERVACIONES  1700  COMPRENSION DE LA REALIDAD SOC. II  10:30 a 12:30 A 107  HERNANDEZ MANZO JEANETTE  Grupo 7708  CLAVE  ASIGNATURA  LUNES  MARTES  MIERCOLES  JUEVES  VIERNES  SABADO  PROFESOR  OBSERVACIONES  1700  COMPRENSION DE LA REALIDAD SOC. II  17:00 a 19:00 A 109  HERNANDEZ MANZO JEANETTE  Grupo 7709  CLAVE  ASIGNATURA  LUNES  MARTES  MIERCOLES  JUEVES  VIERNES  SABADO  PROFESOR  OBSERVACIONES  1700  COMPRENSION DE LA REALIDAD SOC. II  14:00 a 16:00 A 210  HERRERA ORTIZ MIGUEL  Grupo 7710  CLAVE  ASIGNATURA  LUNES  MARTES  MIERCOLES  JUEVES  VIERNES  SABADO  PROFESOR  OBSERVACIONES  1700  COMPRENSION DE LA REALIDAD SOC. II  11:00 a 13:00 A 108  MERAZ RIOS PATRICIA  Grupo 7711  CLAVE  ASIGNATURA  LUNES  MARTES  MIERCOLES  JUEVES  VIERNES  SABADO  PROFESOR  OBSERVACIONES  1700  COMPRENSION DE LA REALIDAD SOC. II  11:00 a 13:00 A 210  NAVARRO CORONA CLAUDIA IVETTE  Grupo 7712  CLAVE  ASIGNATURA  LUNES  MARTES  MIERCOLES  JUEVES  VIERNES  SABADO  PROFESOR  OBSERVACIONES  1700  COMPRENSION DE LA REALIDAD SOC. II  10:00 a 12:00 A 108  COLMENARES VAZQUEZ LIGIA  Grupo 7713  CLAVE  ASIGNATURA  LUNES  MARTES  MIERCOLES  JUEVES  VIERNES  SABADO  PROFESOR  OBSERVACIONES  1700  COMPRENSION DE LA REALIDAD SOC. II  12:00 a 14:00 A 207  PROFESOR PENDIENTE LA CLASE LA IMPARTIRáN PROFESORES DEL PUIC, MéXICO: NACIóN MULTICULTURAL.","Grupo 7701  CLAVE  ASIGNATURA  LUNES  MARTES  MIERCOLES  JUEVES  VIERNES  SABADO  PROFESOR  OBSERVACIONES  1700  COMPRENSION DE LA REALIDAD SOC. II  10:00 a 12:00 A 207  PROFESOR PENDIENTE LA CLASE SERá IMPARTIDA POR LA PROFESORA RAQUEL RIVERA  Grupo 7702  CLAVE  ASIGNATURA  LUNES  MARTES  MIERCOLES  JUEVES  VIERNES  SABADO  PROFESOR  OBSERVACIONES  1700  COMPRENSION DE LA REALIDAD SOC. II  13:00 a 15:00 A 104  PROFESOR PENDIENTE LA CLASE LA IMPARTIRá EL PROFESOR GUSTAVO VICTORIA  Grupo 7703  CLAVE  ASIGNATURA  LUNES  MARTES  MIERCOLES  JUEVES  VIERNES  SABADO  PROFESOR  OBSERVACIONES  1700  COMPRENSION DE LA REALIDAD SOC. II  16:00 a 18:00 A 301  TREJO MORALES MARTHA PATRICIA  Grupo 7704  CLAVE  ASIGNATURA  LUNES  MARTES  MIERCOLES  JUEVES  VIERNES  SABADO  PROFESOR  OBSERVACIONES  1700  COMPRENSION DE LA REALIDAD SOC. II  08:00 a 10:00 A 207  JURADO CARDENAS RAUL  Grupo 7705  CLAVE  ASIGNATURA  LUNES  MARTES  MIERCOLES  JUEVES  VIERNES  SABADO  PROFESOR  OBSERVACIONES  1700  COMPRENSION DE LA REALIDAD SOC. II  11:00 a 13:00 A 107  MAZON PARRA NANCY C  Grupo 7706  CLAVE  ASIGNATURA  LUNES  MARTES  MIERCOLES  JUEVES  VIERNES  SABADO  PROFESOR  OBSERVACIONES  1700  COMPRENSION DE LA REALIDAD SOC. II  13:00 a 15:00 A 207  VALENCIA CRUZ ALEJANDRA  Grupo 7707  CLAVE  ASIGNATURA  LUNES  MARTES  MIERCOLES  JUEVES  VIERNES  SABADO  PROFESOR  OBSERVACIONES  1700  COMPRENSION DE LA REALIDAD SOC. II  10:30 a 12:30 A 107  HERNANDEZ MANZO JEANETTE  Grupo 7708  CLAVE  ASIGNATURA  LUNES  MARTES  MIERCOLES  JUEVES  VIERNES  SABADO  PROFESOR  OBSERVACIONES  1700  COMPRENSION DE LA REALIDAD SOC. II  17:00 a 19:00 A 109  HERNANDEZ MANZO JEANETTE  Grupo 7709  CLAVE  ASIGNATURA  LUNES  MARTES  MIERCOLES  JUEVES  VIERNES  SABADO  PROFESOR  OBSERVACIONES  1700  COMPRENSION DE LA REALIDAD SOC. II  14:00 a 16:00 A 210  HERRERA ORTIZ MIGUEL  Grupo 7710  CLAVE  ASIGNATURA  LUNES  MARTES  MIERCOLES  JUEVES  VIERNES  SABADO  PROFESOR  OBSERVACIONES  1700  COMPRENSION DE LA REALIDAD SOC. II  11:00 a 13:00 A 108  MERAZ RIOS PATRICIA  Grupo 7711  CLAVE  ASIGNATURA  LUNES  MARTES  MIERCOLES  JUEVES  VIERNES  SABADO  PROFESOR  OBSERVACIONES  1700  COMPRENSION DE LA REALIDAD SOC. II  11:00 a 13:00 A 210  NAVARRO CORONA CLAUDIA IVETTE  Grupo 7712  CLAVE  ASIGNATURA  LUNES  MARTES  MIERCOLES  JUEVES  VIERNES  SABADO  PROFESOR  OBSERVACIONES  1700  COMPRENSION DE LA REALIDAD SOC. II  10:00 a 12:00 A 108  COLMENARES VAZQUEZ LIGIA  Grupo 7713  CLAVE  ASIGNATURA  LUNES  MARTES  MIERCOLES  JUEVES  VIERNES  SABADO  PROFESOR  OBSERVACIONES  1700  COMPRENSION DE LA REALIDAD SOC. II  12:00 a 14:00 A 207  PROFESOR PENDIENTE LA CLASE LA IMPARTIRáN PROFESORES DEL PUIC, MéXICO: NACIóN MULTICULTURAL.","Grupo 7701  CLAVE  ASIGNATURA  LUNES  MARTES  MIERCOLES  JUEVES  VIERNES  SABADO  PROFESOR  OBSERVACIONES  1700  COMPRENSION DE LA REALIDAD SOC. II  10:00 a 12:00 A 207  PROFESOR PENDIENTE LA CLASE SERá IMPARTIDA POR LA PROFESORA RAQUEL RIVERA  Grupo 7702  CLAVE  ASIGNATURA  LUNES  MARTES  MIERCOLES  JUEVES  VIERNES  SABADO  PROFESOR  OBSERVACIONES  1700  COMPRENSION DE LA REALIDAD SOC. II  13:00 a 15:00 A 104  PROFESOR PENDIENTE LA CLASE LA IMPARTIRá EL PROFESOR GUSTAVO VICTORIA  Grupo 7703  CLAVE  ASIGNATURA  LUNES  MARTES  MIERCOLES  JUEVES  VIERNES  SABADO  PROFESOR  OBSERVACIONES  1700  COMPRENSION DE LA REALIDAD SOC. II  16:00 a 18:00 A 301  TREJO MORALES MARTHA PATRICIA  Grupo 7704  CLAVE  ASIGNATURA  LUNES  MARTES  MIERCOLES  JUEVES  VIERNES  SABADO  PROFESOR  OBSERVACIONES  1700  COMPRENSION DE LA REALIDAD SOC. II  08:00 a 10:00 A 207  JURADO CARDENAS RAUL  Grupo 7705  CLAVE  ASIGNATURA  LUNES  MARTES  MIERCOLES  JUEVES  VIERNES  SABADO  PROFESOR  OBSERVACIONES  1700  COMPRENSION DE LA REALIDAD SOC. II  11:00 a 13:00 A 107  MAZON PARRA NANCY C  Grupo 7706  CLAVE  ASIGNATURA  LUNES  MARTES  MIERCOLES  JUEVES  VIERNES  SABADO  PROFESOR  OBSERVACIONES  1700  COMPRENSION DE LA REALIDAD SOC. II  13:00 a 15:00 A 207  VALENCIA CRUZ ALEJANDRA  Grupo 7707  CLAVE  ASIGNATURA  LUNES  MARTES  MIERCOLES  JUEVES  VIERNES  SABADO  PROFESOR  OBSERVACIONES  1700  COMPRENSION DE LA REALIDAD SOC. II  10:30 a 12:30 A 107  HERNANDEZ MANZO JEANETTE  Grupo 7708  CLAVE  ASIGNATURA  LUNES  MARTES  MIERCOLES  JUEVES  VIERNES  SABADO  PROFESOR  OBSERVACIONES  1700  COMPRENSION DE LA REALIDAD SOC. II  17:00 a 19:00 A 109  HERNANDEZ MANZO JEANETTE  Grupo 7709  CLAVE  ASIGNATURA  LUNES  MARTES  MIERCOLES  JUEVES  VIERNES  SABADO  PROFESOR  OBSERVACIONES  1700  COMPRENSION DE LA REALIDAD SOC. II  14:00 a 16:00 A 210  HERRERA ORTIZ MIGUEL  Grupo 7710  CLAVE  ASIGNATURA  LUNES  MARTES  MIERCOLES  JUEVES  VIERNES  SABADO  PROFESOR  OBSERVACIONES  1700  COMPRENSION DE LA REALIDAD SOC. II  11:00 a 13:00 A 108  MERAZ RIOS PATRICIA  Grupo 7711  CLAVE  ASIGNATURA  LUNES  MARTES  MIERCOLES  JUEVES  VIERNES  SABADO  PROFESOR  OBSERVACIONES  1700  COMPRENSION DE LA REALIDAD SOC. II  11:00 a 13:00 A 210  NAVARRO CORONA CLAUDIA IVETTE  Grupo 7712  CLAVE  ASIGNATURA  LUNES  MARTES  MIERCOLES  JUEVES  VIERNES  SABADO  PROFESOR  OBSERVACIONES  1700  COMPRENSION DE LA REALIDAD SOC. II  10:00 a 12:00 A 108  COLMENARES VAZQUEZ LIGIA  Grupo 7713  CLAVE  ASIGNATURA  LUNES  MARTES  MIERCOLES  JUEVES  VIERNES  SABADO  PROFESOR  OBSERVACIONES  1700  COMPRENSION DE LA REALIDAD SOC. II  12:00 a 14:00 A 207  PROFESOR PENDIENTE LA CLASE LA IMPARTIRáN PROFESORES DEL PUIC, MéXICO: NACIóN MULTICULTURAL.",,,,,,,,CONTEXTUAL
Grupo 7701,Grupo 7701,Grupo 7701,Grupo 7701,Grupo 7701,Grupo 7701,Grupo 7701,Grupo 7701,Grupo 7701,Grupo 7701,CONTEXTUAL
CLAVE,ASIGNATURA,LUNES,MARTES,MIERCOLES,JUEVES,VIERNES,SABADO,PROFESOR,OBSERVACIONES,CONTEXTUAL
1700,COMPRENSION DE LA REALIDAD SOC. II,10:00 a 12:00 A 207,,,,,,PROFESOR PENDIENTE,LA CLASE SERá IMPARTIDA POR LA PROFESORA RAQUEL RIVERA,CONTEXTUAL
Grupo 7702,Grupo 7702,Grupo 7702,Grupo 7702,Grupo 7702,Grupo 7702,Grupo 7702,Grupo 7702,Grupo 7702,Grupo 7702,CONTEXTUAL
CLAVE,ASIGNATURA,LUNES,MARTES,MIERCOLES,JUEVES,VIERNES,SABADO,PROFESOR,OBSERVACIONES,CONTEXTUAL
1700,COMPRENSION DE LA REALIDAD SOC. II,,,,,13:00 a 15:00 A 104,,PROFESOR PENDIENTE,LA CLASE LA IMPARTIRá EL PROFESOR GUSTAVO VICTORIA,CONTEXTUAL
Grupo 7703,Grupo 7703,Grupo 7703,Grupo 7703,Grupo 7703,Grupo 7703,Grupo 7703,Grupo 7703,Grupo 7703,Grupo 7703,CONTEXTUAL
CLAVE,ASIGNATURA,LUNES,MARTES,MIERCOLES,JUEVES,VIERNES,SABADO,PROFESOR,OBSERVACIONES,CONTEXTUAL
1700,COMPRENSION DE LA REALIDAD SOC. II,,16:00 a 18:00 A 301,,,,,TREJO MORALES MARTHA PATRICIA,,CONTEXTUAL
Grupo 7704,Grupo 7704,Grupo 7704,Grupo 7704,Grupo 7704,Grupo 7704,Grupo 7704,Grupo 7704,Grupo 7704,Grupo 7704,CONTEXTUAL
CLAVE,ASIGNATURA,LUNES,MARTES,MIERCOLES,JUEVES,VIERNES,SABADO,PROFESOR,OBSERVACIONES,CONTEXTUAL
1700,COMPRENSION DE LA REALIDAD SOC. II,08:00 a 10:00 A 207,,,,,,JURADO CARDENAS RAUL,,CONTEXTUAL
Grupo 7705,Grupo 7705,Grupo 7705,Grupo 7705,Grupo 7705,Grupo 7705,Grupo 7705,Grupo 7705,Grupo 7705,Grupo 7705,CONTEXTUAL
CLAVE,ASIGNATURA,LUNES,MARTES,MIERCOLES,JUEVES,VIERNES,SABADO,PROFESOR,OBSERVACIONES,CONTEXTUAL
1700,COMPRENSION DE LA REALIDAD SOC. II,11:00 a 13:00 A 107,,,,,,MAZON PARRA NANCY C,,CONTEXTUAL
Grupo 7706,Grupo 7706,Grupo 7706,Grupo 7706,Grupo 7706,Grupo 7706,Grupo 7706,Grupo 7706,Grupo 7706,Grupo 7706,CONTEXTUAL
CLAVE,ASIGNATURA,LUNES,MARTES,MIERCOLES,JUEVES,VIERNES,SABADO,PROFESOR,OBSERVACIONES,CONTEXTUAL
1700,COMPRENSION DE LA REALIDAD SOC. II,,,13:00 a 15:00 A 207,,,,VALENCIA CRUZ ALEJANDRA,,CONTEXTUAL
Grupo 7707,Grupo 7707,Grupo 7707,Grupo 7707,Grupo 7707,Grupo 7707,Grupo 7707,Grupo 7707,Grupo 7707,Grupo 7707,CONTEXTUAL
CLAVE,ASIGNATURA,LUNES,MARTES,MIERCOLES,JUEVES,VIERNES,SABADO,PROFESOR,OBSERVACIONES,CONTEXTUAL
1700,COMPRENSION DE LA REALIDAD SOC. II,,10:30 a 12:30 A 107,,,,,HERNANDEZ MANZO JEANETTE,,CONTEXTUAL
Grupo 7708,Grupo 7708,Grupo 7708,Grupo 7708,Grupo 7708,Grupo 7708,Grupo 7708,Grupo 7708,Grupo 7708,Grupo 7708,CONTEXTUAL
CLAVE,ASIGNATURA,LUNES,MARTES,MIERCOLES,JUEVES,VIERNES,SABADO,PROFESOR,OBSERVACIONES,CONTEXTUAL
1700,COMPRENSION DE LA REALIDAD SOC. II,,,,17:00 a 19:00 A 109,,,HERNANDEZ MANZO JEANETTE,,CONTEXTUAL
Grupo 7709,Grupo 7709,Grupo 7709,Grupo 7709,Grupo 7709,Grupo 7709,Grupo 7709,Grupo 7709,Grupo 7709,Grupo 7709,CONTEXTUAL
CLAVE,ASIGNATURA,LUNES,MARTES,MIERCOLES,JUEVES,VIERNES,SABADO,PROFESOR,OBSERVACIONES,CONTEXTUAL
1700,COMPRENSION DE LA REALIDAD SOC. II,14:00 a 16:00 A 210,,,,,,HERRERA ORTIZ MIGUEL,,CONTEXTUAL
Grupo 7710,Grupo 7710,Grupo 7710,Grupo 7710,Grupo 7710,Grupo 7710,Grupo 7710,Grupo 7710,Grupo 7710,Grupo 7710,CONTEXTUAL
CLAVE,ASIGNATURA,LUNES,MARTES,MIERCOLES,JUEVES,VIERNES,SABADO,PROFESOR,OBSERVACIONES,CONTEXTUAL
1700,COMPRENSION DE LA REALIDAD SOC. II,,,,,11:00 a 13:00 A 108,,MERAZ RIOS PATRICIA,,CONTEXTUAL
Grupo 7711,Grupo 7711,Grupo 7711,Grupo 7711,Grupo 7711,Grupo 7711,Grupo 7711,Grupo 7711,Grupo 7711,Grupo 7711,CONTEXTUAL
CLAVE,ASIGNATURA,LUNES,MARTES,MIERCOLES,JUEVES,VIERNES,SABADO,PROFESOR,OBSERVACIONES,CONTEXTUAL
1700,COMPRENSION DE LA REALIDAD SOC. II,,,,,11:00 a 13:00 A 210,,NAVARRO CORONA CLAUDIA IVETTE,,CONTEXTUAL
Grupo 7712,Grupo 7712,Grupo 7712,Grupo 7712,Grupo 7712,Grupo 7712,Grupo 7712,Grupo 7712,Grupo 7712,Grupo 7712,CONTEXTUAL
CLAVE,ASIGNATURA,LUNES,MARTES,MIERCOLES,JUEVES,VIERNES,SABADO,PROFESOR,OBSERVACIONES,CONTEXTUAL
1700,COMPRENSION DE LA REALIDAD SOC. II,,,,10:00 a 12:00 A 108,,,COLMENARES VAZQUEZ LIGIA,,CONTEXTUAL
Grupo 7713,Grupo 7713,Grupo 7713,Grupo 7713,Grupo 7713,Grupo 7713,Grupo 7713,Grupo 7713,Grupo 7713,Grupo 7713,CONTEXTUAL
CLAVE,ASIGNATURA,LUNES,MARTES,MIERCOLES,JUEVES,VIERNES,SABADO,PROFESOR,OBSERVACIONES,CONTEXTUAL
1700,COMPRENSION DE LA REALIDAD SOC. II,12:00 a 14:00 A 207,,,,,,PROFESOR PENDIENTE,"LA CLASE LA IMPARTIRáN PROFESORES DEL PUIC, MéXICO: NACIóN MULTICULTURAL.",CONTEXTUAL
