0,1,2,3,4,5,6,7,8,9,Area_Origen
Selecciona el semestre a consultar  ----------- 2do Semestre 	4to Semestre 	6to Semestre 	8vo Semestre  OPTATIVAS DE GENERO (Plan 2008)  OPTATIVAS,Selecciona el tipo de busqueda  ----------- Grupo 	Asignatura,Selecciona el campo del conocimiento  ----------- CIENCIAS COGNITIVAS Y DEL COMPORTAMIENTO 	PROCESOS PSICOSOCIALES Y CULTURALES 	PSICOBIOLOGIA Y NEUROCIENCIAS 	PSICOLOGIA CLINICA Y DE LA SALUD 	PSICOLOGIA DE LA EDUCACION 	PSICOLOGIA ORGANIZACIONAL 	CONTEXTUAL,,,,,,,,CIENCIAS COGNITIVAS Y DEL COMPORTAMIENTO
,,,,,,,,,,CIENCIAS COGNITIVAS Y DEL COMPORTAMIENTO
,,,,,,,,,,CIENCIAS COGNITIVAS Y DEL COMPORTAMIENTO
"Grupo 6101  CLAVE  ASIGNATURA  LUNES  MARTES  MIERCOLES  JUEVES  VIERNES  SABADO  PROFESOR  OBSERVACIONES  1615  APRENDIZAJE,MOTIVAC.Y COGNIC. II  08:00 a 11:00 A 101  10:00 a 12:00 A 101  BACHA MENDEZ GUSTAVO  TEMáTICA: COGNICIóN ANIMAL Y BIOéTICA; PRE-REQUISITOS: LECTURAS EN INGLéS.  1616  DESAR.ACTUALS.EN COGNIC.COMPOR.II  12:00 a 15:00 A 310  VELAZQUEZ MARTINEZ DAVID NATHANAEL  TEMáTICA:VALOR DE REFORZAMIENTO Y ESFUERZO; PRE-REQUISITOS: INTERéS POR LA INVESTIGACIóN.  1618  TALLER DE INVESTIGACION II  11:00 a 13:00 B 17  08:00 a 16:00 AULA PENDIENTE  GARCIA CABRERO BENILDE  TEMáTICA: REVISIóN DEL TEMA DE VIOLENCIA EN LA COMUNIDAD UNIVERSITARIA; PRE-REQUISITOS: CUBRIR EL HORARIO DE LOS LUNES Y 8 HORAS DE ACTIVIDADES EN ESCENARIO A LO LARGO DE LA SEMANA, HORARIO A ACORDAR CON LA PROFESORA.  Grupo 6102  CLAVE  ASIGNATURA  LUNES  MARTES  MIERCOLES  JUEVES  VIERNES  SABADO  PROFESOR  OBSERVACIONES  1615  APRENDIZAJE,MOTIVAC.Y COGNIC. II  15:00 a 17:30 URIDES 3 Edif C  15:00 a 17:30 URIDES 3 Edif C  REYES CONTRERAS RAUL  TEMáTICA: PSICOFíSICA SOCIAL, TEORíA DE INTEGRACIóN DE INFORMACIóN Y MEDICIóN FUNCIONAL; PRE-REQUISITOS: HABER CURSADO AMC L, IY AD L Y ESTAR CURSANDO IYAD LL.  1616  DESAR.ACTUALS.EN COGNIC.COMPOR.II  15:00 a 18:00 AULA PENDIENTE  CANSINO ORTIZ CARMEN SELENE  TEMáTICA: DISEñOS EXPERIMENTALES EN COGNICIóN; PRE-REQUISITOS: INTERéS POR LA INVESTIGACIóN.  1617  INVESTIGAC.Y ANALISIS DE DATOS II  08:00 a 10:00 B 12  08:00 a 10:00 B 12  SANCHEZ CARRASCO LIVIA  TEMáTICA: INTRODUCCIóN A LOS MODELOS LINEALES GENERALIZADOS; PRE-REQUISITOS: POSEER CONOCIMIENTOS DE PROGRAMACIóN R, ASí COMO USO DE LA IDE R STUDIO, POSEER CONOCIMIENTOS SOBRE MODELOS DE REGRESIóN LINEAL SIMPLE Y MúLTIPLE.  1618  TALLER DE INVESTIGACION II  12:00 a 14:00 AULA PENDIENTE  08:00 a 16:00 AULA PENDIENTE  ZAMORA AREVALO OSCAR  TEMáTICA: COGNICIóN EXPERIMENTAL Y CIENCIAS DEL COMPORTAMIENTO; PRE-REQUISITOS: INTERéS POR LA INVESTIGACIóN BáSICA EN LABORATORIO Y LEER EN INGLéS, ES INDISPENSABLE CONTACTARSE CON EL PROFESOR PREVIO A LA INSCRIPCIóN AL CORREO OZAMORA@GMAIL.COM  Grupo 6103  CLAVE  ASIGNATURA  LUNES  MARTES  MIERCOLES  JUEVES  VIERNES  SABADO  PROFESOR  OBSERVACIONES  1615  APRENDIZAJE,MOTIVAC.Y COGNIC. II  12:00 a 15:00 A 101  12:00 a 14:00 A 101  BOUZAS RIAÑO ARTURO  TEMáTICA: UNA INTRODUCCIóN A LAS APLICACIONES DE LOS PRINCIPIOS DE LAS CIENCIAS DEL COMPORTAMIENTO EN áMBITOS NATURALES, DESDE LA CLíNICA HASTA LAS POLíTICAS PúBLICAS; SIN PRE-REQUISITOS.  1616  DESAR.ACTUALS.EN COGNIC.COMPOR.II  09:00 a 12:00 Edif C Salon 3  ROLDAN GARCIA DANIELA  TEMATICA: ENTREVISTA MOTIVACIONAL E INTERVENCIONES BREVES EN ADICCIONES; SIN PRE-REQUISITOS.  1617  INVESTIGAC.Y ANALISIS DE DATOS II  12:00 a 14:00 B 12  09:00 a 11:00 B 12  CUEVAS RENAUD CORINA MARGARITA  TEMáTICA: COMPRENSIóN Y APLICACIóN DE LAS MATEMáTICAS PARA LA RESOLUCIóN DE PROBLEMAS PRáCTICOS EN ESTADíSTICA; PRE-REQUISITOS: CALCULADORA CIENTíFICA Y DISPOSITIVO ELECTRóNICO CON SPSS DE PREFERENCIA  1618  TALLER DE INVESTIGACION II  16:00 a 21:00 A 211  08:00 a 13:00 AULA PENDIENTE  ERAZO ÑAÑEZ LEYDY ALEEN VAZQUEZ LIRA RAMSES  TEMáTICA: EVALUACIONES DE PROYECTOS CON USO DE IA. PRE-REQUISITOS: ACORDAR HORARIO CON LOS PROFESORES, ESCRIBIR A ERAZO25@GMAIL.COM, REVISAR PROGRAMA HTTPS://CUTT.LY/HWTMXRBD  Grupo 6104  CLAVE  ASIGNATURA  LUNES  MARTES  MIERCOLES  JUEVES  VIERNES  SABADO  PROFESOR  OBSERVACIONES  1616  DESAR.ACTUALS.EN COGNIC.COMPOR.II  10:00 a 13:00 A 311  AMAYA MORA DAVID  TEMáTICA: IMPLEMENTACIóN DE PRINCIPIOS BáSICOS DEL COMPORTAMIENTO EN LA PREVENCIóN DEL SUICIDIO; SIN PRE-REQUISITOS  1617  INVESTIGAC.Y ANALISIS DE DATOS II  17:00 a 19:00 B 12  17:00 a 19:00 B 12  ROMERO SANCHEZ PATRICIA  TEMáTICA: MODELO LINEAL GENERAL: ANáLISIS CON PREDICTORES CATEGóRICOS; PRE-REQUISITOS: HABER CURSADO INVESTIGACIóN Y ANáLISIS DE DATOS L.  1618  TALLER DE INVESTIGACION II  10:00 a 12:00 AULA PENDIENTE  08:00 a 10:00 AULA PENDIENTE  10:00 a 12:00 AULA PENDIENTE  10:00 a 12:00 AULA PENDIENTE  10:00 a 12:00 AULA PENDIENTE  DURON FIGUEROA RAUL  TEMáTICA: INCORPORACIóN AL LABORATORIO DE ENSEñANZA VIRTUAL Y CIBERPSICOLOGíA; PRE-REQUISITOS: COMPRENSIóN DE TEXTOS EN INGLéS, BúSQUEDA BIBLIOGRáFICA EN BASES DE DATOS ESPECIALIZADAS.  Grupo 6105  CLAVE  ASIGNATURA  LUNES  MARTES  MIERCOLES  JUEVES  VIERNES  SABADO  PROFESOR  OBSERVACIONES  1616  DESAR.ACTUALS.EN COGNIC.COMPOR.II  11:00 a 14:00 Edif C Salon 2  TOVAR Y ROMO ANGEL EUGENIO  TEMáTICA: COGNICIóN Y LENGUAJE; PRE-REQUISITO: INDISPENSABLE LEER EN INGLéS  1617  INVESTIGAC.Y ANALISIS DE DATOS II  11:00 a 13:00 AULA PENDIENTE  11:00 a 13:00 AULA PENDIENTE  REYES CORTES ANA MARIA  MEDIATECA TEMáTICA: APLICACIóN DE ESTADíSTICA EN EL CONTEXTO DE LA INVESTIGACIóN; SIN PRE-REQUISITOS.  1618  TALLER DE INVESTIGACION II  09:00 a 11:00 AULA PENDIENTE  09:00 a 11:00 AULA PENDIENTE  09:00 a 11:00 AULA PENDIENTE  09:00 a 11:00 AULA PENDIENTE  09:00 a 11:00 AULA PENDIENTE  ORDUÑA TRUJILLO OSCAR VLADIMIR  TEMáTICA:ELECCIóN ANIMAL; PRE-REQUISITOS: FLUIDES EN LECTURA DE INGLéS EN EL TEMA DE INVESTIGACIóN.  Grupo 6106  CLAVE  ASIGNATURA  LUNES  MARTES  MIERCOLES  JUEVES  VIERNES  SABADO  PROFESOR  OBSERVACIONES  1616  DESAR.ACTUALS.EN COGNIC.COMPOR.II  19:00 a 22:00 AULA PENDIENTE  SANCHEZ SOSA JUAN JOSE  TEMáTICA: INVESTIGACIóN DE FACTORES DE RIESGO E INTERVENCIóN; PRE-REQUISITOS: BUENA COMPRENSIóN DE LECTURA EN INGLéS, EL HORARIO REAL DE LA MATERIA ES EL MARTES DE 17:00-20:00 HRS EN EL AUDITORIO 1617  INVESTIGAC.Y ANALISIS DE DATOS II  10:00 a 12:00 B 12  10:30 a 12:30 AULA PENDIENTE  MENEZ DIAZ JUDITH MARINA  TEMáTICA: ANOVA (UNA VíA Y MULTIVíA), MEDIDAS REPETIDAS; PRE-REQUISITOS: HABER CURSADO IYAD LL, DESDE LA PERSPECTIVA DE COMPARACIóN DE MODELOS. 1618  TALLER DE INVESTIGACION II  08:00 a 18:00 AULA PENDIENTE  CANSINO ORTIZ CARMEN SELENE  TEMáTICA: MéTODOS EN PSICOLOGíA COGNOSCITIVA; PRE-REQUISITOS:INTERéS POR LA INVESTIGACIóN, HORARIO A ACORDAR CON LA PROFESORA.  Grupo 6107  CLAVE  ASIGNATURA  LUNES  MARTES  MIERCOLES  JUEVES  VIERNES  SABADO  PROFESOR  OBSERVACIONES  1616  DESAR.ACTUALS.EN COGNIC.COMPOR.II  11:00 a 14:00 A 314  LE CORRE MATHIEU MICHEL  TEMáTICA: CONOCIMIENTOS MATEMáTICOS: DE LA CUNA AL AULA; PRE-REQUISITOS: INTERéS EN EL ANáLISIS DE LA ESTRUCTURA DEL PENSAMIENTO Y EN LAS MATEMáTICAS, CAPACIDAD PARA LEER EN INGLéS.  1618  TALLER DE INVESTIGACION II  08:00 a 18:00 AULA PENDIENTE  MENEZ DIAZ JUDITH MARINA  TEMáTICA: DISCRIMINACIóN TEMPORAL; PRE-REQUISITOS: ENTREVISTA CON EL PROFESOR, PREVIA A LA INSCRIPCIóN DEL CURSO, OBLIGATORIA, MENEZ@UNAM.MX  Grupo 6108  CLAVE  ASIGNATURA  LUNES  MARTES  MIERCOLES  JUEVES  VIERNES  SABADO  PROFESOR  OBSERVACIONES  1618  TALLER DE INVESTIGACION II  08:00 a 18:00 AULA PENDIENTE  ESCOBAR HERNANDEZ ROGELIO  TEMáTICA: ANáLISIS EXPERIMENTAL DE LA CONDUCTA: PRE-REQUISITOS: ENTREVISTA CON EL PROFESOR, PREVIA A LA INSCRIPCIóN DEL CURSO, OBLIGATORIA, ROGELIO_ESCOBAR@COMUNIDAD.UNAM.MX  Grupo 6109  CLAVE  ASIGNATURA  LUNES  MARTES  MIERCOLES  JUEVES  VIERNES  SABADO  PROFESOR  OBSERVACIONES  1618  TALLER DE INVESTIGACION II  08:00 a 18:00 AULA PENDIENTE  AVILA SANTIBANEZ RAUL  TEMáTICA: SECUENCIAS DE RESPUESTAS: PRE-REQUISITOS: ENTREVISTA CON EL PROFESOR, PREVIA A LA INSCRIPCIóN DEL CURSO, OBLIGATORIA, RAULAS@UNAM.MX  Grupo 6110  CLAVE  ASIGNATURA  LUNES  MARTES  MIERCOLES  JUEVES  VIERNES  SABADO  PROFESOR  OBSERVACIONES  1618  TALLER DE INVESTIGACION II  09:00 a 19:00 AULA PENDIENTE  ALVA CANTO ELDA ALICIA  TEMáTICA: ADQUISICIóN DEL LENGUAJE EN INFANTES. PROCESOS SUBYACENTES; PRE-REQUISITOS: ENTREVISTA CON EL PROFESOR, PREVIA A LA INSCRIPCIóN DEL CURSO, OBLIGATORIA, ALVA@UNAM.MX  Grupo 6111  CLAVE  ASIGNATURA  LUNES  MARTES  MIERCOLES  JUEVES  VIERNES  SABADO  PROFESOR  OBSERVACIONES  1618  TALLER DE INVESTIGACION II  08:00 a 18:00 AULA PENDIENTE  BOUZAS RIAÑO ARTURO  TEMáTICA: SOLO ESTUDIANTES INTERESADOS EN EL ESTUDIO EXPERIMENTAL DE LA DECISIóN, ELECCIóN, MODELOS DE REFUERZO Y MODELOS BAYESIANOS; PRE-REQUISITOS:INDISPENSABLE UNA ENTREVISTA PREVIA CON EL PROFESOR.","Grupo 6101  CLAVE  ASIGNATURA  LUNES  MARTES  MIERCOLES  JUEVES  VIERNES  SABADO  PROFESOR  OBSERVACIONES  1615  APRENDIZAJE,MOTIVAC.Y COGNIC. II  08:00 a 11:00 A 101  10:00 a 12:00 A 101  BACHA MENDEZ GUSTAVO  TEMáTICA: COGNICIóN ANIMAL Y BIOéTICA; PRE-REQUISITOS: LECTURAS EN INGLéS.  1616  DESAR.ACTUALS.EN COGNIC.COMPOR.II  12:00 a 15:00 A 310  VELAZQUEZ MARTINEZ DAVID NATHANAEL  TEMáTICA:VALOR DE REFORZAMIENTO Y ESFUERZO; PRE-REQUISITOS: INTERéS POR LA INVESTIGACIóN.  1618  TALLER DE INVESTIGACION II  11:00 a 13:00 B 17  08:00 a 16:00 AULA PENDIENTE  GARCIA CABRERO BENILDE  TEMáTICA: REVISIóN DEL TEMA DE VIOLENCIA EN LA COMUNIDAD UNIVERSITARIA; PRE-REQUISITOS: CUBRIR EL HORARIO DE LOS LUNES Y 8 HORAS DE ACTIVIDADES EN ESCENARIO A LO LARGO DE LA SEMANA, HORARIO A ACORDAR CON LA PROFESORA.  Grupo 6102  CLAVE  ASIGNATURA  LUNES  MARTES  MIERCOLES  JUEVES  VIERNES  SABADO  PROFESOR  OBSERVACIONES  1615  APRENDIZAJE,MOTIVAC.Y COGNIC. II  15:00 a 17:30 URIDES 3 Edif C  15:00 a 17:30 URIDES 3 Edif C  REYES CONTRERAS RAUL  TEMáTICA: PSICOFíSICA SOCIAL, TEORíA DE INTEGRACIóN DE INFORMACIóN Y MEDICIóN FUNCIONAL; PRE-REQUISITOS: HABER CURSADO AMC L, IY AD L Y ESTAR CURSANDO IYAD LL.  1616  DESAR.ACTUALS.EN COGNIC.COMPOR.II  15:00 a 18:00 AULA PENDIENTE  CANSINO ORTIZ CARMEN SELENE  TEMáTICA: DISEñOS EXPERIMENTALES EN COGNICIóN; PRE-REQUISITOS: INTERéS POR LA INVESTIGACIóN.  1617  INVESTIGAC.Y ANALISIS DE DATOS II  08:00 a 10:00 B 12  08:00 a 10:00 B 12  SANCHEZ CARRASCO LIVIA  TEMáTICA: INTRODUCCIóN A LOS MODELOS LINEALES GENERALIZADOS; PRE-REQUISITOS: POSEER CONOCIMIENTOS DE PROGRAMACIóN R, ASí COMO USO DE LA IDE R STUDIO, POSEER CONOCIMIENTOS SOBRE MODELOS DE REGRESIóN LINEAL SIMPLE Y MúLTIPLE.  1618  TALLER DE INVESTIGACION II  12:00 a 14:00 AULA PENDIENTE  08:00 a 16:00 AULA PENDIENTE  ZAMORA AREVALO OSCAR  TEMáTICA: COGNICIóN EXPERIMENTAL Y CIENCIAS DEL COMPORTAMIENTO; PRE-REQUISITOS: INTERéS POR LA INVESTIGACIóN BáSICA EN LABORATORIO Y LEER EN INGLéS, ES INDISPENSABLE CONTACTARSE CON EL PROFESOR PREVIO A LA INSCRIPCIóN AL CORREO OZAMORA@GMAIL.COM  Grupo 6103  CLAVE  ASIGNATURA  LUNES  MARTES  MIERCOLES  JUEVES  VIERNES  SABADO  PROFESOR  OBSERVACIONES  1615  APRENDIZAJE,MOTIVAC.Y COGNIC. II  12:00 a 15:00 A 101  12:00 a 14:00 A 101  BOUZAS RIAÑO ARTURO  TEMáTICA: UNA INTRODUCCIóN A LAS APLICACIONES DE LOS PRINCIPIOS DE LAS CIENCIAS DEL COMPORTAMIENTO EN áMBITOS NATURALES, DESDE LA CLíNICA HASTA LAS POLíTICAS PúBLICAS; SIN PRE-REQUISITOS.  1616  DESAR.ACTUALS.EN COGNIC.COMPOR.II  09:00 a 12:00 Edif C Salon 3  ROLDAN GARCIA DANIELA  TEMATICA: ENTREVISTA MOTIVACIONAL E INTERVENCIONES BREVES EN ADICCIONES; SIN PRE-REQUISITOS.  1617  INVESTIGAC.Y ANALISIS DE DATOS II  12:00 a 14:00 B 12  09:00 a 11:00 B 12  CUEVAS RENAUD CORINA MARGARITA  TEMáTICA: COMPRENSIóN Y APLICACIóN DE LAS MATEMáTICAS PARA LA RESOLUCIóN DE PROBLEMAS PRáCTICOS EN ESTADíSTICA; PRE-REQUISITOS: CALCULADORA CIENTíFICA Y DISPOSITIVO ELECTRóNICO CON SPSS DE PREFERENCIA  1618  TALLER DE INVESTIGACION II  16:00 a 21:00 A 211  08:00 a 13:00 AULA PENDIENTE  ERAZO ÑAÑEZ LEYDY ALEEN VAZQUEZ LIRA RAMSES  TEMáTICA: EVALUACIONES DE PROYECTOS CON USO DE IA. PRE-REQUISITOS: ACORDAR HORARIO CON LOS PROFESORES, ESCRIBIR A ERAZO25@GMAIL.COM, REVISAR PROGRAMA HTTPS://CUTT.LY/HWTMXRBD  Grupo 6104  CLAVE  ASIGNATURA  LUNES  MARTES  MIERCOLES  JUEVES  VIERNES  SABADO  PROFESOR  OBSERVACIONES  1616  DESAR.ACTUALS.EN COGNIC.COMPOR.II  10:00 a 13:00 A 311  AMAYA MORA DAVID  TEMáTICA: IMPLEMENTACIóN DE PRINCIPIOS BáSICOS DEL COMPORTAMIENTO EN LA PREVENCIóN DEL SUICIDIO; SIN PRE-REQUISITOS  1617  INVESTIGAC.Y ANALISIS DE DATOS II  17:00 a 19:00 B 12  17:00 a 19:00 B 12  ROMERO SANCHEZ PATRICIA  TEMáTICA: MODELO LINEAL GENERAL: ANáLISIS CON PREDICTORES CATEGóRICOS; PRE-REQUISITOS: HABER CURSADO INVESTIGACIóN Y ANáLISIS DE DATOS L.  1618  TALLER DE INVESTIGACION II  10:00 a 12:00 AULA PENDIENTE  08:00 a 10:00 AULA PENDIENTE  10:00 a 12:00 AULA PENDIENTE  10:00 a 12:00 AULA PENDIENTE  10:00 a 12:00 AULA PENDIENTE  DURON FIGUEROA RAUL  TEMáTICA: INCORPORACIóN AL LABORATORIO DE ENSEñANZA VIRTUAL Y CIBERPSICOLOGíA; PRE-REQUISITOS: COMPRENSIóN DE TEXTOS EN INGLéS, BúSQUEDA BIBLIOGRáFICA EN BASES DE DATOS ESPECIALIZADAS.  Grupo 6105  CLAVE  ASIGNATURA  LUNES  MARTES  MIERCOLES  JUEVES  VIERNES  SABADO  PROFESOR  OBSERVACIONES  1616  DESAR.ACTUALS.EN COGNIC.COMPOR.II  11:00 a 14:00 Edif C Salon 2  TOVAR Y ROMO ANGEL EUGENIO  TEMáTICA: COGNICIóN Y LENGUAJE; PRE-REQUISITO: INDISPENSABLE LEER EN INGLéS  1617  INVESTIGAC.Y ANALISIS DE DATOS II  11:00 a 13:00 AULA PENDIENTE  11:00 a 13:00 AULA PENDIENTE  REYES CORTES ANA MARIA  MEDIATECA TEMáTICA: APLICACIóN DE ESTADíSTICA EN EL CONTEXTO DE LA INVESTIGACIóN; SIN PRE-REQUISITOS.  1618  TALLER DE INVESTIGACION II  09:00 a 11:00 AULA PENDIENTE  09:00 a 11:00 AULA PENDIENTE  09:00 a 11:00 AULA PENDIENTE  09:00 a 11:00 AULA PENDIENTE  09:00 a 11:00 AULA PENDIENTE  ORDUÑA TRUJILLO OSCAR VLADIMIR  TEMáTICA:ELECCIóN ANIMAL; PRE-REQUISITOS: FLUIDES EN LECTURA DE INGLéS EN EL TEMA DE INVESTIGACIóN.  Grupo 6106  CLAVE  ASIGNATURA  LUNES  MARTES  MIERCOLES  JUEVES  VIERNES  SABADO  PROFESOR  OBSERVACIONES  1616  DESAR.ACTUALS.EN COGNIC.COMPOR.II  19:00 a 22:00 AULA PENDIENTE  SANCHEZ SOSA JUAN JOSE  TEMáTICA: INVESTIGACIóN DE FACTORES DE RIESGO E INTERVENCIóN; PRE-REQUISITOS: BUENA COMPRENSIóN DE LECTURA EN INGLéS, EL HORARIO REAL DE LA MATERIA ES EL MARTES DE 17:00-20:00 HRS EN EL AUDITORIO 1617  INVESTIGAC.Y ANALISIS DE DATOS II  10:00 a 12:00 B 12  10:30 a 12:30 AULA PENDIENTE  MENEZ DIAZ JUDITH MARINA  TEMáTICA: ANOVA (UNA VíA Y MULTIVíA), MEDIDAS REPETIDAS; PRE-REQUISITOS: HABER CURSADO IYAD LL, DESDE LA PERSPECTIVA DE COMPARACIóN DE MODELOS. 1618  TALLER DE INVESTIGACION II  08:00 a 18:00 AULA PENDIENTE  CANSINO ORTIZ CARMEN SELENE  TEMáTICA: MéTODOS EN PSICOLOGíA COGNOSCITIVA; PRE-REQUISITOS:INTERéS POR LA INVESTIGACIóN, HORARIO A ACORDAR CON LA PROFESORA.  Grupo 6107  CLAVE  ASIGNATURA  LUNES  MARTES  MIERCOLES  JUEVES  VIERNES  SABADO  PROFESOR  OBSERVACIONES  1616  DESAR.ACTUALS.EN COGNIC.COMPOR.II  11:00 a 14:00 A 314  LE CORRE MATHIEU MICHEL  TEMáTICA: CONOCIMIENTOS MATEMáTICOS: DE LA CUNA AL AULA; PRE-REQUISITOS: INTERéS EN EL ANáLISIS DE LA ESTRUCTURA DEL PENSAMIENTO Y EN LAS MATEMáTICAS, CAPACIDAD PARA LEER EN INGLéS.  1618  TALLER DE INVESTIGACION II  08:00 a 18:00 AULA PENDIENTE  MENEZ DIAZ JUDITH MARINA  TEMáTICA: DISCRIMINACIóN TEMPORAL; PRE-REQUISITOS: ENTREVISTA CON EL PROFESOR, PREVIA A LA INSCRIPCIóN DEL CURSO, OBLIGATORIA, MENEZ@UNAM.MX  Grupo 6108  CLAVE  ASIGNATURA  LUNES  MARTES  MIERCOLES  JUEVES  VIERNES  SABADO  PROFESOR  OBSERVACIONES  1618  TALLER DE INVESTIGACION II  08:00 a 18:00 AULA PENDIENTE  ESCOBAR HERNANDEZ ROGELIO  TEMáTICA: ANáLISIS EXPERIMENTAL DE LA CONDUCTA: PRE-REQUISITOS: ENTREVISTA CON EL PROFESOR, PREVIA A LA INSCRIPCIóN DEL CURSO, OBLIGATORIA, ROGELIO_ESCOBAR@COMUNIDAD.UNAM.MX  Grupo 6109  CLAVE  ASIGNATURA  LUNES  MARTES  MIERCOLES  JUEVES  VIERNES  SABADO  PROFESOR  OBSERVACIONES  1618  TALLER DE INVESTIGACION II  08:00 a 18:00 AULA PENDIENTE  AVILA SANTIBANEZ RAUL  TEMáTICA: SECUENCIAS DE RESPUESTAS: PRE-REQUISITOS: ENTREVISTA CON EL PROFESOR, PREVIA A LA INSCRIPCIóN DEL CURSO, OBLIGATORIA, RAULAS@UNAM.MX  Grupo 6110  CLAVE  ASIGNATURA  LUNES  MARTES  MIERCOLES  JUEVES  VIERNES  SABADO  PROFESOR  OBSERVACIONES  1618  TALLER DE INVESTIGACION II  09:00 a 19:00 AULA PENDIENTE  ALVA CANTO ELDA ALICIA  TEMáTICA: ADQUISICIóN DEL LENGUAJE EN INFANTES. PROCESOS SUBYACENTES; PRE-REQUISITOS: ENTREVISTA CON EL PROFESOR, PREVIA A LA INSCRIPCIóN DEL CURSO, OBLIGATORIA, ALVA@UNAM.MX  Grupo 6111  CLAVE  ASIGNATURA  LUNES  MARTES  MIERCOLES  JUEVES  VIERNES  SABADO  PROFESOR  OBSERVACIONES  1618  TALLER DE INVESTIGACION II  08:00 a 18:00 AULA PENDIENTE  BOUZAS RIAÑO ARTURO  TEMáTICA: SOLO ESTUDIANTES INTERESADOS EN EL ESTUDIO EXPERIMENTAL DE LA DECISIóN, ELECCIóN, MODELOS DE REFUERZO Y MODELOS BAYESIANOS; PRE-REQUISITOS:INDISPENSABLE UNA ENTREVISTA PREVIA CON EL PROFESOR.","Grupo 6101  CLAVE  ASIGNATURA  LUNES  MARTES  MIERCOLES  JUEVES  VIERNES  SABADO  PROFESOR  OBSERVACIONES  1615  APRENDIZAJE,MOTIVAC.Y COGNIC. II  08:00 a 11:00 A 101  10:00 a 12:00 A 101  BACHA MENDEZ GUSTAVO  TEMáTICA: COGNICIóN ANIMAL Y BIOéTICA; PRE-REQUISITOS: LECTURAS EN INGLéS.  1616  DESAR.ACTUALS.EN COGNIC.COMPOR.II  12:00 a 15:00 A 310  VELAZQUEZ MARTINEZ DAVID NATHANAEL  TEMáTICA:VALOR DE REFORZAMIENTO Y ESFUERZO; PRE-REQUISITOS: INTERéS POR LA INVESTIGACIóN.  1618  TALLER DE INVESTIGACION II  11:00 a 13:00 B 17  08:00 a 16:00 AULA PENDIENTE  GARCIA CABRERO BENILDE  TEMáTICA: REVISIóN DEL TEMA DE VIOLENCIA EN LA COMUNIDAD UNIVERSITARIA; PRE-REQUISITOS: CUBRIR EL HORARIO DE LOS LUNES Y 8 HORAS DE ACTIVIDADES EN ESCENARIO A LO LARGO DE LA SEMANA, HORARIO A ACORDAR CON LA PROFESORA.  Grupo 6102  CLAVE  ASIGNATURA  LUNES  MARTES  MIERCOLES  JUEVES  VIERNES  SABADO  PROFESOR  OBSERVACIONES  1615  APRENDIZAJE,MOTIVAC.Y COGNIC. II  15:00 a 17:30 URIDES 3 Edif C  15:00 a 17:30 URIDES 3 Edif C  REYES CONTRERAS RAUL  TEMáTICA: PSICOFíSICA SOCIAL, TEORíA DE INTEGRACIóN DE INFORMACIóN Y MEDICIóN FUNCIONAL; PRE-REQUISITOS: HABER CURSADO AMC L, IY AD L Y ESTAR CURSANDO IYAD LL.  1616  DESAR.ACTUALS.EN COGNIC.COMPOR.II  15:00 a 18:00 AULA PENDIENTE  CANSINO ORTIZ CARMEN SELENE  TEMáTICA: DISEñOS EXPERIMENTALES EN COGNICIóN; PRE-REQUISITOS: INTERéS POR LA INVESTIGACIóN.  1617  INVESTIGAC.Y ANALISIS DE DATOS II  08:00 a 10:00 B 12  08:00 a 10:00 B 12  SANCHEZ CARRASCO LIVIA  TEMáTICA: INTRODUCCIóN A LOS MODELOS LINEALES GENERALIZADOS; PRE-REQUISITOS: POSEER CONOCIMIENTOS DE PROGRAMACIóN R, ASí COMO USO DE LA IDE R STUDIO, POSEER CONOCIMIENTOS SOBRE MODELOS DE REGRESIóN LINEAL SIMPLE Y MúLTIPLE.  1618  TALLER DE INVESTIGACION II  12:00 a 14:00 AULA PENDIENTE  08:00 a 16:00 AULA PENDIENTE  ZAMORA AREVALO OSCAR  TEMáTICA: COGNICIóN EXPERIMENTAL Y CIENCIAS DEL COMPORTAMIENTO; PRE-REQUISITOS: INTERéS POR LA INVESTIGACIóN BáSICA EN LABORATORIO Y LEER EN INGLéS, ES INDISPENSABLE CONTACTARSE CON EL PROFESOR PREVIO A LA INSCRIPCIóN AL CORREO OZAMORA@GMAIL.COM  Grupo 6103  CLAVE  ASIGNATURA  LUNES  MARTES  MIERCOLES  JUEVES  VIERNES  SABADO  PROFESOR  OBSERVACIONES  1615  APRENDIZAJE,MOTIVAC.Y COGNIC. II  12:00 a 15:00 A 101  12:00 a 14:00 A 101  BOUZAS RIAÑO ARTURO  TEMáTICA: UNA INTRODUCCIóN A LAS APLICACIONES DE LOS PRINCIPIOS DE LAS CIENCIAS DEL COMPORTAMIENTO EN áMBITOS NATURALES, DESDE LA CLíNICA HASTA LAS POLíTICAS PúBLICAS; SIN PRE-REQUISITOS.  1616  DESAR.ACTUALS.EN COGNIC.COMPOR.II  09:00 a 12:00 Edif C Salon 3  ROLDAN GARCIA DANIELA  TEMATICA: ENTREVISTA MOTIVACIONAL E INTERVENCIONES BREVES EN ADICCIONES; SIN PRE-REQUISITOS.  1617  INVESTIGAC.Y ANALISIS DE DATOS II  12:00 a 14:00 B 12  09:00 a 11:00 B 12  CUEVAS RENAUD CORINA MARGARITA  TEMáTICA: COMPRENSIóN Y APLICACIóN DE LAS MATEMáTICAS PARA LA RESOLUCIóN DE PROBLEMAS PRáCTICOS EN ESTADíSTICA; PRE-REQUISITOS: CALCULADORA CIENTíFICA Y DISPOSITIVO ELECTRóNICO CON SPSS DE PREFERENCIA  1618  TALLER DE INVESTIGACION II  16:00 a 21:00 A 211  08:00 a 13:00 AULA PENDIENTE  ERAZO ÑAÑEZ LEYDY ALEEN VAZQUEZ LIRA RAMSES  TEMáTICA: EVALUACIONES DE PROYECTOS CON USO DE IA. PRE-REQUISITOS: ACORDAR HORARIO CON LOS PROFESORES, ESCRIBIR A ERAZO25@GMAIL.COM, REVISAR PROGRAMA HTTPS://CUTT.LY/HWTMXRBD  Grupo 6104  CLAVE  ASIGNATURA  LUNES  MARTES  MIERCOLES  JUEVES  VIERNES  SABADO  PROFESOR  OBSERVACIONES  1616  DESAR.ACTUALS.EN COGNIC.COMPOR.II  10:00 a 13:00 A 311  AMAYA MORA DAVID  TEMáTICA: IMPLEMENTACIóN DE PRINCIPIOS BáSICOS DEL COMPORTAMIENTO EN LA PREVENCIóN DEL SUICIDIO; SIN PRE-REQUISITOS  1617  INVESTIGAC.Y ANALISIS DE DATOS II  17:00 a 19:00 B 12  17:00 a 19:00 B 12  ROMERO SANCHEZ PATRICIA  TEMáTICA: MODELO LINEAL GENERAL: ANáLISIS CON PREDICTORES CATEGóRICOS; PRE-REQUISITOS: HABER CURSADO INVESTIGACIóN Y ANáLISIS DE DATOS L.  1618  TALLER DE INVESTIGACION II  10:00 a 12:00 AULA PENDIENTE  08:00 a 10:00 AULA PENDIENTE  10:00 a 12:00 AULA PENDIENTE  10:00 a 12:00 AULA PENDIENTE  10:00 a 12:00 AULA PENDIENTE  DURON FIGUEROA RAUL  TEMáTICA: INCORPORACIóN AL LABORATORIO DE ENSEñANZA VIRTUAL Y CIBERPSICOLOGíA; PRE-REQUISITOS: COMPRENSIóN DE TEXTOS EN INGLéS, BúSQUEDA BIBLIOGRáFICA EN BASES DE DATOS ESPECIALIZADAS.  Grupo 6105  CLAVE  ASIGNATURA  LUNES  MARTES  MIERCOLES  JUEVES  VIERNES  SABADO  PROFESOR  OBSERVACIONES  1616  DESAR.ACTUALS.EN COGNIC.COMPOR.II  11:00 a 14:00 Edif C Salon 2  TOVAR Y ROMO ANGEL EUGENIO  TEMáTICA: COGNICIóN Y LENGUAJE; PRE-REQUISITO: INDISPENSABLE LEER EN INGLéS  1617  INVESTIGAC.Y ANALISIS DE DATOS II  11:00 a 13:00 AULA PENDIENTE  11:00 a 13:00 AULA PENDIENTE  REYES CORTES ANA MARIA  MEDIATECA TEMáTICA: APLICACIóN DE ESTADíSTICA EN EL CONTEXTO DE LA INVESTIGACIóN; SIN PRE-REQUISITOS.  1618  TALLER DE INVESTIGACION II  09:00 a 11:00 AULA PENDIENTE  09:00 a 11:00 AULA PENDIENTE  09:00 a 11:00 AULA PENDIENTE  09:00 a 11:00 AULA PENDIENTE  09:00 a 11:00 AULA PENDIENTE  ORDUÑA TRUJILLO OSCAR VLADIMIR  TEMáTICA:ELECCIóN ANIMAL; PRE-REQUISITOS: FLUIDES EN LECTURA DE INGLéS EN EL TEMA DE INVESTIGACIóN.  Grupo 6106  CLAVE  ASIGNATURA  LUNES  MARTES  MIERCOLES  JUEVES  VIERNES  SABADO  PROFESOR  OBSERVACIONES  1616  DESAR.ACTUALS.EN COGNIC.COMPOR.II  19:00 a 22:00 AULA PENDIENTE  SANCHEZ SOSA JUAN JOSE  TEMáTICA: INVESTIGACIóN DE FACTORES DE RIESGO E INTERVENCIóN; PRE-REQUISITOS: BUENA COMPRENSIóN DE LECTURA EN INGLéS, EL HORARIO REAL DE LA MATERIA ES EL MARTES DE 17:00-20:00 HRS EN EL AUDITORIO 1617  INVESTIGAC.Y ANALISIS DE DATOS II  10:00 a 12:00 B 12  10:30 a 12:30 AULA PENDIENTE  MENEZ DIAZ JUDITH MARINA  TEMáTICA: ANOVA (UNA VíA Y MULTIVíA), MEDIDAS REPETIDAS; PRE-REQUISITOS: HABER CURSADO IYAD LL, DESDE LA PERSPECTIVA DE COMPARACIóN DE MODELOS. 1618  TALLER DE INVESTIGACION II  08:00 a 18:00 AULA PENDIENTE  CANSINO ORTIZ CARMEN SELENE  TEMáTICA: MéTODOS EN PSICOLOGíA COGNOSCITIVA; PRE-REQUISITOS:INTERéS POR LA INVESTIGACIóN, HORARIO A ACORDAR CON LA PROFESORA.  Grupo 6107  CLAVE  ASIGNATURA  LUNES  MARTES  MIERCOLES  JUEVES  VIERNES  SABADO  PROFESOR  OBSERVACIONES  1616  DESAR.ACTUALS.EN COGNIC.COMPOR.II  11:00 a 14:00 A 314  LE CORRE MATHIEU MICHEL  TEMáTICA: CONOCIMIENTOS MATEMáTICOS: DE LA CUNA AL AULA; PRE-REQUISITOS: INTERéS EN EL ANáLISIS DE LA ESTRUCTURA DEL PENSAMIENTO Y EN LAS MATEMáTICAS, CAPACIDAD PARA LEER EN INGLéS.  1618  TALLER DE INVESTIGACION II  08:00 a 18:00 AULA PENDIENTE  MENEZ DIAZ JUDITH MARINA  TEMáTICA: DISCRIMINACIóN TEMPORAL; PRE-REQUISITOS: ENTREVISTA CON EL PROFESOR, PREVIA A LA INSCRIPCIóN DEL CURSO, OBLIGATORIA, MENEZ@UNAM.MX  Grupo 6108  CLAVE  ASIGNATURA  LUNES  MARTES  MIERCOLES  JUEVES  VIERNES  SABADO  PROFESOR  OBSERVACIONES  1618  TALLER DE INVESTIGACION II  08:00 a 18:00 AULA PENDIENTE  ESCOBAR HERNANDEZ ROGELIO  TEMáTICA: ANáLISIS EXPERIMENTAL DE LA CONDUCTA: PRE-REQUISITOS: ENTREVISTA CON EL PROFESOR, PREVIA A LA INSCRIPCIóN DEL CURSO, OBLIGATORIA, ROGELIO_ESCOBAR@COMUNIDAD.UNAM.MX  Grupo 6109  CLAVE  ASIGNATURA  LUNES  MARTES  MIERCOLES  JUEVES  VIERNES  SABADO  PROFESOR  OBSERVACIONES  1618  TALLER DE INVESTIGACION II  08:00 a 18:00 AULA PENDIENTE  AVILA SANTIBANEZ RAUL  TEMáTICA: SECUENCIAS DE RESPUESTAS: PRE-REQUISITOS: ENTREVISTA CON EL PROFESOR, PREVIA A LA INSCRIPCIóN DEL CURSO, OBLIGATORIA, RAULAS@UNAM.MX  Grupo 6110  CLAVE  ASIGNATURA  LUNES  MARTES  MIERCOLES  JUEVES  VIERNES  SABADO  PROFESOR  OBSERVACIONES  1618  TALLER DE INVESTIGACION II  09:00 a 19:00 AULA PENDIENTE  ALVA CANTO ELDA ALICIA  TEMáTICA: ADQUISICIóN DEL LENGUAJE EN INFANTES. PROCESOS SUBYACENTES; PRE-REQUISITOS: ENTREVISTA CON EL PROFESOR, PREVIA A LA INSCRIPCIóN DEL CURSO, OBLIGATORIA, ALVA@UNAM.MX  Grupo 6111  CLAVE  ASIGNATURA  LUNES  MARTES  MIERCOLES  JUEVES  VIERNES  SABADO  PROFESOR  OBSERVACIONES  1618  TALLER DE INVESTIGACION II  08:00 a 18:00 AULA PENDIENTE  BOUZAS RIAÑO ARTURO  TEMáTICA: SOLO ESTUDIANTES INTERESADOS EN EL ESTUDIO EXPERIMENTAL DE LA DECISIóN, ELECCIóN, MODELOS DE REFUERZO Y MODELOS BAYESIANOS; PRE-REQUISITOS:INDISPENSABLE UNA ENTREVISTA PREVIA CON EL PROFESOR.",,,,,,,,CIENCIAS COGNITIVAS Y DEL COMPORTAMIENTO
Grupo 6101,Grupo 6101,Grupo 6101,Grupo 6101,Grupo 6101,Grupo 6101,Grupo 6101,Grupo 6101,Grupo 6101,Grupo 6101,CIENCIAS COGNITIVAS Y DEL COMPORTAMIENTO
CLAVE,ASIGNATURA,LUNES,MARTES,MIERCOLES,JUEVES,VIERNES,SABADO,PROFESOR,OBSERVACIONES,CIENCIAS COGNITIVAS Y DEL COMPORTAMIENTO
1615,"APRENDIZAJE,MOTIVAC.Y COGNIC. II",08:00 a 11:00 A 101,,,,10:00 a 12:00 A 101,,BACHA MENDEZ GUSTAVO,TEMáTICA: COGNICIóN ANIMAL Y BIOéTICA; PRE-REQUISITOS: LECTURAS EN INGLéS.,CIENCIAS COGNITIVAS Y DEL COMPORTAMIENTO
1616,DESAR.ACTUALS.EN COGNIC.COMPOR.II,,12:00 a 15:00 A 310,,,,,VELAZQUEZ MARTINEZ DAVID NATHANAEL,TEMáTICA:VALOR DE REFORZAMIENTO Y ESFUERZO; PRE-REQUISITOS: INTERéS POR LA INVESTIGACIóN.,CIENCIAS COGNITIVAS Y DEL COMPORTAMIENTO
1618,TALLER DE INVESTIGACION II,11:00 a 13:00 B 17,,,,,08:00 a 16:00 AULA PENDIENTE,GARCIA CABRERO BENILDE,"TEMáTICA: REVISIóN DEL TEMA DE VIOLENCIA EN LA COMUNIDAD UNIVERSITARIA; PRE-REQUISITOS: CUBRIR EL HORARIO DE LOS LUNES Y 8 HORAS DE ACTIVIDADES EN ESCENARIO A LO LARGO DE LA SEMANA, HORARIO A ACORDAR CON LA PROFESORA.",CIENCIAS COGNITIVAS Y DEL COMPORTAMIENTO
Grupo 6102,Grupo 6102,Grupo 6102,Grupo 6102,Grupo 6102,Grupo 6102,Grupo 6102,Grupo 6102,Grupo 6102,Grupo 6102,CIENCIAS COGNITIVAS Y DEL COMPORTAMIENTO
CLAVE,ASIGNATURA,LUNES,MARTES,MIERCOLES,JUEVES,VIERNES,SABADO,PROFESOR,OBSERVACIONES,CIENCIAS COGNITIVAS Y DEL COMPORTAMIENTO
1615,"APRENDIZAJE,MOTIVAC.Y COGNIC. II",,,15:00 a 17:30 URIDES 3 Edif C,15:00 a 17:30 URIDES 3 Edif C,,,REYES CONTRERAS RAUL,"TEMáTICA: PSICOFíSICA SOCIAL, TEORíA DE INTEGRACIóN DE INFORMACIóN Y MEDICIóN FUNCIONAL; PRE-REQUISITOS: HABER CURSADO AMC L, IY AD L Y ESTAR CURSANDO IYAD LL.",CIENCIAS COGNITIVAS Y DEL COMPORTAMIENTO
1616,DESAR.ACTUALS.EN COGNIC.COMPOR.II,15:00 a 18:00 AULA PENDIENTE,,,,,,CANSINO ORTIZ CARMEN SELENE,TEMáTICA: DISEñOS EXPERIMENTALES EN COGNICIóN; PRE-REQUISITOS: INTERéS POR LA INVESTIGACIóN.,CIENCIAS COGNITIVAS Y DEL COMPORTAMIENTO
1617,INVESTIGAC.Y ANALISIS DE DATOS II,,08:00 a 10:00 B 12,,08:00 a 10:00 B 12,,,SANCHEZ CARRASCO LIVIA,"TEMáTICA: INTRODUCCIóN A LOS MODELOS LINEALES GENERALIZADOS; PRE-REQUISITOS: POSEER CONOCIMIENTOS DE PROGRAMACIóN R, ASí COMO USO DE LA IDE R STUDIO, POSEER CONOCIMIENTOS SOBRE MODELOS DE REGRESIóN LINEAL SIMPLE Y MúLTIPLE.",CIENCIAS COGNITIVAS Y DEL COMPORTAMIENTO
1618,TALLER DE INVESTIGACION II,,,12:00 a 14:00 AULA PENDIENTE,,,08:00 a 16:00 AULA PENDIENTE,ZAMORA AREVALO OSCAR,"TEMáTICA: COGNICIóN EXPERIMENTAL Y CIENCIAS DEL COMPORTAMIENTO; PRE-REQUISITOS: INTERéS POR LA INVESTIGACIóN BáSICA EN LABORATORIO Y LEER EN INGLéS, ES INDISPENSABLE CONTACTARSE CON EL PROFESOR PREVIO A LA INSCRIPCIóN AL CORREO OZAMORA@GMAIL.COM",CIENCIAS COGNITIVAS Y DEL COMPORTAMIENTO
Grupo 6103,Grupo 6103,Grupo 6103,Grupo 6103,Grupo 6103,Grupo 6103,Grupo 6103,Grupo 6103,Grupo 6103,Grupo 6103,CIENCIAS COGNITIVAS Y DEL COMPORTAMIENTO
CLAVE,ASIGNATURA,LUNES,MARTES,MIERCOLES,JUEVES,VIERNES,SABADO,PROFESOR,OBSERVACIONES,CIENCIAS COGNITIVAS Y DEL COMPORTAMIENTO
1615,"APRENDIZAJE,MOTIVAC.Y COGNIC. II",,,,12:00 a 15:00 A 101,12:00 a 14:00 A 101,,BOUZAS RIAÑO ARTURO,"TEMáTICA: UNA INTRODUCCIóN A LAS APLICACIONES DE LOS PRINCIPIOS DE LAS CIENCIAS DEL COMPORTAMIENTO EN áMBITOS NATURALES, DESDE LA CLíNICA HASTA LAS POLíTICAS PúBLICAS; SIN PRE-REQUISITOS.",CIENCIAS COGNITIVAS Y DEL COMPORTAMIENTO
1616,DESAR.ACTUALS.EN COGNIC.COMPOR.II,,,,09:00 a 12:00 Edif C Salon 3,,,ROLDAN GARCIA DANIELA,TEMATICA: ENTREVISTA MOTIVACIONAL E INTERVENCIONES BREVES EN ADICCIONES; SIN PRE-REQUISITOS.,CIENCIAS COGNITIVAS Y DEL COMPORTAMIENTO
1617,INVESTIGAC.Y ANALISIS DE DATOS II,,12:00 a 14:00 B 12,,,09:00 a 11:00 B 12,,CUEVAS RENAUD CORINA MARGARITA,TEMáTICA: COMPRENSIóN Y APLICACIóN DE LAS MATEMáTICAS PARA LA RESOLUCIóN DE PROBLEMAS PRáCTICOS EN ESTADíSTICA; PRE-REQUISITOS: CALCULADORA CIENTíFICA Y DISPOSITIVO ELECTRóNICO CON SPSS DE PREFERENCIA,CIENCIAS COGNITIVAS Y DEL COMPORTAMIENTO
1618,TALLER DE INVESTIGACION II,,,,16:00 a 21:00 A 211,,08:00 a 13:00 AULA PENDIENTE,ERAZO ÑAÑEZ LEYDY ALEEN VAZQUEZ LIRA RAMSES,"TEMáTICA: EVALUACIONES DE PROYECTOS CON USO DE IA. PRE-REQUISITOS: ACORDAR HORARIO CON LOS PROFESORES, ESCRIBIR A ERAZO25@GMAIL.COM, REVISAR PROGRAMA HTTPS://CUTT.LY/HWTMXRBD",CIENCIAS COGNITIVAS Y DEL COMPORTAMIENTO
Grupo 6104,Grupo 6104,Grupo 6104,Grupo 6104,Grupo 6104,Grupo 6104,Grupo 6104,Grupo 6104,Grupo 6104,Grupo 6104,CIENCIAS COGNITIVAS Y DEL COMPORTAMIENTO
CLAVE,ASIGNATURA,LUNES,MARTES,MIERCOLES,JUEVES,VIERNES,SABADO,PROFESOR,OBSERVACIONES,CIENCIAS COGNITIVAS Y DEL COMPORTAMIENTO
1616,DESAR.ACTUALS.EN COGNIC.COMPOR.II,,10:00 a 13:00 A 311,,,,,AMAYA MORA DAVID,TEMáTICA: IMPLEMENTACIóN DE PRINCIPIOS BáSICOS DEL COMPORTAMIENTO EN LA PREVENCIóN DEL SUICIDIO; SIN PRE-REQUISITOS,CIENCIAS COGNITIVAS Y DEL COMPORTAMIENTO
1617,INVESTIGAC.Y ANALISIS DE DATOS II,17:00 a 19:00 B 12,,17:00 a 19:00 B 12,,,,ROMERO SANCHEZ PATRICIA,TEMáTICA: MODELO LINEAL GENERAL: ANáLISIS CON PREDICTORES CATEGóRICOS; PRE-REQUISITOS: HABER CURSADO INVESTIGACIóN Y ANáLISIS DE DATOS L.,CIENCIAS COGNITIVAS Y DEL COMPORTAMIENTO
1618,TALLER DE INVESTIGACION II,10:00 a 12:00 AULA PENDIENTE,08:00 a 10:00 AULA PENDIENTE,10:00 a 12:00 AULA PENDIENTE,10:00 a 12:00 AULA PENDIENTE,10:00 a 12:00 AULA PENDIENTE,,DURON FIGUEROA RAUL,"TEMáTICA: INCORPORACIóN AL LABORATORIO DE ENSEñANZA VIRTUAL Y CIBERPSICOLOGíA; PRE-REQUISITOS: COMPRENSIóN DE TEXTOS EN INGLéS, BúSQUEDA BIBLIOGRáFICA EN BASES DE DATOS ESPECIALIZADAS.",CIENCIAS COGNITIVAS Y DEL COMPORTAMIENTO
Grupo 6105,Grupo 6105,Grupo 6105,Grupo 6105,Grupo 6105,Grupo 6105,Grupo 6105,Grupo 6105,Grupo 6105,Grupo 6105,CIENCIAS COGNITIVAS Y DEL COMPORTAMIENTO
CLAVE,ASIGNATURA,LUNES,MARTES,MIERCOLES,JUEVES,VIERNES,SABADO,PROFESOR,OBSERVACIONES,CIENCIAS COGNITIVAS Y DEL COMPORTAMIENTO
1616,DESAR.ACTUALS.EN COGNIC.COMPOR.II,,11:00 a 14:00 Edif C Salon 2,,,,,TOVAR Y ROMO ANGEL EUGENIO,TEMáTICA: COGNICIóN Y LENGUAJE; PRE-REQUISITO: INDISPENSABLE LEER EN INGLéS,CIENCIAS COGNITIVAS Y DEL COMPORTAMIENTO
1617,INVESTIGAC.Y ANALISIS DE DATOS II,,,,11:00 a 13:00 AULA PENDIENTE,11:00 a 13:00 AULA PENDIENTE,,REYES CORTES ANA MARIA,MEDIATECA TEMáTICA: APLICACIóN DE ESTADíSTICA EN EL CONTEXTO DE LA INVESTIGACIóN; SIN PRE-REQUISITOS.,CIENCIAS COGNITIVAS Y DEL COMPORTAMIENTO
1618,TALLER DE INVESTIGACION II,09:00 a 11:00 AULA PENDIENTE,09:00 a 11:00 AULA PENDIENTE,09:00 a 11:00 AULA PENDIENTE,09:00 a 11:00 AULA PENDIENTE,09:00 a 11:00 AULA PENDIENTE,,ORDUÑA TRUJILLO OSCAR VLADIMIR,TEMáTICA:ELECCIóN ANIMAL; PRE-REQUISITOS: FLUIDES EN LECTURA DE INGLéS EN EL TEMA DE INVESTIGACIóN.,CIENCIAS COGNITIVAS Y DEL COMPORTAMIENTO
Grupo 6106,Grupo 6106,Grupo 6106,Grupo 6106,Grupo 6106,Grupo 6106,Grupo 6106,Grupo 6106,Grupo 6106,Grupo 6106,CIENCIAS COGNITIVAS Y DEL COMPORTAMIENTO
CLAVE,ASIGNATURA,LUNES,MARTES,MIERCOLES,JUEVES,VIERNES,SABADO,PROFESOR,OBSERVACIONES,CIENCIAS COGNITIVAS Y DEL COMPORTAMIENTO
1616,DESAR.ACTUALS.EN COGNIC.COMPOR.II,,19:00 a 22:00 AULA PENDIENTE,,,,,SANCHEZ SOSA JUAN JOSE,"TEMáTICA: INVESTIGACIóN DE FACTORES DE RIESGO E INTERVENCIóN; PRE-REQUISITOS: BUENA COMPRENSIóN DE LECTURA EN INGLéS, EL HORARIO REAL DE LA MATERIA ES EL MARTES DE 17:00-20:00 HRS EN EL AUDITORIO",CIENCIAS COGNITIVAS Y DEL COMPORTAMIENTO
1617,INVESTIGAC.Y ANALISIS DE DATOS II,10:00 a 12:00 B 12,10:30 a 12:30 AULA PENDIENTE,,,,,MENEZ DIAZ JUDITH MARINA,"TEMáTICA: ANOVA (UNA VíA Y MULTIVíA), MEDIDAS REPETIDAS; PRE-REQUISITOS: HABER CURSADO IYAD LL, DESDE LA PERSPECTIVA DE COMPARACIóN DE MODELOS.",CIENCIAS COGNITIVAS Y DEL COMPORTAMIENTO
1618,TALLER DE INVESTIGACION II,,,,,,08:00 a 18:00 AULA PENDIENTE,CANSINO ORTIZ CARMEN SELENE,"TEMáTICA: MéTODOS EN PSICOLOGíA COGNOSCITIVA; PRE-REQUISITOS:INTERéS POR LA INVESTIGACIóN, HORARIO A ACORDAR CON LA PROFESORA.",CIENCIAS COGNITIVAS Y DEL COMPORTAMIENTO
Grupo 6107,Grupo 6107,Grupo 6107,Grupo 6107,Grupo 6107,Grupo 6107,Grupo 6107,Grupo 6107,Grupo 6107,Grupo 6107,CIENCIAS COGNITIVAS Y DEL COMPORTAMIENTO
CLAVE,ASIGNATURA,LUNES,MARTES,MIERCOLES,JUEVES,VIERNES,SABADO,PROFESOR,OBSERVACIONES,CIENCIAS COGNITIVAS Y DEL COMPORTAMIENTO
1616,DESAR.ACTUALS.EN COGNIC.COMPOR.II,,,,,11:00 a 14:00 A 314,,LE CORRE MATHIEU MICHEL,"TEMáTICA: CONOCIMIENTOS MATEMáTICOS: DE LA CUNA AL AULA; PRE-REQUISITOS: INTERéS EN EL ANáLISIS DE LA ESTRUCTURA DEL PENSAMIENTO Y EN LAS MATEMáTICAS, CAPACIDAD PARA LEER EN INGLéS.",CIENCIAS COGNITIVAS Y DEL COMPORTAMIENTO
1618,TALLER DE INVESTIGACION II,,,,,,08:00 a 18:00 AULA PENDIENTE,MENEZ DIAZ JUDITH MARINA,"TEMáTICA: DISCRIMINACIóN TEMPORAL; PRE-REQUISITOS: ENTREVISTA CON EL PROFESOR, PREVIA A LA INSCRIPCIóN DEL CURSO, OBLIGATORIA, MENEZ@UNAM.MX",CIENCIAS COGNITIVAS Y DEL COMPORTAMIENTO
Grupo 6108,Grupo 6108,Grupo 6108,Grupo 6108,Grupo 6108,Grupo 6108,Grupo 6108,Grupo 6108,Grupo 6108,Grupo 6108,CIENCIAS COGNITIVAS Y DEL COMPORTAMIENTO
CLAVE,ASIGNATURA,LUNES,MARTES,MIERCOLES,JUEVES,VIERNES,SABADO,PROFESOR,OBSERVACIONES,CIENCIAS COGNITIVAS Y DEL COMPORTAMIENTO
1618,TALLER DE INVESTIGACION II,,,,,,08:00 a 18:00 AULA PENDIENTE,ESCOBAR HERNANDEZ ROGELIO,"TEMáTICA: ANáLISIS EXPERIMENTAL DE LA CONDUCTA: PRE-REQUISITOS: ENTREVISTA CON EL PROFESOR, PREVIA A LA INSCRIPCIóN DEL CURSO, OBLIGATORIA, ROGELIO_ESCOBAR@COMUNIDAD.UNAM.MX",CIENCIAS COGNITIVAS Y DEL COMPORTAMIENTO
Grupo 6109,Grupo 6109,Grupo 6109,Grupo 6109,Grupo 6109,Grupo 6109,Grupo 6109,Grupo 6109,Grupo 6109,Grupo 6109,CIENCIAS COGNITIVAS Y DEL COMPORTAMIENTO
CLAVE,ASIGNATURA,LUNES,MARTES,MIERCOLES,JUEVES,VIERNES,SABADO,PROFESOR,OBSERVACIONES,CIENCIAS COGNITIVAS Y DEL COMPORTAMIENTO
1618,TALLER DE INVESTIGACION II,,,,,,08:00 a 18:00 AULA PENDIENTE,AVILA SANTIBANEZ RAUL,"TEMáTICA: SECUENCIAS DE RESPUESTAS: PRE-REQUISITOS: ENTREVISTA CON EL PROFESOR, PREVIA A LA INSCRIPCIóN DEL CURSO, OBLIGATORIA, RAULAS@UNAM.MX",CIENCIAS COGNITIVAS Y DEL COMPORTAMIENTO
Grupo 6110,Grupo 6110,Grupo 6110,Grupo 6110,Grupo 6110,Grupo 6110,Grupo 6110,Grupo 6110,Grupo 6110,Grupo 6110,CIENCIAS COGNITIVAS Y DEL COMPORTAMIENTO
CLAVE,ASIGNATURA,LUNES,MARTES,MIERCOLES,JUEVES,VIERNES,SABADO,PROFESOR,OBSERVACIONES,CIENCIAS COGNITIVAS Y DEL COMPORTAMIENTO
1618,TALLER DE INVESTIGACION II,,,,,,09:00 a 19:00 AULA PENDIENTE,ALVA CANTO ELDA ALICIA,"TEMáTICA: ADQUISICIóN DEL LENGUAJE EN INFANTES. PROCESOS SUBYACENTES; PRE-REQUISITOS: ENTREVISTA CON EL PROFESOR, PREVIA A LA INSCRIPCIóN DEL CURSO, OBLIGATORIA, ALVA@UNAM.MX",CIENCIAS COGNITIVAS Y DEL COMPORTAMIENTO
Grupo 6111,Grupo 6111,Grupo 6111,Grupo 6111,Grupo 6111,Grupo 6111,Grupo 6111,Grupo 6111,Grupo 6111,Grupo 6111,CIENCIAS COGNITIVAS Y DEL COMPORTAMIENTO
CLAVE,ASIGNATURA,LUNES,MARTES,MIERCOLES,JUEVES,VIERNES,SABADO,PROFESOR,OBSERVACIONES,CIENCIAS COGNITIVAS Y DEL COMPORTAMIENTO
1618,TALLER DE INVESTIGACION II,,,,,,08:00 a 18:00 AULA PENDIENTE,BOUZAS RIAÑO ARTURO,"TEMáTICA: SOLO ESTUDIANTES INTERESADOS EN EL ESTUDIO EXPERIMENTAL DE LA DECISIóN, ELECCIóN, MODELOS DE REFUERZO Y MODELOS BAYESIANOS; PRE-REQUISITOS:INDISPENSABLE UNA ENTREVISTA PREVIA CON EL PROFESOR.",CIENCIAS COGNITIVAS Y DEL COMPORTAMIENTO
Selecciona el semestre a consultar  ----------- 2do Semestre 	4to Semestre 	6to Semestre 	8vo Semestre  OPTATIVAS DE GENERO (Plan 2008)  OPTATIVAS,Selecciona el tipo de busqueda  ----------- Grupo 	Asignatura,Selecciona el campo del conocimiento  ----------- CIENCIAS COGNITIVAS Y DEL COMPORTAMIENTO 	PROCESOS PSICOSOCIALES Y CULTURALES 	PSICOBIOLOGIA Y NEUROCIENCIAS 	PSICOLOGIA CLINICA Y DE LA SALUD 	PSICOLOGIA DE LA EDUCACION 	PSICOLOGIA ORGANIZACIONAL 	CONTEXTUAL,,,,,,,,PROCESOS PSICOSOCIALES Y CULTURALES
,,,,,,,,,,PROCESOS PSICOSOCIALES Y CULTURALES
,,,,,,,,,,PROCESOS PSICOSOCIALES Y CULTURALES
"Grupo 6201  CLAVE  ASIGNATURA  LUNES  MARTES  MIERCOLES  JUEVES  VIERNES  SABADO  PROFESOR  OBSERVACIONES  1610  CONFLICTO, CONFORMIDAD Y CONSENSO  11:00 a 14:00 A 308  09:00 a 16:00 A 303  FALCON MANZANO DIEGO PROFESOR PENDIENTE LA TEORíA SE IMPARTIRá POR LA DRA. GABRIELA CEJA. LA PRáCTICA ES LOS SáBADOS EN LA COLONIA PEDREGAL DE SANTA ÚRSULA COAPA CON PERSONAS TRANSEXUALES, PERSONAL ALCOHóLICAS, PERSONAS QUE MATERNAN Y RELIGIOSIDADES URBANAS.  1611  ESTADISTICA INFERENC.EN PSICOLOGIA  12:00 a 15:00 A 302  VALENCIA CAMARGO MARIA FERNANDA  1612  FUENTES DE INFORMACION  08:00 a 11:00 A 302  FLORES MORALES ROGELIO  1613  INVESTIGACION SOCIAL  07:00 a 10:00 A 107  JURADO CARDENAS RAUL  1614  PSICOLOGIA DE LA VIDA COTIDIANA  11:00 a 14:00 A 302  SOTO RAMIREZ JUAN  Grupo 6202  CLAVE  ASIGNATURA  LUNES  MARTES  MIERCOLES  JUEVES  VIERNES  SABADO  PROFESOR  OBSERVACIONES  1610  CONFLICTO, CONFORMIDAD Y CONSENSO  12:00 a 15:00 A 309  09:00 a 16:00 URIDES 1 Edif C  GARCIA MERAZ MELISSA  LA PRÁCTICA SERÁ LOS VIERNES EN LA ZONA ALREDEDOR DEL METRO COPILCO. CONTACTAR A LA PROFESORA AL CORREO MELISSA.MERAZ@PSICOLOGIA.UNAM.MX Y MELISSAUNAM@YAHOO.COM.MX  1611  ESTADISTICA INFERENC.EN PSICOLOGIA  11:00 a 14:00 A 109  GARCIA MERAZ MELISSA  1612  FUENTES DE INFORMACION  09:00 a 12:00 A 107  ORTIZ HERNANDEZ CITLALI QUETZALLI  1613  INVESTIGACION SOCIAL  09:00 a 12:00 A 207  SANCHEZ ARAGON ROZZANA  1614  PSICOLOGIA DE LA VIDA COTIDIANA  08:00 a 11:00 A 109  FLORES MORALES ROGELIO  Grupo 6203  CLAVE  ASIGNATURA  LUNES  MARTES  MIERCOLES  JUEVES  VIERNES  SABADO  PROFESOR  OBSERVACIONES  1610  CONFLICTO, CONFORMIDAD Y CONSENSO  10:00 a 13:00 URIDES 1 Edif C  08:00 a 15:00 A 308  DOMINGUEZ ZUÑIGA TANIA FABIOLA  LA TEORÍA SERÁ IMPARTIDA POR LA DOCTORA GUADALUPE JUDITH RODRIGUEZ. LA PRACTICA SE LLEVARA A CABO CON NIÑOS, NIÑAS Y ADOLESCENTES EN CONTEXTO DE MOVILIDAD, CONTACTAR A LA PROFESORA TANIADOZU@GMAIL.COM  1611  ESTADISTICA INFERENC.EN PSICOLOGIA  17:00 a 20:00 A 110  DOMINGUEZ ESPINOSA ALEJANDRA DEL CARMEN  1612  FUENTES DE INFORMACION  15:00 a 18:00 A 302  FLORES MORALES ROGELIO  1613  INVESTIGACION SOCIAL  17:00 a 20:00 A 105  ARMENTA HURTARTE CAROLINA  1614  PSICOLOGIA DE LA VIDA COTIDIANA  15:00 a 18:00 A 206  VARELA MACEDO VICTORIA MAGDALENA  Grupo 6204  CLAVE  ASIGNATURA  LUNES  MARTES  MIERCOLES  JUEVES  VIERNES  SABADO  PROFESOR  OBSERVACIONES  1611  ESTADISTICA INFERENC.EN PSICOLOGIA  17:00 a 20:00 A 208  DOMINGUEZ ESPINOSA ALEJANDRA DEL CARMEN  1613  INVESTIGACION SOCIAL  09:00 a 12:00 A 207  SANCHEZ ARAGON ROZZANA  1614  PSICOLOGIA DE LA VIDA COTIDIANA  15:00 a 18:00 A 206  RAMOS BELTRAN IGNACIO  Grupo 6205  CLAVE  ASIGNATURA  LUNES  MARTES  MIERCOLES  JUEVES  VIERNES  SABADO  PROFESOR  OBSERVACIONES  1611  ESTADISTICA INFERENC.EN PSICOLOGIA  11:00 a 14:00 A 110  SOLER ANGUIANO FRANCISCO LEONARDO  1613  INVESTIGACION SOCIAL  15:00 a 18:00 AULA PENDIENTE  LANDEROS MUGICA KARINA  1614  PSICOLOGIA DE LA VIDA COTIDIANA  11:00 a 14:00 A 109  MEDINA LIBERTY JOSE ADRIAN ALFREDO","Grupo 6201  CLAVE  ASIGNATURA  LUNES  MARTES  MIERCOLES  JUEVES  VIERNES  SABADO  PROFESOR  OBSERVACIONES  1610  CONFLICTO, CONFORMIDAD Y CONSENSO  11:00 a 14:00 A 308  09:00 a 16:00 A 303  FALCON MANZANO DIEGO PROFESOR PENDIENTE LA TEORíA SE IMPARTIRá POR LA DRA. GABRIELA CEJA. LA PRáCTICA ES LOS SáBADOS EN LA COLONIA PEDREGAL DE SANTA ÚRSULA COAPA CON PERSONAS TRANSEXUALES, PERSONAL ALCOHóLICAS, PERSONAS QUE MATERNAN Y RELIGIOSIDADES URBANAS.  1611  ESTADISTICA INFERENC.EN PSICOLOGIA  12:00 a 15:00 A 302  VALENCIA CAMARGO MARIA FERNANDA  1612  FUENTES DE INFORMACION  08:00 a 11:00 A 302  FLORES MORALES ROGELIO  1613  INVESTIGACION SOCIAL  07:00 a 10:00 A 107  JURADO CARDENAS RAUL  1614  PSICOLOGIA DE LA VIDA COTIDIANA  11:00 a 14:00 A 302  SOTO RAMIREZ JUAN  Grupo 6202  CLAVE  ASIGNATURA  LUNES  MARTES  MIERCOLES  JUEVES  VIERNES  SABADO  PROFESOR  OBSERVACIONES  1610  CONFLICTO, CONFORMIDAD Y CONSENSO  12:00 a 15:00 A 309  09:00 a 16:00 URIDES 1 Edif C  GARCIA MERAZ MELISSA  LA PRÁCTICA SERÁ LOS VIERNES EN LA ZONA ALREDEDOR DEL METRO COPILCO. CONTACTAR A LA PROFESORA AL CORREO MELISSA.MERAZ@PSICOLOGIA.UNAM.MX Y MELISSAUNAM@YAHOO.COM.MX  1611  ESTADISTICA INFERENC.EN PSICOLOGIA  11:00 a 14:00 A 109  GARCIA MERAZ MELISSA  1612  FUENTES DE INFORMACION  09:00 a 12:00 A 107  ORTIZ HERNANDEZ CITLALI QUETZALLI  1613  INVESTIGACION SOCIAL  09:00 a 12:00 A 207  SANCHEZ ARAGON ROZZANA  1614  PSICOLOGIA DE LA VIDA COTIDIANA  08:00 a 11:00 A 109  FLORES MORALES ROGELIO  Grupo 6203  CLAVE  ASIGNATURA  LUNES  MARTES  MIERCOLES  JUEVES  VIERNES  SABADO  PROFESOR  OBSERVACIONES  1610  CONFLICTO, CONFORMIDAD Y CONSENSO  10:00 a 13:00 URIDES 1 Edif C  08:00 a 15:00 A 308  DOMINGUEZ ZUÑIGA TANIA FABIOLA  LA TEORÍA SERÁ IMPARTIDA POR LA DOCTORA GUADALUPE JUDITH RODRIGUEZ. LA PRACTICA SE LLEVARA A CABO CON NIÑOS, NIÑAS Y ADOLESCENTES EN CONTEXTO DE MOVILIDAD, CONTACTAR A LA PROFESORA TANIADOZU@GMAIL.COM  1611  ESTADISTICA INFERENC.EN PSICOLOGIA  17:00 a 20:00 A 110  DOMINGUEZ ESPINOSA ALEJANDRA DEL CARMEN  1612  FUENTES DE INFORMACION  15:00 a 18:00 A 302  FLORES MORALES ROGELIO  1613  INVESTIGACION SOCIAL  17:00 a 20:00 A 105  ARMENTA HURTARTE CAROLINA  1614  PSICOLOGIA DE LA VIDA COTIDIANA  15:00 a 18:00 A 206  VARELA MACEDO VICTORIA MAGDALENA  Grupo 6204  CLAVE  ASIGNATURA  LUNES  MARTES  MIERCOLES  JUEVES  VIERNES  SABADO  PROFESOR  OBSERVACIONES  1611  ESTADISTICA INFERENC.EN PSICOLOGIA  17:00 a 20:00 A 208  DOMINGUEZ ESPINOSA ALEJANDRA DEL CARMEN  1613  INVESTIGACION SOCIAL  09:00 a 12:00 A 207  SANCHEZ ARAGON ROZZANA  1614  PSICOLOGIA DE LA VIDA COTIDIANA  15:00 a 18:00 A 206  RAMOS BELTRAN IGNACIO  Grupo 6205  CLAVE  ASIGNATURA  LUNES  MARTES  MIERCOLES  JUEVES  VIERNES  SABADO  PROFESOR  OBSERVACIONES  1611  ESTADISTICA INFERENC.EN PSICOLOGIA  11:00 a 14:00 A 110  SOLER ANGUIANO FRANCISCO LEONARDO  1613  INVESTIGACION SOCIAL  15:00 a 18:00 AULA PENDIENTE  LANDEROS MUGICA KARINA  1614  PSICOLOGIA DE LA VIDA COTIDIANA  11:00 a 14:00 A 109  MEDINA LIBERTY JOSE ADRIAN ALFREDO","Grupo 6201  CLAVE  ASIGNATURA  LUNES  MARTES  MIERCOLES  JUEVES  VIERNES  SABADO  PROFESOR  OBSERVACIONES  1610  CONFLICTO, CONFORMIDAD Y CONSENSO  11:00 a 14:00 A 308  09:00 a 16:00 A 303  FALCON MANZANO DIEGO PROFESOR PENDIENTE LA TEORíA SE IMPARTIRá POR LA DRA. GABRIELA CEJA. LA PRáCTICA ES LOS SáBADOS EN LA COLONIA PEDREGAL DE SANTA ÚRSULA COAPA CON PERSONAS TRANSEXUALES, PERSONAL ALCOHóLICAS, PERSONAS QUE MATERNAN Y RELIGIOSIDADES URBANAS.  1611  ESTADISTICA INFERENC.EN PSICOLOGIA  12:00 a 15:00 A 302  VALENCIA CAMARGO MARIA FERNANDA  1612  FUENTES DE INFORMACION  08:00 a 11:00 A 302  FLORES MORALES ROGELIO  1613  INVESTIGACION SOCIAL  07:00 a 10:00 A 107  JURADO CARDENAS RAUL  1614  PSICOLOGIA DE LA VIDA COTIDIANA  11:00 a 14:00 A 302  SOTO RAMIREZ JUAN  Grupo 6202  CLAVE  ASIGNATURA  LUNES  MARTES  MIERCOLES  JUEVES  VIERNES  SABADO  PROFESOR  OBSERVACIONES  1610  CONFLICTO, CONFORMIDAD Y CONSENSO  12:00 a 15:00 A 309  09:00 a 16:00 URIDES 1 Edif C  GARCIA MERAZ MELISSA  LA PRÁCTICA SERÁ LOS VIERNES EN LA ZONA ALREDEDOR DEL METRO COPILCO. CONTACTAR A LA PROFESORA AL CORREO MELISSA.MERAZ@PSICOLOGIA.UNAM.MX Y MELISSAUNAM@YAHOO.COM.MX  1611  ESTADISTICA INFERENC.EN PSICOLOGIA  11:00 a 14:00 A 109  GARCIA MERAZ MELISSA  1612  FUENTES DE INFORMACION  09:00 a 12:00 A 107  ORTIZ HERNANDEZ CITLALI QUETZALLI  1613  INVESTIGACION SOCIAL  09:00 a 12:00 A 207  SANCHEZ ARAGON ROZZANA  1614  PSICOLOGIA DE LA VIDA COTIDIANA  08:00 a 11:00 A 109  FLORES MORALES ROGELIO  Grupo 6203  CLAVE  ASIGNATURA  LUNES  MARTES  MIERCOLES  JUEVES  VIERNES  SABADO  PROFESOR  OBSERVACIONES  1610  CONFLICTO, CONFORMIDAD Y CONSENSO  10:00 a 13:00 URIDES 1 Edif C  08:00 a 15:00 A 308  DOMINGUEZ ZUÑIGA TANIA FABIOLA  LA TEORÍA SERÁ IMPARTIDA POR LA DOCTORA GUADALUPE JUDITH RODRIGUEZ. LA PRACTICA SE LLEVARA A CABO CON NIÑOS, NIÑAS Y ADOLESCENTES EN CONTEXTO DE MOVILIDAD, CONTACTAR A LA PROFESORA TANIADOZU@GMAIL.COM  1611  ESTADISTICA INFERENC.EN PSICOLOGIA  17:00 a 20:00 A 110  DOMINGUEZ ESPINOSA ALEJANDRA DEL CARMEN  1612  FUENTES DE INFORMACION  15:00 a 18:00 A 302  FLORES MORALES ROGELIO  1613  INVESTIGACION SOCIAL  17:00 a 20:00 A 105  ARMENTA HURTARTE CAROLINA  1614  PSICOLOGIA DE LA VIDA COTIDIANA  15:00 a 18:00 A 206  VARELA MACEDO VICTORIA MAGDALENA  Grupo 6204  CLAVE  ASIGNATURA  LUNES  MARTES  MIERCOLES  JUEVES  VIERNES  SABADO  PROFESOR  OBSERVACIONES  1611  ESTADISTICA INFERENC.EN PSICOLOGIA  17:00 a 20:00 A 208  DOMINGUEZ ESPINOSA ALEJANDRA DEL CARMEN  1613  INVESTIGACION SOCIAL  09:00 a 12:00 A 207  SANCHEZ ARAGON ROZZANA  1614  PSICOLOGIA DE LA VIDA COTIDIANA  15:00 a 18:00 A 206  RAMOS BELTRAN IGNACIO  Grupo 6205  CLAVE  ASIGNATURA  LUNES  MARTES  MIERCOLES  JUEVES  VIERNES  SABADO  PROFESOR  OBSERVACIONES  1611  ESTADISTICA INFERENC.EN PSICOLOGIA  11:00 a 14:00 A 110  SOLER ANGUIANO FRANCISCO LEONARDO  1613  INVESTIGACION SOCIAL  15:00 a 18:00 AULA PENDIENTE  LANDEROS MUGICA KARINA  1614  PSICOLOGIA DE LA VIDA COTIDIANA  11:00 a 14:00 A 109  MEDINA LIBERTY JOSE ADRIAN ALFREDO",,,,,,,,PROCESOS PSICOSOCIALES Y CULTURALES
Grupo 6201,Grupo 6201,Grupo 6201,Grupo 6201,Grupo 6201,Grupo 6201,Grupo 6201,Grupo 6201,Grupo 6201,Grupo 6201,PROCESOS PSICOSOCIALES Y CULTURALES
CLAVE,ASIGNATURA,LUNES,MARTES,MIERCOLES,JUEVES,VIERNES,SABADO,PROFESOR,OBSERVACIONES,PROCESOS PSICOSOCIALES Y CULTURALES
1610,"CONFLICTO, CONFORMIDAD Y CONSENSO",,11:00 a 14:00 A 308,,,,09:00 a 16:00 A 303,FALCON MANZANO DIEGO PROFESOR PENDIENTE,"LA TEORíA SE IMPARTIRá POR LA DRA. GABRIELA CEJA. LA PRáCTICA ES LOS SáBADOS EN LA COLONIA PEDREGAL DE SANTA ÚRSULA COAPA CON PERSONAS TRANSEXUALES, PERSONAL ALCOHóLICAS, PERSONAS QUE MATERNAN Y RELIGIOSIDADES URBANAS.",PROCESOS PSICOSOCIALES Y CULTURALES
1611,ESTADISTICA INFERENC.EN PSICOLOGIA,,,,,12:00 a 15:00 A 302,,VALENCIA CAMARGO MARIA FERNANDA,,PROCESOS PSICOSOCIALES Y CULTURALES
1612,FUENTES DE INFORMACION,08:00 a 11:00 A 302,,,,,,FLORES MORALES ROGELIO,,PROCESOS PSICOSOCIALES Y CULTURALES
1613,INVESTIGACION SOCIAL,,,07:00 a 10:00 A 107,,,,JURADO CARDENAS RAUL,,PROCESOS PSICOSOCIALES Y CULTURALES
1614,PSICOLOGIA DE LA VIDA COTIDIANA,,,11:00 a 14:00 A 302,,,,SOTO RAMIREZ JUAN,,PROCESOS PSICOSOCIALES Y CULTURALES
Grupo 6202,Grupo 6202,Grupo 6202,Grupo 6202,Grupo 6202,Grupo 6202,Grupo 6202,Grupo 6202,Grupo 6202,Grupo 6202,PROCESOS PSICOSOCIALES Y CULTURALES
CLAVE,ASIGNATURA,LUNES,MARTES,MIERCOLES,JUEVES,VIERNES,SABADO,PROFESOR,OBSERVACIONES,PROCESOS PSICOSOCIALES Y CULTURALES
1610,"CONFLICTO, CONFORMIDAD Y CONSENSO",,,,12:00 a 15:00 A 309,09:00 a 16:00 URIDES 1 Edif C,,GARCIA MERAZ MELISSA,LA PRÁCTICA SERÁ LOS VIERNES EN LA ZONA ALREDEDOR DEL METRO COPILCO. CONTACTAR A LA PROFESORA AL CORREO MELISSA.MERAZ@PSICOLOGIA.UNAM.MX Y MELISSAUNAM@YAHOO.COM.MX,PROCESOS PSICOSOCIALES Y CULTURALES
1611,ESTADISTICA INFERENC.EN PSICOLOGIA,,,11:00 a 14:00 A 109,,,,GARCIA MERAZ MELISSA,,PROCESOS PSICOSOCIALES Y CULTURALES
1612,FUENTES DE INFORMACION,,09:00 a 12:00 A 107,,,,,ORTIZ HERNANDEZ CITLALI QUETZALLI,,PROCESOS PSICOSOCIALES Y CULTURALES
1613,INVESTIGACION SOCIAL,09:00 a 12:00 A 207,,,,,,SANCHEZ ARAGON ROZZANA,,PROCESOS PSICOSOCIALES Y CULTURALES
1614,PSICOLOGIA DE LA VIDA COTIDIANA,,,,08:00 a 11:00 A 109,,,FLORES MORALES ROGELIO,,PROCESOS PSICOSOCIALES Y CULTURALES
Grupo 6203,Grupo 6203,Grupo 6203,Grupo 6203,Grupo 6203,Grupo 6203,Grupo 6203,Grupo 6203,Grupo 6203,Grupo 6203,PROCESOS PSICOSOCIALES Y CULTURALES
CLAVE,ASIGNATURA,LUNES,MARTES,MIERCOLES,JUEVES,VIERNES,SABADO,PROFESOR,OBSERVACIONES,PROCESOS PSICOSOCIALES Y CULTURALES
1610,"CONFLICTO, CONFORMIDAD Y CONSENSO",,,10:00 a 13:00 URIDES 1 Edif C,08:00 a 15:00 A 308,,,DOMINGUEZ ZUÑIGA TANIA FABIOLA,"LA TEORÍA SERÁ IMPARTIDA POR LA DOCTORA GUADALUPE JUDITH RODRIGUEZ. LA PRACTICA SE LLEVARA A CABO CON NIÑOS, NIÑAS Y ADOLESCENTES EN CONTEXTO DE MOVILIDAD, CONTACTAR A LA PROFESORA TANIADOZU@GMAIL.COM",PROCESOS PSICOSOCIALES Y CULTURALES
1611,ESTADISTICA INFERENC.EN PSICOLOGIA,,,,17:00 a 20:00 A 110,,,DOMINGUEZ ESPINOSA ALEJANDRA DEL CARMEN,,PROCESOS PSICOSOCIALES Y CULTURALES
1612,FUENTES DE INFORMACION,,15:00 a 18:00 A 302,,,,,FLORES MORALES ROGELIO,,PROCESOS PSICOSOCIALES Y CULTURALES
1613,INVESTIGACION SOCIAL,17:00 a 20:00 A 105,,,,,,ARMENTA HURTARTE CAROLINA,,PROCESOS PSICOSOCIALES Y CULTURALES
1614,PSICOLOGIA DE LA VIDA COTIDIANA,,,15:00 a 18:00 A 206,,,,VARELA MACEDO VICTORIA MAGDALENA,,PROCESOS PSICOSOCIALES Y CULTURALES
Grupo 6204,Grupo 6204,Grupo 6204,Grupo 6204,Grupo 6204,Grupo 6204,Grupo 6204,Grupo 6204,Grupo 6204,Grupo 6204,PROCESOS PSICOSOCIALES Y CULTURALES
CLAVE,ASIGNATURA,LUNES,MARTES,MIERCOLES,JUEVES,VIERNES,SABADO,PROFESOR,OBSERVACIONES,PROCESOS PSICOSOCIALES Y CULTURALES
1611,ESTADISTICA INFERENC.EN PSICOLOGIA,,17:00 a 20:00 A 208,,,,,DOMINGUEZ ESPINOSA ALEJANDRA DEL CARMEN,,PROCESOS PSICOSOCIALES Y CULTURALES
1613,INVESTIGACION SOCIAL,,,,09:00 a 12:00 A 207,,,SANCHEZ ARAGON ROZZANA,,PROCESOS PSICOSOCIALES Y CULTURALES
1614,PSICOLOGIA DE LA VIDA COTIDIANA,15:00 a 18:00 A 206,,,,,,RAMOS BELTRAN IGNACIO,,PROCESOS PSICOSOCIALES Y CULTURALES
Grupo 6205,Grupo 6205,Grupo 6205,Grupo 6205,Grupo 6205,Grupo 6205,Grupo 6205,Grupo 6205,Grupo 6205,Grupo 6205,PROCESOS PSICOSOCIALES Y CULTURALES
CLAVE,ASIGNATURA,LUNES,MARTES,MIERCOLES,JUEVES,VIERNES,SABADO,PROFESOR,OBSERVACIONES,PROCESOS PSICOSOCIALES Y CULTURALES
1611,ESTADISTICA INFERENC.EN PSICOLOGIA,,11:00 a 14:00 A 110,,,,,SOLER ANGUIANO FRANCISCO LEONARDO,,PROCESOS PSICOSOCIALES Y CULTURALES
1613,INVESTIGACION SOCIAL,,,15:00 a 18:00 AULA PENDIENTE,,,,LANDEROS MUGICA KARINA,,PROCESOS PSICOSOCIALES Y CULTURALES
1614,PSICOLOGIA DE LA VIDA COTIDIANA,,,,11:00 a 14:00 A 109,,,MEDINA LIBERTY JOSE ADRIAN ALFREDO,,PROCESOS PSICOSOCIALES Y CULTURALES
Selecciona el semestre a consultar  ----------- 2do Semestre 	4to Semestre 	6to Semestre 	8vo Semestre  OPTATIVAS DE GENERO (Plan 2008)  OPTATIVAS,Selecciona el tipo de busqueda  ----------- Grupo 	Asignatura,Selecciona el campo del conocimiento  ----------- CIENCIAS COGNITIVAS Y DEL COMPORTAMIENTO 	PROCESOS PSICOSOCIALES Y CULTURALES 	PSICOBIOLOGIA Y NEUROCIENCIAS 	PSICOLOGIA CLINICA Y DE LA SALUD 	PSICOLOGIA DE LA EDUCACION 	PSICOLOGIA ORGANIZACIONAL 	CONTEXTUAL,,,,,,,,PSICOBIOLOGIA Y NEUROCIENCIAS
,,,,,,,,,,PSICOBIOLOGIA Y NEUROCIENCIAS
,,,,,,,,,,PSICOBIOLOGIA Y NEUROCIENCIAS
Grupo 6301  CLAVE  ASIGNATURA  LUNES  MARTES  MIERCOLES  JUEVES  VIERNES  SABADO  PROFESOR  OBSERVACIONES  1630  EVALUACION NEUROPSICOLOGICA  11:00 a 13:00 A 201  10:00 a 12:00 A 204  RAMIREZ FLORES MAURA JAZMIN  1631  PSICOFISIOLOGIA DEL SUE�O  10:00 a 13:00 A 002  AYALA GUERRERO FRUCTUOSO  1632  PSICOFISIOLOGIA DE LA ATENCION  14:00 a 17:00 AULA PENDIENTE  SOLIS VIVANCO RODOLFO  LAS PRIMERAS CLASES SE IMPARTEN EN LA FACULTAD Y DESPUES EN EL INSTITUTO NACIONAL DE NEUROLOGIA Y NEUROCIRUGIA (INNN)  1634  TEMAS SELECTOS EN PSICOBIOLOGIA II  09:00 a 12:00 A 002  GUTIERREZ OSPINA GABRIEL  TEMA: BASES BIOLóGICAS DE LA CONDUCTA SEXUAL  1635  TECNICAS DE IMAGENOLOGIA CEREBRAL  12:00 a 16:00 A 003  MUÑOZ DELGADO JAIRO IGNACIO  1636  PSICOFARMACOLOGIA Y ADICCION  13:00 a 14:30 A 107  12:00 a 13:30 A 207  RAMOS LANGUREN LAURA ELISA  Grupo 6302  CLAVE  ASIGNATURA  LUNES  MARTES  MIERCOLES  JUEVES  VIERNES  SABADO  PROFESOR  OBSERVACIONES  1630  EVALUACION NEUROPSICOLOGICA  08:00 a 10:00 A 306  08:00 a 10:00 A 107  GALAN LOPEZ ITZEL GRACIELA  1631  PSICOFISIOLOGIA DEL SUE�O  10:00 a 13:00 A 205  VALENCIA FLORES MATILDE  1634  TEMAS SELECTOS EN PSICOBIOLOGIA II  10:00 a 13:00 A 202  GONZALEZ SANTOYO ISAAC  TEMA: MICROBIOMA-INTESTINO-CEREBRO Y SU PAPEL EN LA SALUD DEL SISTEMA NERVIOSO  1636  PSICOFARMACOLOGIA Y ADICCION  11:00 a 12:30 A 302  11:00 a 12:30 A 301  CASASOLA CASTRO CESAR  Grupo 6303  CLAVE  ASIGNATURA  LUNES  MARTES  MIERCOLES  JUEVES  VIERNES  SABADO  PROFESOR  OBSERVACIONES  1630  EVALUACION NEUROPSICOLOGICA  18:00 a 20:00 B 07  18:00 a 20:00 B 07  TORRES KNOOP ISABEL  1632  PSICOFISIOLOGIA DE LA ATENCION  19:30 a 21:00 A 104  19:30 a 21:00 A 104  GALICIA CASTILLO OSCAR RICARDO  1634  TEMAS SELECTOS EN PSICOBIOLOGIA II  15:00 a 18:00 A 308  CANSINO ORTIZ CARMEN SELENE  TEMA: MéTODOS DE INVESTIGACIóN EN NEUROCOGNICIóN  1635  TECNICAS DE IMAGENOLOGIA CEREBRAL  15:30 a 19:30 A 002  MUÑOZ TORRES ZEIDY VANESSA  1636  PSICOFARMACOLOGIA Y ADICCION  16:30 a 18:00 A 107  16:30 a 18:00 A 304  SANCHEZ CASTILLO HUGO  Grupo 6304  CLAVE  ASIGNATURA  LUNES  MARTES  MIERCOLES  JUEVES  VIERNES  SABADO  PROFESOR  OBSERVACIONES  1630  EVALUACION NEUROPSICOLOGICA  12:00 a 14:00 A 211  12:00 a 14:00 A 211  GALAN LOPEZ ITZEL GRACIELA  1631  PSICOFISIOLOGIA DEL SUE�O  16:00 a 19:00 A 102  PROFESOR PENDIENTE 1632  PSICOFISIOLOGIA DE LA ATENCION  18:00 a 19:30 A 304  16:00 a 17:30 A 304  PEREZ FERRARA DAVID ALEJANDRO  1634  TEMAS SELECTOS EN PSICOBIOLOGIA II  16:00 a 19:00 A 002  CRUZ PEREZ FELIPE  TEMA: NEUROPSICOLOGíA DE LOS TRASTORNOS DEL NEURODESARROLLO  Grupo 6305  CLAVE  ASIGNATURA  LUNES  MARTES  MIERCOLES  JUEVES  VIERNES  SABADO  PROFESOR  OBSERVACIONES  1634  TEMAS SELECTOS EN PSICOBIOLOGIA II  10:00 a 13:00 A 002  LAGARDE LOZANO B. MARGARITA REGINA  TEMA: NEUROANATOMíA PARA PSICóLOGOS  Grupo 6306  CLAVE  ASIGNATURA  LUNES  MARTES  MIERCOLES  JUEVES  VIERNES  SABADO  PROFESOR  OBSERVACIONES  1634  TEMAS SELECTOS EN PSICOBIOLOGIA II  09:00 a 12:00 A 206  CALIXTO GONZALEZ JAIME EDUARDO  TEMA: BASES BIOLóGICAS DE LA CONDUCTA SEXUAL,Grupo 6301  CLAVE  ASIGNATURA  LUNES  MARTES  MIERCOLES  JUEVES  VIERNES  SABADO  PROFESOR  OBSERVACIONES  1630  EVALUACION NEUROPSICOLOGICA  11:00 a 13:00 A 201  10:00 a 12:00 A 204  RAMIREZ FLORES MAURA JAZMIN  1631  PSICOFISIOLOGIA DEL SUE�O  10:00 a 13:00 A 002  AYALA GUERRERO FRUCTUOSO  1632  PSICOFISIOLOGIA DE LA ATENCION  14:00 a 17:00 AULA PENDIENTE  SOLIS VIVANCO RODOLFO  LAS PRIMERAS CLASES SE IMPARTEN EN LA FACULTAD Y DESPUES EN EL INSTITUTO NACIONAL DE NEUROLOGIA Y NEUROCIRUGIA (INNN)  1634  TEMAS SELECTOS EN PSICOBIOLOGIA II  09:00 a 12:00 A 002  GUTIERREZ OSPINA GABRIEL  TEMA: BASES BIOLóGICAS DE LA CONDUCTA SEXUAL  1635  TECNICAS DE IMAGENOLOGIA CEREBRAL  12:00 a 16:00 A 003  MUÑOZ DELGADO JAIRO IGNACIO  1636  PSICOFARMACOLOGIA Y ADICCION  13:00 a 14:30 A 107  12:00 a 13:30 A 207  RAMOS LANGUREN LAURA ELISA  Grupo 6302  CLAVE  ASIGNATURA  LUNES  MARTES  MIERCOLES  JUEVES  VIERNES  SABADO  PROFESOR  OBSERVACIONES  1630  EVALUACION NEUROPSICOLOGICA  08:00 a 10:00 A 306  08:00 a 10:00 A 107  GALAN LOPEZ ITZEL GRACIELA  1631  PSICOFISIOLOGIA DEL SUE�O  10:00 a 13:00 A 205  VALENCIA FLORES MATILDE  1634  TEMAS SELECTOS EN PSICOBIOLOGIA II  10:00 a 13:00 A 202  GONZALEZ SANTOYO ISAAC  TEMA: MICROBIOMA-INTESTINO-CEREBRO Y SU PAPEL EN LA SALUD DEL SISTEMA NERVIOSO  1636  PSICOFARMACOLOGIA Y ADICCION  11:00 a 12:30 A 302  11:00 a 12:30 A 301  CASASOLA CASTRO CESAR  Grupo 6303  CLAVE  ASIGNATURA  LUNES  MARTES  MIERCOLES  JUEVES  VIERNES  SABADO  PROFESOR  OBSERVACIONES  1630  EVALUACION NEUROPSICOLOGICA  18:00 a 20:00 B 07  18:00 a 20:00 B 07  TORRES KNOOP ISABEL  1632  PSICOFISIOLOGIA DE LA ATENCION  19:30 a 21:00 A 104  19:30 a 21:00 A 104  GALICIA CASTILLO OSCAR RICARDO  1634  TEMAS SELECTOS EN PSICOBIOLOGIA II  15:00 a 18:00 A 308  CANSINO ORTIZ CARMEN SELENE  TEMA: MéTODOS DE INVESTIGACIóN EN NEUROCOGNICIóN  1635  TECNICAS DE IMAGENOLOGIA CEREBRAL  15:30 a 19:30 A 002  MUÑOZ TORRES ZEIDY VANESSA  1636  PSICOFARMACOLOGIA Y ADICCION  16:30 a 18:00 A 107  16:30 a 18:00 A 304  SANCHEZ CASTILLO HUGO  Grupo 6304  CLAVE  ASIGNATURA  LUNES  MARTES  MIERCOLES  JUEVES  VIERNES  SABADO  PROFESOR  OBSERVACIONES  1630  EVALUACION NEUROPSICOLOGICA  12:00 a 14:00 A 211  12:00 a 14:00 A 211  GALAN LOPEZ ITZEL GRACIELA  1631  PSICOFISIOLOGIA DEL SUE�O  16:00 a 19:00 A 102  PROFESOR PENDIENTE 1632  PSICOFISIOLOGIA DE LA ATENCION  18:00 a 19:30 A 304  16:00 a 17:30 A 304  PEREZ FERRARA DAVID ALEJANDRO  1634  TEMAS SELECTOS EN PSICOBIOLOGIA II  16:00 a 19:00 A 002  CRUZ PEREZ FELIPE  TEMA: NEUROPSICOLOGíA DE LOS TRASTORNOS DEL NEURODESARROLLO  Grupo 6305  CLAVE  ASIGNATURA  LUNES  MARTES  MIERCOLES  JUEVES  VIERNES  SABADO  PROFESOR  OBSERVACIONES  1634  TEMAS SELECTOS EN PSICOBIOLOGIA II  10:00 a 13:00 A 002  LAGARDE LOZANO B. MARGARITA REGINA  TEMA: NEUROANATOMíA PARA PSICóLOGOS  Grupo 6306  CLAVE  ASIGNATURA  LUNES  MARTES  MIERCOLES  JUEVES  VIERNES  SABADO  PROFESOR  OBSERVACIONES  1634  TEMAS SELECTOS EN PSICOBIOLOGIA II  09:00 a 12:00 A 206  CALIXTO GONZALEZ JAIME EDUARDO  TEMA: BASES BIOLóGICAS DE LA CONDUCTA SEXUAL,Grupo 6301  CLAVE  ASIGNATURA  LUNES  MARTES  MIERCOLES  JUEVES  VIERNES  SABADO  PROFESOR  OBSERVACIONES  1630  EVALUACION NEUROPSICOLOGICA  11:00 a 13:00 A 201  10:00 a 12:00 A 204  RAMIREZ FLORES MAURA JAZMIN  1631  PSICOFISIOLOGIA DEL SUE�O  10:00 a 13:00 A 002  AYALA GUERRERO FRUCTUOSO  1632  PSICOFISIOLOGIA DE LA ATENCION  14:00 a 17:00 AULA PENDIENTE  SOLIS VIVANCO RODOLFO  LAS PRIMERAS CLASES SE IMPARTEN EN LA FACULTAD Y DESPUES EN EL INSTITUTO NACIONAL DE NEUROLOGIA Y NEUROCIRUGIA (INNN)  1634  TEMAS SELECTOS EN PSICOBIOLOGIA II  09:00 a 12:00 A 002  GUTIERREZ OSPINA GABRIEL  TEMA: BASES BIOLóGICAS DE LA CONDUCTA SEXUAL  1635  TECNICAS DE IMAGENOLOGIA CEREBRAL  12:00 a 16:00 A 003  MUÑOZ DELGADO JAIRO IGNACIO  1636  PSICOFARMACOLOGIA Y ADICCION  13:00 a 14:30 A 107  12:00 a 13:30 A 207  RAMOS LANGUREN LAURA ELISA  Grupo 6302  CLAVE  ASIGNATURA  LUNES  MARTES  MIERCOLES  JUEVES  VIERNES  SABADO  PROFESOR  OBSERVACIONES  1630  EVALUACION NEUROPSICOLOGICA  08:00 a 10:00 A 306  08:00 a 10:00 A 107  GALAN LOPEZ ITZEL GRACIELA  1631  PSICOFISIOLOGIA DEL SUE�O  10:00 a 13:00 A 205  VALENCIA FLORES MATILDE  1634  TEMAS SELECTOS EN PSICOBIOLOGIA II  10:00 a 13:00 A 202  GONZALEZ SANTOYO ISAAC  TEMA: MICROBIOMA-INTESTINO-CEREBRO Y SU PAPEL EN LA SALUD DEL SISTEMA NERVIOSO  1636  PSICOFARMACOLOGIA Y ADICCION  11:00 a 12:30 A 302  11:00 a 12:30 A 301  CASASOLA CASTRO CESAR  Grupo 6303  CLAVE  ASIGNATURA  LUNES  MARTES  MIERCOLES  JUEVES  VIERNES  SABADO  PROFESOR  OBSERVACIONES  1630  EVALUACION NEUROPSICOLOGICA  18:00 a 20:00 B 07  18:00 a 20:00 B 07  TORRES KNOOP ISABEL  1632  PSICOFISIOLOGIA DE LA ATENCION  19:30 a 21:00 A 104  19:30 a 21:00 A 104  GALICIA CASTILLO OSCAR RICARDO  1634  TEMAS SELECTOS EN PSICOBIOLOGIA II  15:00 a 18:00 A 308  CANSINO ORTIZ CARMEN SELENE  TEMA: MéTODOS DE INVESTIGACIóN EN NEUROCOGNICIóN  1635  TECNICAS DE IMAGENOLOGIA CEREBRAL  15:30 a 19:30 A 002  MUÑOZ TORRES ZEIDY VANESSA  1636  PSICOFARMACOLOGIA Y ADICCION  16:30 a 18:00 A 107  16:30 a 18:00 A 304  SANCHEZ CASTILLO HUGO  Grupo 6304  CLAVE  ASIGNATURA  LUNES  MARTES  MIERCOLES  JUEVES  VIERNES  SABADO  PROFESOR  OBSERVACIONES  1630  EVALUACION NEUROPSICOLOGICA  12:00 a 14:00 A 211  12:00 a 14:00 A 211  GALAN LOPEZ ITZEL GRACIELA  1631  PSICOFISIOLOGIA DEL SUE�O  16:00 a 19:00 A 102  PROFESOR PENDIENTE 1632  PSICOFISIOLOGIA DE LA ATENCION  18:00 a 19:30 A 304  16:00 a 17:30 A 304  PEREZ FERRARA DAVID ALEJANDRO  1634  TEMAS SELECTOS EN PSICOBIOLOGIA II  16:00 a 19:00 A 002  CRUZ PEREZ FELIPE  TEMA: NEUROPSICOLOGíA DE LOS TRASTORNOS DEL NEURODESARROLLO  Grupo 6305  CLAVE  ASIGNATURA  LUNES  MARTES  MIERCOLES  JUEVES  VIERNES  SABADO  PROFESOR  OBSERVACIONES  1634  TEMAS SELECTOS EN PSICOBIOLOGIA II  10:00 a 13:00 A 002  LAGARDE LOZANO B. MARGARITA REGINA  TEMA: NEUROANATOMíA PARA PSICóLOGOS  Grupo 6306  CLAVE  ASIGNATURA  LUNES  MARTES  MIERCOLES  JUEVES  VIERNES  SABADO  PROFESOR  OBSERVACIONES  1634  TEMAS SELECTOS EN PSICOBIOLOGIA II  09:00 a 12:00 A 206  CALIXTO GONZALEZ JAIME EDUARDO  TEMA: BASES BIOLóGICAS DE LA CONDUCTA SEXUAL,,,,,,,,PSICOBIOLOGIA Y NEUROCIENCIAS
Grupo 6301,Grupo 6301,Grupo 6301,Grupo 6301,Grupo 6301,Grupo 6301,Grupo 6301,Grupo 6301,Grupo 6301,Grupo 6301,PSICOBIOLOGIA Y NEUROCIENCIAS
CLAVE,ASIGNATURA,LUNES,MARTES,MIERCOLES,JUEVES,VIERNES,SABADO,PROFESOR,OBSERVACIONES,PSICOBIOLOGIA Y NEUROCIENCIAS
1630,EVALUACION NEUROPSICOLOGICA,11:00 a 13:00 A 201,,10:00 a 12:00 A 204,,,,RAMIREZ FLORES MAURA JAZMIN,,PSICOBIOLOGIA Y NEUROCIENCIAS
1631,PSICOFISIOLOGIA DEL SUE�O,,10:00 a 13:00 A 002,,,,,AYALA GUERRERO FRUCTUOSO,,PSICOBIOLOGIA Y NEUROCIENCIAS
1632,PSICOFISIOLOGIA DE LA ATENCION,,14:00 a 17:00 AULA PENDIENTE,,,,,SOLIS VIVANCO RODOLFO,LAS PRIMERAS CLASES SE IMPARTEN EN LA FACULTAD Y DESPUES EN EL INSTITUTO NACIONAL DE NEUROLOGIA Y NEUROCIRUGIA (INNN),PSICOBIOLOGIA Y NEUROCIENCIAS
1634,TEMAS SELECTOS EN PSICOBIOLOGIA II,,,,09:00 a 12:00 A 002,,,GUTIERREZ OSPINA GABRIEL,TEMA: BASES BIOLóGICAS DE LA CONDUCTA SEXUAL,PSICOBIOLOGIA Y NEUROCIENCIAS
1635,TECNICAS DE IMAGENOLOGIA CEREBRAL,,,,,12:00 a 16:00 A 003,,MUÑOZ DELGADO JAIRO IGNACIO,,PSICOBIOLOGIA Y NEUROCIENCIAS
1636,PSICOFARMACOLOGIA Y ADICCION,13:00 a 14:30 A 107,,,12:00 a 13:30 A 207,,,RAMOS LANGUREN LAURA ELISA,,PSICOBIOLOGIA Y NEUROCIENCIAS
Grupo 6302,Grupo 6302,Grupo 6302,Grupo 6302,Grupo 6302,Grupo 6302,Grupo 6302,Grupo 6302,Grupo 6302,Grupo 6302,PSICOBIOLOGIA Y NEUROCIENCIAS
CLAVE,ASIGNATURA,LUNES,MARTES,MIERCOLES,JUEVES,VIERNES,SABADO,PROFESOR,OBSERVACIONES,PSICOBIOLOGIA Y NEUROCIENCIAS
1630,EVALUACION NEUROPSICOLOGICA,,08:00 a 10:00 A 306,,08:00 a 10:00 A 107,,,GALAN LOPEZ ITZEL GRACIELA,,PSICOBIOLOGIA Y NEUROCIENCIAS
1631,PSICOFISIOLOGIA DEL SUE�O,,,,,10:00 a 13:00 A 205,,VALENCIA FLORES MATILDE,,PSICOBIOLOGIA Y NEUROCIENCIAS
1634,TEMAS SELECTOS EN PSICOBIOLOGIA II,,10:00 a 13:00 A 202,,,,,GONZALEZ SANTOYO ISAAC,TEMA: MICROBIOMA-INTESTINO-CEREBRO Y SU PAPEL EN LA SALUD DEL SISTEMA NERVIOSO,PSICOBIOLOGIA Y NEUROCIENCIAS
1636,PSICOFARMACOLOGIA Y ADICCION,11:00 a 12:30 A 302,,11:00 a 12:30 A 301,,,,CASASOLA CASTRO CESAR,,PSICOBIOLOGIA Y NEUROCIENCIAS
Grupo 6303,Grupo 6303,Grupo 6303,Grupo 6303,Grupo 6303,Grupo 6303,Grupo 6303,Grupo 6303,Grupo 6303,Grupo 6303,PSICOBIOLOGIA Y NEUROCIENCIAS
CLAVE,ASIGNATURA,LUNES,MARTES,MIERCOLES,JUEVES,VIERNES,SABADO,PROFESOR,OBSERVACIONES,PSICOBIOLOGIA Y NEUROCIENCIAS
1630,EVALUACION NEUROPSICOLOGICA,18:00 a 20:00 B 07,,18:00 a 20:00 B 07,,,,TORRES KNOOP ISABEL,,PSICOBIOLOGIA Y NEUROCIENCIAS
1632,PSICOFISIOLOGIA DE LA ATENCION,,19:30 a 21:00 A 104,,19:30 a 21:00 A 104,,,GALICIA CASTILLO OSCAR RICARDO,,PSICOBIOLOGIA Y NEUROCIENCIAS
1634,TEMAS SELECTOS EN PSICOBIOLOGIA II,,,15:00 a 18:00 A 308,,,,CANSINO ORTIZ CARMEN SELENE,TEMA: MéTODOS DE INVESTIGACIóN EN NEUROCOGNICIóN,PSICOBIOLOGIA Y NEUROCIENCIAS
1635,TECNICAS DE IMAGENOLOGIA CEREBRAL,,15:30 a 19:30 A 002,,,,,MUÑOZ TORRES ZEIDY VANESSA,,PSICOBIOLOGIA Y NEUROCIENCIAS
1636,PSICOFARMACOLOGIA Y ADICCION,16:30 a 18:00 A 107,,,16:30 a 18:00 A 304,,,SANCHEZ CASTILLO HUGO,,PSICOBIOLOGIA Y NEUROCIENCIAS
Grupo 6304,Grupo 6304,Grupo 6304,Grupo 6304,Grupo 6304,Grupo 6304,Grupo 6304,Grupo 6304,Grupo 6304,Grupo 6304,PSICOBIOLOGIA Y NEUROCIENCIAS
CLAVE,ASIGNATURA,LUNES,MARTES,MIERCOLES,JUEVES,VIERNES,SABADO,PROFESOR,OBSERVACIONES,PSICOBIOLOGIA Y NEUROCIENCIAS
1630,EVALUACION NEUROPSICOLOGICA,,12:00 a 14:00 A 211,,12:00 a 14:00 A 211,,,GALAN LOPEZ ITZEL GRACIELA,,PSICOBIOLOGIA Y NEUROCIENCIAS
1631,PSICOFISIOLOGIA DEL SUE�O,,,,16:00 a 19:00 A 102,,,PROFESOR PENDIENTE,,PSICOBIOLOGIA Y NEUROCIENCIAS
1632,PSICOFISIOLOGIA DE LA ATENCION,,,18:00 a 19:30 A 304,,16:00 a 17:30 A 304,,PEREZ FERRARA DAVID ALEJANDRO,,PSICOBIOLOGIA Y NEUROCIENCIAS
1634,TEMAS SELECTOS EN PSICOBIOLOGIA II,16:00 a 19:00 A 002,,,,,,CRUZ PEREZ FELIPE,TEMA: NEUROPSICOLOGíA DE LOS TRASTORNOS DEL NEURODESARROLLO,PSICOBIOLOGIA Y NEUROCIENCIAS
Grupo 6305,Grupo 6305,Grupo 6305,Grupo 6305,Grupo 6305,Grupo 6305,Grupo 6305,Grupo 6305,Grupo 6305,Grupo 6305,PSICOBIOLOGIA Y NEUROCIENCIAS
CLAVE,ASIGNATURA,LUNES,MARTES,MIERCOLES,JUEVES,VIERNES,SABADO,PROFESOR,OBSERVACIONES,PSICOBIOLOGIA Y NEUROCIENCIAS
1634,TEMAS SELECTOS EN PSICOBIOLOGIA II,10:00 a 13:00 A 002,,,,,,LAGARDE LOZANO B. MARGARITA REGINA,TEMA: NEUROANATOMíA PARA PSICóLOGOS,PSICOBIOLOGIA Y NEUROCIENCIAS
Grupo 6306,Grupo 6306,Grupo 6306,Grupo 6306,Grupo 6306,Grupo 6306,Grupo 6306,Grupo 6306,Grupo 6306,Grupo 6306,PSICOBIOLOGIA Y NEUROCIENCIAS
CLAVE,ASIGNATURA,LUNES,MARTES,MIERCOLES,JUEVES,VIERNES,SABADO,PROFESOR,OBSERVACIONES,PSICOBIOLOGIA Y NEUROCIENCIAS
1634,TEMAS SELECTOS EN PSICOBIOLOGIA II,,09:00 a 12:00 A 206,,,,,CALIXTO GONZALEZ JAIME EDUARDO,TEMA: BASES BIOLóGICAS DE LA CONDUCTA SEXUAL,PSICOBIOLOGIA Y NEUROCIENCIAS
Selecciona el semestre a consultar  ----------- 2do Semestre 	4to Semestre 	6to Semestre 	8vo Semestre  OPTATIVAS DE GENERO (Plan 2008)  OPTATIVAS,Selecciona el tipo de busqueda  ----------- Grupo 	Asignatura,Selecciona el campo del conocimiento  ----------- CIENCIAS COGNITIVAS Y DEL COMPORTAMIENTO 	PROCESOS PSICOSOCIALES Y CULTURALES 	PSICOBIOLOGIA Y NEUROCIENCIAS 	PSICOLOGIA CLINICA Y DE LA SALUD 	PSICOLOGIA DE LA EDUCACION 	PSICOLOGIA ORGANIZACIONAL 	CONTEXTUAL,,,,,,,,PSICOLOGIA CLINICA Y DE LA SALUD
,,,,,,,,,,PSICOLOGIA CLINICA Y DE LA SALUD
,,,,,,,,,,PSICOLOGIA CLINICA Y DE LA SALUD
"Grupo 6401  CLAVE  ASIGNATURA  LUNES  MARTES  MIERCOLES  JUEVES  VIERNES  SABADO  PROFESOR  OBSERVACIONES  1620  PSICODIAGNOSTICO II  08:00 a 11:00 A 201  08:00 a 11:00 A 301  BECERRIL PEREZ MARIA SANTOS  PRáCTICA SUPERVISADA LOS MIéRCOLES EN EL COLEGIO AGUSTíN GARCíA CONDE, TLALPAN (INICIA A MITAD DEL SEMESTRE).  1622  TEORIA Y TECNICA DE LA ENTREVIS. II  08:00 a 12:00 A 314  MONDRAGON GOMEZ RAQUEL  Grupo 6402  CLAVE  ASIGNATURA  LUNES  MARTES  MIERCOLES  JUEVES  VIERNES  SABADO  PROFESOR  OBSERVACIONES  1620  PSICODIAGNOSTICO II  08:00 a 11:00 A 207  08:00 a 11:00 B 17  RUÍZ GONZÁLEZ VERÓNICA  1621  PSICODINAMICA DE GRUPOS  07:00 a 11:00 A 314  MORA GUTIERREZ GERARDO  1622  TEORIA Y TECNICA DE LA ENTREVIS. II  12:00 a 14:00 A 105  13:00 a 15:00 A 304  RAMIREZ CAMACHO MARÍA DEL CARMEN  LAS SESIONES DE PRáCTICA SE REALIZARáN LOS LUNES CON LA MTRA. RAMíREZ Y LOS MIéRCOLES CON EL DOCTORANTE ALEJANDRO AZUMA ÁVILA.  Grupo 6403  CLAVE  ASIGNATURA  LUNES  MARTES  MIERCOLES  JUEVES  VIERNES  SABADO  PROFESOR  OBSERVACIONES  1619  EPIDEMIOLOGIA Y SALUD PUBLICA  11:00 a 14:00 A 202  CUEVAS RENAUD CORINA MARGARITA  1620  PSICODIAGNOSTICO II  09:00 a 12:00 A 102  09:00 a 12:00 A 101  SOMARRIBA ROCHA LAURA ANGELA  1622  TEORIA Y TECNICA DE LA ENTREVIS. II  09:00 a 11:00 A 101  09:00 a 11:00 A 101  SOMARRIBA ROCHA LAURA ANGELA  Grupo 6404  CLAVE  ASIGNATURA  LUNES  MARTES  MIERCOLES  JUEVES  VIERNES  SABADO  PROFESOR  OBSERVACIONES  1619  EPIDEMIOLOGIA Y SALUD PUBLICA  09:00 a 12:00 A 102  PROFESOR PENDIENTE LA CLASE ESTARá A CARGO DE LA DRA. CLAUDIA IVETHE JAEN CORTéS.  1620  PSICODIAGNOSTICO II  09:00 a 12:00 A 102  09:00 a 12:00 A 110  CHAVEZ MURGUIA ALEJANDRA  1622  TEORIA Y TECNICA DE LA ENTREVIS. II  12:00 a 14:00 Edif C Salon 4  12:30 a 14:30 A 301  VALENZUELA VALLEJO JORGE ALFONSO  Grupo 6405  CLAVE  ASIGNATURA  LUNES  MARTES  MIERCOLES  JUEVES  VIERNES  SABADO  PROFESOR  OBSERVACIONES  1619  EPIDEMIOLOGIA Y SALUD PUBLICA  11:00 a 14:00 A 314  OROZCO ZAVALA RICARDO  1620  PSICODIAGNOSTICO II  12:00 a 15:00 A 309  12:00 a 15:00 A 312  MONJARÁS RODRÍGUEZ MARÍA TERESA  PRáCTICA EN ESCENARIO LOS MARTES EN EL CENTRO COMUNITARIO SAN LORENZO, A PARTIR DEL 3 DE MARZO.  1622  TEORIA Y TECNICA DE LA ENTREVIS. II  07:00 a 09:00 A 203  07:00 a 09:00 B 07  RODRIGUEZ SERRANO AIDEE ELENA  Grupo 6406  CLAVE  ASIGNATURA  LUNES  MARTES  MIERCOLES  JUEVES  VIERNES  SABADO  PROFESOR  OBSERVACIONES  1619  EPIDEMIOLOGIA Y SALUD PUBLICA  11:00 a 14:00 A 211  GONZALEZ ALCANTARA KARLA EDITH  1620  PSICODIAGNOSTICO II  09:00 a 12:00 A 114  09:00 a 12:00 A 114  PEREZ AGUERO MARIA CRISTINA  1622  TEORIA Y TECNICA DE LA ENTREVIS. II  08:00 a 12:00 A 202  PEREZ ESPINOSA JORGE ROGELIO  Grupo 6407  CLAVE  ASIGNATURA  LUNES  MARTES  MIERCOLES  JUEVES  VIERNES  SABADO  PROFESOR  OBSERVACIONES  1620  PSICODIAGNOSTICO II  08:00 a 11:00 A 310  08:00 a 11:00 A 310  SOTO CRISTOBAL GABRIEL  1622  TEORIA Y TECNICA DE LA ENTREVIS. II  10:00 a 14:00 A 308  YUSSIF ROFFE DALILA  Grupo 6408  CLAVE  ASIGNATURA  LUNES  MARTES  MIERCOLES  JUEVES  VIERNES  SABADO  PROFESOR  OBSERVACIONES  1620  PSICODIAGNOSTICO II  15:00 a 18:00 A 002  15:00 a 18:00 A 002  ARENAS LANDGRAVE PAULINA  1621  PSICODINAMICA DE GRUPOS  15:00 a 19:00 A 205  DE LA VEGA MORALES ROCIO IVONNE  1622  TEORIA Y TECNICA DE LA ENTREVIS. II  15:00 a 19:00 A 003  PEREZ ESPINOSA JORGE ROGELIO  Grupo 6409  CLAVE  ASIGNATURA  LUNES  MARTES  MIERCOLES  JUEVES  VIERNES  SABADO  PROFESOR  OBSERVACIONES  1619  EPIDEMIOLOGIA Y SALUD PUBLICA  09:00 a 12:00 B 07  PROFESOR PENDIENTE LA CLASE SERá IMPARTIDA POR LA MTRA. ANA PATRICIA ANCIRA GUZMáN  1620  PSICODIAGNOSTICO II  12:00 a 15:00 A 202  12:00 a 15:00 B 17  CHAPA ROMERO ANA CELIA  1622  TEORIA Y TECNICA DE LA ENTREVIS. II  15:00 a 19:00 A 110  CERVANTES BAZAN KARLA ALEJANDRA  Grupo 6410  CLAVE  ASIGNATURA  LUNES  MARTES  MIERCOLES  JUEVES  VIERNES  SABADO  PROFESOR  OBSERVACIONES  1620  PSICODIAGNOSTICO II  08:00 a 11:00 A 211  08:00 a 11:00 A 201  RUÍZ GONZÁLEZ VERÓNICA  1621  PSICODINAMICA DE GRUPOS  15:00 a 19:00 A 211  MARQUEZ VERDUZCO DAVID  1622  TEORIA Y TECNICA DE LA ENTREVIS. II  16:00 a 20:00 A 109  ESPINOZA SALGADO FATIMA SAGRARIO  APOYO DOCENTE: MTRO. JESÚS ENRIQUE SOTELO OJEDA  Grupo 6411  CLAVE  ASIGNATURA  LUNES  MARTES  MIERCOLES  JUEVES  VIERNES  SABADO  PROFESOR  OBSERVACIONES  1620  PSICODIAGNOSTICO II  09:00 a 12:00 A 309  09:00 a 12:00 A 309  HERNANDEZ TREJO LAURA AMADA  LA PRáCTICA SE REALIZARá LOS VIERNES EN EL CENTRO COMUNITARIO DR. JULIáN MACGREGOR Y SáNCHEZ NAVARRO (A MITAD DEL SEMESTRE)  1621  PSICODINAMICA DE GRUPOS  15:00 a 17:00 B 07  15:00 a 17:00 A 302  MORALES CHAMBERT BRENDA CONCEPCION  1622  TEORIA Y TECNICA DE LA ENTREVIS. II  08:00 a 12:00 Edif C Salon 1  PROFESOR PENDIENTE LA CLASE SERá IMPARTIDA POR EL PROF. JUAN MANUEL SANTIAGO MALDONADO Grupo 6412  CLAVE  ASIGNATURA  LUNES  MARTES  MIERCOLES  JUEVES  VIERNES  SABADO  PROFESOR  OBSERVACIONES  1620  PSICODIAGNOSTICO II  15:00 a 18:00 A 207  15:00 a 18:00 A 205  CABRERA ZAMORA INGRID MARISSA  1621  PSICODINAMICA DE GRUPOS  16:00 a 20:00 A 203  PROFESOR PENDIENTE LA CLASE SERá IMPARTIDA POR EL DR. RICARDO TRUJILLO CORREA  Grupo 6413  CLAVE  ASIGNATURA  LUNES  MARTES  MIERCOLES  JUEVES  VIERNES  SABADO  PROFESOR  OBSERVACIONES  1620  PSICODIAGNOSTICO II  16:00 a 19:00 A 301  16:00 a 19:00 A 110  PADILLA MARQUEZ XOCHITL BERENICE  1622  TEORIA Y TECNICA DE LA ENTREVIS. II  16:00 a 20:00 A 110  REYES GONZALEZ JOSE LUIS  Grupo 6414  CLAVE  ASIGNATURA  LUNES  MARTES  MIERCOLES  JUEVES  VIERNES  SABADO  PROFESOR  OBSERVACIONES  1620  PSICODIAGNOSTICO II  16:00 a 19:00 A 312  16:00 a 19:00 A 204  HERNANDEZ ESTRADA LIZBETH  LA PRáCTICA EN ESCENARIO SE LLEVARá A CABO LOS LUNES EN EL CENTRO COMUNITARIO DR. JULIáN MACGREGOR Y SáNCHEZ NAVARRO, INICIANDO A MITAD DEL SEMESTRE.  1622  TEORIA Y TECNICA DE LA ENTREVIS. II  16:00 a 20:00 A 114  ESPINOZA SALGADO FATIMA SAGRARIO  APOYO DOCENTE: LIC. DAIRA SAYURI CRUZ LORENCES (DOCTORANTE)","Grupo 6401  CLAVE  ASIGNATURA  LUNES  MARTES  MIERCOLES  JUEVES  VIERNES  SABADO  PROFESOR  OBSERVACIONES  1620  PSICODIAGNOSTICO II  08:00 a 11:00 A 201  08:00 a 11:00 A 301  BECERRIL PEREZ MARIA SANTOS  PRáCTICA SUPERVISADA LOS MIéRCOLES EN EL COLEGIO AGUSTíN GARCíA CONDE, TLALPAN (INICIA A MITAD DEL SEMESTRE).  1622  TEORIA Y TECNICA DE LA ENTREVIS. II  08:00 a 12:00 A 314  MONDRAGON GOMEZ RAQUEL  Grupo 6402  CLAVE  ASIGNATURA  LUNES  MARTES  MIERCOLES  JUEVES  VIERNES  SABADO  PROFESOR  OBSERVACIONES  1620  PSICODIAGNOSTICO II  08:00 a 11:00 A 207  08:00 a 11:00 B 17  RUÍZ GONZÁLEZ VERÓNICA  1621  PSICODINAMICA DE GRUPOS  07:00 a 11:00 A 314  MORA GUTIERREZ GERARDO  1622  TEORIA Y TECNICA DE LA ENTREVIS. II  12:00 a 14:00 A 105  13:00 a 15:00 A 304  RAMIREZ CAMACHO MARÍA DEL CARMEN  LAS SESIONES DE PRáCTICA SE REALIZARáN LOS LUNES CON LA MTRA. RAMíREZ Y LOS MIéRCOLES CON EL DOCTORANTE ALEJANDRO AZUMA ÁVILA.  Grupo 6403  CLAVE  ASIGNATURA  LUNES  MARTES  MIERCOLES  JUEVES  VIERNES  SABADO  PROFESOR  OBSERVACIONES  1619  EPIDEMIOLOGIA Y SALUD PUBLICA  11:00 a 14:00 A 202  CUEVAS RENAUD CORINA MARGARITA  1620  PSICODIAGNOSTICO II  09:00 a 12:00 A 102  09:00 a 12:00 A 101  SOMARRIBA ROCHA LAURA ANGELA  1622  TEORIA Y TECNICA DE LA ENTREVIS. II  09:00 a 11:00 A 101  09:00 a 11:00 A 101  SOMARRIBA ROCHA LAURA ANGELA  Grupo 6404  CLAVE  ASIGNATURA  LUNES  MARTES  MIERCOLES  JUEVES  VIERNES  SABADO  PROFESOR  OBSERVACIONES  1619  EPIDEMIOLOGIA Y SALUD PUBLICA  09:00 a 12:00 A 102  PROFESOR PENDIENTE LA CLASE ESTARá A CARGO DE LA DRA. CLAUDIA IVETHE JAEN CORTéS.  1620  PSICODIAGNOSTICO II  09:00 a 12:00 A 102  09:00 a 12:00 A 110  CHAVEZ MURGUIA ALEJANDRA  1622  TEORIA Y TECNICA DE LA ENTREVIS. II  12:00 a 14:00 Edif C Salon 4  12:30 a 14:30 A 301  VALENZUELA VALLEJO JORGE ALFONSO  Grupo 6405  CLAVE  ASIGNATURA  LUNES  MARTES  MIERCOLES  JUEVES  VIERNES  SABADO  PROFESOR  OBSERVACIONES  1619  EPIDEMIOLOGIA Y SALUD PUBLICA  11:00 a 14:00 A 314  OROZCO ZAVALA RICARDO  1620  PSICODIAGNOSTICO II  12:00 a 15:00 A 309  12:00 a 15:00 A 312  MONJARÁS RODRÍGUEZ MARÍA TERESA  PRáCTICA EN ESCENARIO LOS MARTES EN EL CENTRO COMUNITARIO SAN LORENZO, A PARTIR DEL 3 DE MARZO.  1622  TEORIA Y TECNICA DE LA ENTREVIS. II  07:00 a 09:00 A 203  07:00 a 09:00 B 07  RODRIGUEZ SERRANO AIDEE ELENA  Grupo 6406  CLAVE  ASIGNATURA  LUNES  MARTES  MIERCOLES  JUEVES  VIERNES  SABADO  PROFESOR  OBSERVACIONES  1619  EPIDEMIOLOGIA Y SALUD PUBLICA  11:00 a 14:00 A 211  GONZALEZ ALCANTARA KARLA EDITH  1620  PSICODIAGNOSTICO II  09:00 a 12:00 A 114  09:00 a 12:00 A 114  PEREZ AGUERO MARIA CRISTINA  1622  TEORIA Y TECNICA DE LA ENTREVIS. II  08:00 a 12:00 A 202  PEREZ ESPINOSA JORGE ROGELIO  Grupo 6407  CLAVE  ASIGNATURA  LUNES  MARTES  MIERCOLES  JUEVES  VIERNES  SABADO  PROFESOR  OBSERVACIONES  1620  PSICODIAGNOSTICO II  08:00 a 11:00 A 310  08:00 a 11:00 A 310  SOTO CRISTOBAL GABRIEL  1622  TEORIA Y TECNICA DE LA ENTREVIS. II  10:00 a 14:00 A 308  YUSSIF ROFFE DALILA  Grupo 6408  CLAVE  ASIGNATURA  LUNES  MARTES  MIERCOLES  JUEVES  VIERNES  SABADO  PROFESOR  OBSERVACIONES  1620  PSICODIAGNOSTICO II  15:00 a 18:00 A 002  15:00 a 18:00 A 002  ARENAS LANDGRAVE PAULINA  1621  PSICODINAMICA DE GRUPOS  15:00 a 19:00 A 205  DE LA VEGA MORALES ROCIO IVONNE  1622  TEORIA Y TECNICA DE LA ENTREVIS. II  15:00 a 19:00 A 003  PEREZ ESPINOSA JORGE ROGELIO  Grupo 6409  CLAVE  ASIGNATURA  LUNES  MARTES  MIERCOLES  JUEVES  VIERNES  SABADO  PROFESOR  OBSERVACIONES  1619  EPIDEMIOLOGIA Y SALUD PUBLICA  09:00 a 12:00 B 07  PROFESOR PENDIENTE LA CLASE SERá IMPARTIDA POR LA MTRA. ANA PATRICIA ANCIRA GUZMáN  1620  PSICODIAGNOSTICO II  12:00 a 15:00 A 202  12:00 a 15:00 B 17  CHAPA ROMERO ANA CELIA  1622  TEORIA Y TECNICA DE LA ENTREVIS. II  15:00 a 19:00 A 110  CERVANTES BAZAN KARLA ALEJANDRA  Grupo 6410  CLAVE  ASIGNATURA  LUNES  MARTES  MIERCOLES  JUEVES  VIERNES  SABADO  PROFESOR  OBSERVACIONES  1620  PSICODIAGNOSTICO II  08:00 a 11:00 A 211  08:00 a 11:00 A 201  RUÍZ GONZÁLEZ VERÓNICA  1621  PSICODINAMICA DE GRUPOS  15:00 a 19:00 A 211  MARQUEZ VERDUZCO DAVID  1622  TEORIA Y TECNICA DE LA ENTREVIS. II  16:00 a 20:00 A 109  ESPINOZA SALGADO FATIMA SAGRARIO  APOYO DOCENTE: MTRO. JESÚS ENRIQUE SOTELO OJEDA  Grupo 6411  CLAVE  ASIGNATURA  LUNES  MARTES  MIERCOLES  JUEVES  VIERNES  SABADO  PROFESOR  OBSERVACIONES  1620  PSICODIAGNOSTICO II  09:00 a 12:00 A 309  09:00 a 12:00 A 309  HERNANDEZ TREJO LAURA AMADA  LA PRáCTICA SE REALIZARá LOS VIERNES EN EL CENTRO COMUNITARIO DR. JULIáN MACGREGOR Y SáNCHEZ NAVARRO (A MITAD DEL SEMESTRE)  1621  PSICODINAMICA DE GRUPOS  15:00 a 17:00 B 07  15:00 a 17:00 A 302  MORALES CHAMBERT BRENDA CONCEPCION  1622  TEORIA Y TECNICA DE LA ENTREVIS. II  08:00 a 12:00 Edif C Salon 1  PROFESOR PENDIENTE LA CLASE SERá IMPARTIDA POR EL PROF. JUAN MANUEL SANTIAGO MALDONADO Grupo 6412  CLAVE  ASIGNATURA  LUNES  MARTES  MIERCOLES  JUEVES  VIERNES  SABADO  PROFESOR  OBSERVACIONES  1620  PSICODIAGNOSTICO II  15:00 a 18:00 A 207  15:00 a 18:00 A 205  CABRERA ZAMORA INGRID MARISSA  1621  PSICODINAMICA DE GRUPOS  16:00 a 20:00 A 203  PROFESOR PENDIENTE LA CLASE SERá IMPARTIDA POR EL DR. RICARDO TRUJILLO CORREA  Grupo 6413  CLAVE  ASIGNATURA  LUNES  MARTES  MIERCOLES  JUEVES  VIERNES  SABADO  PROFESOR  OBSERVACIONES  1620  PSICODIAGNOSTICO II  16:00 a 19:00 A 301  16:00 a 19:00 A 110  PADILLA MARQUEZ XOCHITL BERENICE  1622  TEORIA Y TECNICA DE LA ENTREVIS. II  16:00 a 20:00 A 110  REYES GONZALEZ JOSE LUIS  Grupo 6414  CLAVE  ASIGNATURA  LUNES  MARTES  MIERCOLES  JUEVES  VIERNES  SABADO  PROFESOR  OBSERVACIONES  1620  PSICODIAGNOSTICO II  16:00 a 19:00 A 312  16:00 a 19:00 A 204  HERNANDEZ ESTRADA LIZBETH  LA PRáCTICA EN ESCENARIO SE LLEVARá A CABO LOS LUNES EN EL CENTRO COMUNITARIO DR. JULIáN MACGREGOR Y SáNCHEZ NAVARRO, INICIANDO A MITAD DEL SEMESTRE.  1622  TEORIA Y TECNICA DE LA ENTREVIS. II  16:00 a 20:00 A 114  ESPINOZA SALGADO FATIMA SAGRARIO  APOYO DOCENTE: LIC. DAIRA SAYURI CRUZ LORENCES (DOCTORANTE)","Grupo 6401  CLAVE  ASIGNATURA  LUNES  MARTES  MIERCOLES  JUEVES  VIERNES  SABADO  PROFESOR  OBSERVACIONES  1620  PSICODIAGNOSTICO II  08:00 a 11:00 A 201  08:00 a 11:00 A 301  BECERRIL PEREZ MARIA SANTOS  PRáCTICA SUPERVISADA LOS MIéRCOLES EN EL COLEGIO AGUSTíN GARCíA CONDE, TLALPAN (INICIA A MITAD DEL SEMESTRE).  1622  TEORIA Y TECNICA DE LA ENTREVIS. II  08:00 a 12:00 A 314  MONDRAGON GOMEZ RAQUEL  Grupo 6402  CLAVE  ASIGNATURA  LUNES  MARTES  MIERCOLES  JUEVES  VIERNES  SABADO  PROFESOR  OBSERVACIONES  1620  PSICODIAGNOSTICO II  08:00 a 11:00 A 207  08:00 a 11:00 B 17  RUÍZ GONZÁLEZ VERÓNICA  1621  PSICODINAMICA DE GRUPOS  07:00 a 11:00 A 314  MORA GUTIERREZ GERARDO  1622  TEORIA Y TECNICA DE LA ENTREVIS. II  12:00 a 14:00 A 105  13:00 a 15:00 A 304  RAMIREZ CAMACHO MARÍA DEL CARMEN  LAS SESIONES DE PRáCTICA SE REALIZARáN LOS LUNES CON LA MTRA. RAMíREZ Y LOS MIéRCOLES CON EL DOCTORANTE ALEJANDRO AZUMA ÁVILA.  Grupo 6403  CLAVE  ASIGNATURA  LUNES  MARTES  MIERCOLES  JUEVES  VIERNES  SABADO  PROFESOR  OBSERVACIONES  1619  EPIDEMIOLOGIA Y SALUD PUBLICA  11:00 a 14:00 A 202  CUEVAS RENAUD CORINA MARGARITA  1620  PSICODIAGNOSTICO II  09:00 a 12:00 A 102  09:00 a 12:00 A 101  SOMARRIBA ROCHA LAURA ANGELA  1622  TEORIA Y TECNICA DE LA ENTREVIS. II  09:00 a 11:00 A 101  09:00 a 11:00 A 101  SOMARRIBA ROCHA LAURA ANGELA  Grupo 6404  CLAVE  ASIGNATURA  LUNES  MARTES  MIERCOLES  JUEVES  VIERNES  SABADO  PROFESOR  OBSERVACIONES  1619  EPIDEMIOLOGIA Y SALUD PUBLICA  09:00 a 12:00 A 102  PROFESOR PENDIENTE LA CLASE ESTARá A CARGO DE LA DRA. CLAUDIA IVETHE JAEN CORTéS.  1620  PSICODIAGNOSTICO II  09:00 a 12:00 A 102  09:00 a 12:00 A 110  CHAVEZ MURGUIA ALEJANDRA  1622  TEORIA Y TECNICA DE LA ENTREVIS. II  12:00 a 14:00 Edif C Salon 4  12:30 a 14:30 A 301  VALENZUELA VALLEJO JORGE ALFONSO  Grupo 6405  CLAVE  ASIGNATURA  LUNES  MARTES  MIERCOLES  JUEVES  VIERNES  SABADO  PROFESOR  OBSERVACIONES  1619  EPIDEMIOLOGIA Y SALUD PUBLICA  11:00 a 14:00 A 314  OROZCO ZAVALA RICARDO  1620  PSICODIAGNOSTICO II  12:00 a 15:00 A 309  12:00 a 15:00 A 312  MONJARÁS RODRÍGUEZ MARÍA TERESA  PRáCTICA EN ESCENARIO LOS MARTES EN EL CENTRO COMUNITARIO SAN LORENZO, A PARTIR DEL 3 DE MARZO.  1622  TEORIA Y TECNICA DE LA ENTREVIS. II  07:00 a 09:00 A 203  07:00 a 09:00 B 07  RODRIGUEZ SERRANO AIDEE ELENA  Grupo 6406  CLAVE  ASIGNATURA  LUNES  MARTES  MIERCOLES  JUEVES  VIERNES  SABADO  PROFESOR  OBSERVACIONES  1619  EPIDEMIOLOGIA Y SALUD PUBLICA  11:00 a 14:00 A 211  GONZALEZ ALCANTARA KARLA EDITH  1620  PSICODIAGNOSTICO II  09:00 a 12:00 A 114  09:00 a 12:00 A 114  PEREZ AGUERO MARIA CRISTINA  1622  TEORIA Y TECNICA DE LA ENTREVIS. II  08:00 a 12:00 A 202  PEREZ ESPINOSA JORGE ROGELIO  Grupo 6407  CLAVE  ASIGNATURA  LUNES  MARTES  MIERCOLES  JUEVES  VIERNES  SABADO  PROFESOR  OBSERVACIONES  1620  PSICODIAGNOSTICO II  08:00 a 11:00 A 310  08:00 a 11:00 A 310  SOTO CRISTOBAL GABRIEL  1622  TEORIA Y TECNICA DE LA ENTREVIS. II  10:00 a 14:00 A 308  YUSSIF ROFFE DALILA  Grupo 6408  CLAVE  ASIGNATURA  LUNES  MARTES  MIERCOLES  JUEVES  VIERNES  SABADO  PROFESOR  OBSERVACIONES  1620  PSICODIAGNOSTICO II  15:00 a 18:00 A 002  15:00 a 18:00 A 002  ARENAS LANDGRAVE PAULINA  1621  PSICODINAMICA DE GRUPOS  15:00 a 19:00 A 205  DE LA VEGA MORALES ROCIO IVONNE  1622  TEORIA Y TECNICA DE LA ENTREVIS. II  15:00 a 19:00 A 003  PEREZ ESPINOSA JORGE ROGELIO  Grupo 6409  CLAVE  ASIGNATURA  LUNES  MARTES  MIERCOLES  JUEVES  VIERNES  SABADO  PROFESOR  OBSERVACIONES  1619  EPIDEMIOLOGIA Y SALUD PUBLICA  09:00 a 12:00 B 07  PROFESOR PENDIENTE LA CLASE SERá IMPARTIDA POR LA MTRA. ANA PATRICIA ANCIRA GUZMáN  1620  PSICODIAGNOSTICO II  12:00 a 15:00 A 202  12:00 a 15:00 B 17  CHAPA ROMERO ANA CELIA  1622  TEORIA Y TECNICA DE LA ENTREVIS. II  15:00 a 19:00 A 110  CERVANTES BAZAN KARLA ALEJANDRA  Grupo 6410  CLAVE  ASIGNATURA  LUNES  MARTES  MIERCOLES  JUEVES  VIERNES  SABADO  PROFESOR  OBSERVACIONES  1620  PSICODIAGNOSTICO II  08:00 a 11:00 A 211  08:00 a 11:00 A 201  RUÍZ GONZÁLEZ VERÓNICA  1621  PSICODINAMICA DE GRUPOS  15:00 a 19:00 A 211  MARQUEZ VERDUZCO DAVID  1622  TEORIA Y TECNICA DE LA ENTREVIS. II  16:00 a 20:00 A 109  ESPINOZA SALGADO FATIMA SAGRARIO  APOYO DOCENTE: MTRO. JESÚS ENRIQUE SOTELO OJEDA  Grupo 6411  CLAVE  ASIGNATURA  LUNES  MARTES  MIERCOLES  JUEVES  VIERNES  SABADO  PROFESOR  OBSERVACIONES  1620  PSICODIAGNOSTICO II  09:00 a 12:00 A 309  09:00 a 12:00 A 309  HERNANDEZ TREJO LAURA AMADA  LA PRáCTICA SE REALIZARá LOS VIERNES EN EL CENTRO COMUNITARIO DR. JULIáN MACGREGOR Y SáNCHEZ NAVARRO (A MITAD DEL SEMESTRE)  1621  PSICODINAMICA DE GRUPOS  15:00 a 17:00 B 07  15:00 a 17:00 A 302  MORALES CHAMBERT BRENDA CONCEPCION  1622  TEORIA Y TECNICA DE LA ENTREVIS. II  08:00 a 12:00 Edif C Salon 1  PROFESOR PENDIENTE LA CLASE SERá IMPARTIDA POR EL PROF. JUAN MANUEL SANTIAGO MALDONADO Grupo 6412  CLAVE  ASIGNATURA  LUNES  MARTES  MIERCOLES  JUEVES  VIERNES  SABADO  PROFESOR  OBSERVACIONES  1620  PSICODIAGNOSTICO II  15:00 a 18:00 A 207  15:00 a 18:00 A 205  CABRERA ZAMORA INGRID MARISSA  1621  PSICODINAMICA DE GRUPOS  16:00 a 20:00 A 203  PROFESOR PENDIENTE LA CLASE SERá IMPARTIDA POR EL DR. RICARDO TRUJILLO CORREA  Grupo 6413  CLAVE  ASIGNATURA  LUNES  MARTES  MIERCOLES  JUEVES  VIERNES  SABADO  PROFESOR  OBSERVACIONES  1620  PSICODIAGNOSTICO II  16:00 a 19:00 A 301  16:00 a 19:00 A 110  PADILLA MARQUEZ XOCHITL BERENICE  1622  TEORIA Y TECNICA DE LA ENTREVIS. II  16:00 a 20:00 A 110  REYES GONZALEZ JOSE LUIS  Grupo 6414  CLAVE  ASIGNATURA  LUNES  MARTES  MIERCOLES  JUEVES  VIERNES  SABADO  PROFESOR  OBSERVACIONES  1620  PSICODIAGNOSTICO II  16:00 a 19:00 A 312  16:00 a 19:00 A 204  HERNANDEZ ESTRADA LIZBETH  LA PRáCTICA EN ESCENARIO SE LLEVARá A CABO LOS LUNES EN EL CENTRO COMUNITARIO DR. JULIáN MACGREGOR Y SáNCHEZ NAVARRO, INICIANDO A MITAD DEL SEMESTRE.  1622  TEORIA Y TECNICA DE LA ENTREVIS. II  16:00 a 20:00 A 114  ESPINOZA SALGADO FATIMA SAGRARIO  APOYO DOCENTE: LIC. DAIRA SAYURI CRUZ LORENCES (DOCTORANTE)",,,,,,,,PSICOLOGIA CLINICA Y DE LA SALUD
Grupo 6401,Grupo 6401,Grupo 6401,Grupo 6401,Grupo 6401,Grupo 6401,Grupo 6401,Grupo 6401,Grupo 6401,Grupo 6401,PSICOLOGIA CLINICA Y DE LA SALUD
CLAVE,ASIGNATURA,LUNES,MARTES,MIERCOLES,JUEVES,VIERNES,SABADO,PROFESOR,OBSERVACIONES,PSICOLOGIA CLINICA Y DE LA SALUD
1620,PSICODIAGNOSTICO II,08:00 a 11:00 A 201,,08:00 a 11:00 A 301,,,,BECERRIL PEREZ MARIA SANTOS,"PRáCTICA SUPERVISADA LOS MIéRCOLES EN EL COLEGIO AGUSTíN GARCíA CONDE, TLALPAN (INICIA A MITAD DEL SEMESTRE).",PSICOLOGIA CLINICA Y DE LA SALUD
1622,TEORIA Y TECNICA DE LA ENTREVIS. II,,08:00 a 12:00 A 314,,,,,MONDRAGON GOMEZ RAQUEL,,PSICOLOGIA CLINICA Y DE LA SALUD
Grupo 6402,Grupo 6402,Grupo 6402,Grupo 6402,Grupo 6402,Grupo 6402,Grupo 6402,Grupo 6402,Grupo 6402,Grupo 6402,PSICOLOGIA CLINICA Y DE LA SALUD
CLAVE,ASIGNATURA,LUNES,MARTES,MIERCOLES,JUEVES,VIERNES,SABADO,PROFESOR,OBSERVACIONES,PSICOLOGIA CLINICA Y DE LA SALUD
1620,PSICODIAGNOSTICO II,,08:00 a 11:00 A 207,,08:00 a 11:00 B 17,,,RUÍZ GONZÁLEZ VERÓNICA,,PSICOLOGIA CLINICA Y DE LA SALUD
1621,PSICODINAMICA DE GRUPOS,,,,,07:00 a 11:00 A 314,,MORA GUTIERREZ GERARDO,,PSICOLOGIA CLINICA Y DE LA SALUD
1622,TEORIA Y TECNICA DE LA ENTREVIS. II,12:00 a 14:00 A 105,,13:00 a 15:00 A 304,,,,RAMIREZ CAMACHO MARÍA DEL CARMEN,LAS SESIONES DE PRáCTICA SE REALIZARáN LOS LUNES CON LA MTRA. RAMíREZ Y LOS MIéRCOLES CON EL DOCTORANTE ALEJANDRO AZUMA ÁVILA.,PSICOLOGIA CLINICA Y DE LA SALUD
Grupo 6403,Grupo 6403,Grupo 6403,Grupo 6403,Grupo 6403,Grupo 6403,Grupo 6403,Grupo 6403,Grupo 6403,Grupo 6403,PSICOLOGIA CLINICA Y DE LA SALUD
CLAVE,ASIGNATURA,LUNES,MARTES,MIERCOLES,JUEVES,VIERNES,SABADO,PROFESOR,OBSERVACIONES,PSICOLOGIA CLINICA Y DE LA SALUD
1619,EPIDEMIOLOGIA Y SALUD PUBLICA,,,,11:00 a 14:00 A 202,,,CUEVAS RENAUD CORINA MARGARITA,,PSICOLOGIA CLINICA Y DE LA SALUD
1620,PSICODIAGNOSTICO II,09:00 a 12:00 A 102,,09:00 a 12:00 A 101,,,,SOMARRIBA ROCHA LAURA ANGELA,,PSICOLOGIA CLINICA Y DE LA SALUD
1622,TEORIA Y TECNICA DE LA ENTREVIS. II,,09:00 a 11:00 A 101,,09:00 a 11:00 A 101,,,SOMARRIBA ROCHA LAURA ANGELA,,PSICOLOGIA CLINICA Y DE LA SALUD
Grupo 6404,Grupo 6404,Grupo 6404,Grupo 6404,Grupo 6404,Grupo 6404,Grupo 6404,Grupo 6404,Grupo 6404,Grupo 6404,PSICOLOGIA CLINICA Y DE LA SALUD
CLAVE,ASIGNATURA,LUNES,MARTES,MIERCOLES,JUEVES,VIERNES,SABADO,PROFESOR,OBSERVACIONES,PSICOLOGIA CLINICA Y DE LA SALUD
1619,EPIDEMIOLOGIA Y SALUD PUBLICA,,,,,09:00 a 12:00 A 102,,PROFESOR PENDIENTE,LA CLASE ESTARá A CARGO DE LA DRA. CLAUDIA IVETHE JAEN CORTéS.,PSICOLOGIA CLINICA Y DE LA SALUD
1620,PSICODIAGNOSTICO II,,09:00 a 12:00 A 102,,09:00 a 12:00 A 110,,,CHAVEZ MURGUIA ALEJANDRA,,PSICOLOGIA CLINICA Y DE LA SALUD
1622,TEORIA Y TECNICA DE LA ENTREVIS. II,,12:00 a 14:00 Edif C Salon 4,12:30 a 14:30 A 301,,,,VALENZUELA VALLEJO JORGE ALFONSO,,PSICOLOGIA CLINICA Y DE LA SALUD
Grupo 6405,Grupo 6405,Grupo 6405,Grupo 6405,Grupo 6405,Grupo 6405,Grupo 6405,Grupo 6405,Grupo 6405,Grupo 6405,PSICOLOGIA CLINICA Y DE LA SALUD
CLAVE,ASIGNATURA,LUNES,MARTES,MIERCOLES,JUEVES,VIERNES,SABADO,PROFESOR,OBSERVACIONES,PSICOLOGIA CLINICA Y DE LA SALUD
1619,EPIDEMIOLOGIA Y SALUD PUBLICA,11:00 a 14:00 A 314,,,,,,OROZCO ZAVALA RICARDO,,PSICOLOGIA CLINICA Y DE LA SALUD
1620,PSICODIAGNOSTICO II,,12:00 a 15:00 A 309,,12:00 a 15:00 A 312,,,MONJARÁS RODRÍGUEZ MARÍA TERESA,"PRáCTICA EN ESCENARIO LOS MARTES EN EL CENTRO COMUNITARIO SAN LORENZO, A PARTIR DEL 3 DE MARZO.",PSICOLOGIA CLINICA Y DE LA SALUD
1622,TEORIA Y TECNICA DE LA ENTREVIS. II,,07:00 a 09:00 A 203,,07:00 a 09:00 B 07,,,RODRIGUEZ SERRANO AIDEE ELENA,,PSICOLOGIA CLINICA Y DE LA SALUD
Grupo 6406,Grupo 6406,Grupo 6406,Grupo 6406,Grupo 6406,Grupo 6406,Grupo 6406,Grupo 6406,Grupo 6406,Grupo 6406,PSICOLOGIA CLINICA Y DE LA SALUD
CLAVE,ASIGNATURA,LUNES,MARTES,MIERCOLES,JUEVES,VIERNES,SABADO,PROFESOR,OBSERVACIONES,PSICOLOGIA CLINICA Y DE LA SALUD
1619,EPIDEMIOLOGIA Y SALUD PUBLICA,,,11:00 a 14:00 A 211,,,,GONZALEZ ALCANTARA KARLA EDITH,,PSICOLOGIA CLINICA Y DE LA SALUD
1620,PSICODIAGNOSTICO II,,09:00 a 12:00 A 114,,09:00 a 12:00 A 114,,,PEREZ AGUERO MARIA CRISTINA,,PSICOLOGIA CLINICA Y DE LA SALUD
1622,TEORIA Y TECNICA DE LA ENTREVIS. II,08:00 a 12:00 A 202,,,,,,PEREZ ESPINOSA JORGE ROGELIO,,PSICOLOGIA CLINICA Y DE LA SALUD
Grupo 6407,Grupo 6407,Grupo 6407,Grupo 6407,Grupo 6407,Grupo 6407,Grupo 6407,Grupo 6407,Grupo 6407,Grupo 6407,PSICOLOGIA CLINICA Y DE LA SALUD
CLAVE,ASIGNATURA,LUNES,MARTES,MIERCOLES,JUEVES,VIERNES,SABADO,PROFESOR,OBSERVACIONES,PSICOLOGIA CLINICA Y DE LA SALUD
1620,PSICODIAGNOSTICO II,,08:00 a 11:00 A 310,,08:00 a 11:00 A 310,,,SOTO CRISTOBAL GABRIEL,,PSICOLOGIA CLINICA Y DE LA SALUD
1622,TEORIA Y TECNICA DE LA ENTREVIS. II,,,10:00 a 14:00 A 308,,,,YUSSIF ROFFE DALILA,,PSICOLOGIA CLINICA Y DE LA SALUD
Grupo 6408,Grupo 6408,Grupo 6408,Grupo 6408,Grupo 6408,Grupo 6408,Grupo 6408,Grupo 6408,Grupo 6408,Grupo 6408,PSICOLOGIA CLINICA Y DE LA SALUD
CLAVE,ASIGNATURA,LUNES,MARTES,MIERCOLES,JUEVES,VIERNES,SABADO,PROFESOR,OBSERVACIONES,PSICOLOGIA CLINICA Y DE LA SALUD
1620,PSICODIAGNOSTICO II,,,15:00 a 18:00 A 002,15:00 a 18:00 A 002,,,ARENAS LANDGRAVE PAULINA,,PSICOLOGIA CLINICA Y DE LA SALUD
1621,PSICODINAMICA DE GRUPOS,,,,,15:00 a 19:00 A 205,,DE LA VEGA MORALES ROCIO IVONNE,,PSICOLOGIA CLINICA Y DE LA SALUD
1622,TEORIA Y TECNICA DE LA ENTREVIS. II,15:00 a 19:00 A 003,,,,,,PEREZ ESPINOSA JORGE ROGELIO,,PSICOLOGIA CLINICA Y DE LA SALUD
Grupo 6409,Grupo 6409,Grupo 6409,Grupo 6409,Grupo 6409,Grupo 6409,Grupo 6409,Grupo 6409,Grupo 6409,Grupo 6409,PSICOLOGIA CLINICA Y DE LA SALUD
CLAVE,ASIGNATURA,LUNES,MARTES,MIERCOLES,JUEVES,VIERNES,SABADO,PROFESOR,OBSERVACIONES,PSICOLOGIA CLINICA Y DE LA SALUD
1619,EPIDEMIOLOGIA Y SALUD PUBLICA,,,09:00 a 12:00 B 07,,,,PROFESOR PENDIENTE,LA CLASE SERá IMPARTIDA POR LA MTRA. ANA PATRICIA ANCIRA GUZMáN,PSICOLOGIA CLINICA Y DE LA SALUD
1620,PSICODIAGNOSTICO II,12:00 a 15:00 A 202,,12:00 a 15:00 B 17,,,,CHAPA ROMERO ANA CELIA,,PSICOLOGIA CLINICA Y DE LA SALUD
1622,TEORIA Y TECNICA DE LA ENTREVIS. II,15:00 a 19:00 A 110,,,,,,CERVANTES BAZAN KARLA ALEJANDRA,,PSICOLOGIA CLINICA Y DE LA SALUD
Grupo 6410,Grupo 6410,Grupo 6410,Grupo 6410,Grupo 6410,Grupo 6410,Grupo 6410,Grupo 6410,Grupo 6410,Grupo 6410,PSICOLOGIA CLINICA Y DE LA SALUD
CLAVE,ASIGNATURA,LUNES,MARTES,MIERCOLES,JUEVES,VIERNES,SABADO,PROFESOR,OBSERVACIONES,PSICOLOGIA CLINICA Y DE LA SALUD
1620,PSICODIAGNOSTICO II,08:00 a 11:00 A 211,,08:00 a 11:00 A 201,,,,RUÍZ GONZÁLEZ VERÓNICA,,PSICOLOGIA CLINICA Y DE LA SALUD
1621,PSICODINAMICA DE GRUPOS,15:00 a 19:00 A 211,,,,,,MARQUEZ VERDUZCO DAVID,,PSICOLOGIA CLINICA Y DE LA SALUD
1622,TEORIA Y TECNICA DE LA ENTREVIS. II,,,16:00 a 20:00 A 109,,,,ESPINOZA SALGADO FATIMA SAGRARIO,APOYO DOCENTE: MTRO. JESÚS ENRIQUE SOTELO OJEDA,PSICOLOGIA CLINICA Y DE LA SALUD
Grupo 6411,Grupo 6411,Grupo 6411,Grupo 6411,Grupo 6411,Grupo 6411,Grupo 6411,Grupo 6411,Grupo 6411,Grupo 6411,PSICOLOGIA CLINICA Y DE LA SALUD
CLAVE,ASIGNATURA,LUNES,MARTES,MIERCOLES,JUEVES,VIERNES,SABADO,PROFESOR,OBSERVACIONES,PSICOLOGIA CLINICA Y DE LA SALUD
1620,PSICODIAGNOSTICO II,,09:00 a 12:00 A 309,,,09:00 a 12:00 A 309,,HERNANDEZ TREJO LAURA AMADA,LA PRáCTICA SE REALIZARá LOS VIERNES EN EL CENTRO COMUNITARIO DR. JULIáN MACGREGOR Y SáNCHEZ NAVARRO (A MITAD DEL SEMESTRE),PSICOLOGIA CLINICA Y DE LA SALUD
1621,PSICODINAMICA DE GRUPOS,15:00 a 17:00 B 07,,,15:00 a 17:00 A 302,,,MORALES CHAMBERT BRENDA CONCEPCION,,PSICOLOGIA CLINICA Y DE LA SALUD
1622,TEORIA Y TECNICA DE LA ENTREVIS. II,08:00 a 12:00 Edif C Salon 1,,,,,,PROFESOR PENDIENTE,LA CLASE SERá IMPARTIDA POR EL PROF. JUAN MANUEL SANTIAGO MALDONADO,PSICOLOGIA CLINICA Y DE LA SALUD
Grupo 6412,Grupo 6412,Grupo 6412,Grupo 6412,Grupo 6412,Grupo 6412,Grupo 6412,Grupo 6412,Grupo 6412,Grupo 6412,PSICOLOGIA CLINICA Y DE LA SALUD
CLAVE,ASIGNATURA,LUNES,MARTES,MIERCOLES,JUEVES,VIERNES,SABADO,PROFESOR,OBSERVACIONES,PSICOLOGIA CLINICA Y DE LA SALUD
1620,PSICODIAGNOSTICO II,,,15:00 a 18:00 A 207,15:00 a 18:00 A 205,,,CABRERA ZAMORA INGRID MARISSA,,PSICOLOGIA CLINICA Y DE LA SALUD
1621,PSICODINAMICA DE GRUPOS,,16:00 a 20:00 A 203,,,,,PROFESOR PENDIENTE,LA CLASE SERá IMPARTIDA POR EL DR. RICARDO TRUJILLO CORREA,PSICOLOGIA CLINICA Y DE LA SALUD
Grupo 6413,Grupo 6413,Grupo 6413,Grupo 6413,Grupo 6413,Grupo 6413,Grupo 6413,Grupo 6413,Grupo 6413,Grupo 6413,PSICOLOGIA CLINICA Y DE LA SALUD
CLAVE,ASIGNATURA,LUNES,MARTES,MIERCOLES,JUEVES,VIERNES,SABADO,PROFESOR,OBSERVACIONES,PSICOLOGIA CLINICA Y DE LA SALUD
1620,PSICODIAGNOSTICO II,16:00 a 19:00 A 301,16:00 a 19:00 A 110,,,,,PADILLA MARQUEZ XOCHITL BERENICE,,PSICOLOGIA CLINICA Y DE LA SALUD
1622,TEORIA Y TECNICA DE LA ENTREVIS. II,,,16:00 a 20:00 A 110,,,,REYES GONZALEZ JOSE LUIS,,PSICOLOGIA CLINICA Y DE LA SALUD
Grupo 6414,Grupo 6414,Grupo 6414,Grupo 6414,Grupo 6414,Grupo 6414,Grupo 6414,Grupo 6414,Grupo 6414,Grupo 6414,PSICOLOGIA CLINICA Y DE LA SALUD
CLAVE,ASIGNATURA,LUNES,MARTES,MIERCOLES,JUEVES,VIERNES,SABADO,PROFESOR,OBSERVACIONES,PSICOLOGIA CLINICA Y DE LA SALUD
1620,PSICODIAGNOSTICO II,16:00 a 19:00 A 312,,,,16:00 a 19:00 A 204,,HERNANDEZ ESTRADA LIZBETH,"LA PRáCTICA EN ESCENARIO SE LLEVARá A CABO LOS LUNES EN EL CENTRO COMUNITARIO DR. JULIáN MACGREGOR Y SáNCHEZ NAVARRO, INICIANDO A MITAD DEL SEMESTRE.",PSICOLOGIA CLINICA Y DE LA SALUD
1622,TEORIA Y TECNICA DE LA ENTREVIS. II,,,,16:00 a 20:00 A 114,,,ESPINOZA SALGADO FATIMA SAGRARIO,APOYO DOCENTE: LIC. DAIRA SAYURI CRUZ LORENCES (DOCTORANTE),PSICOLOGIA CLINICA Y DE LA SALUD
Selecciona el semestre a consultar  ----------- 2do Semestre 	4to Semestre 	6to Semestre 	8vo Semestre  OPTATIVAS DE GENERO (Plan 2008)  OPTATIVAS,Selecciona el tipo de busqueda  ----------- Grupo 	Asignatura,Selecciona el campo del conocimiento  ----------- CIENCIAS COGNITIVAS Y DEL COMPORTAMIENTO 	PROCESOS PSICOSOCIALES Y CULTURALES 	PSICOBIOLOGIA Y NEUROCIENCIAS 	PSICOLOGIA CLINICA Y DE LA SALUD 	PSICOLOGIA DE LA EDUCACION 	PSICOLOGIA ORGANIZACIONAL 	CONTEXTUAL,,,,,,,,PSICOLOGIA DE LA EDUCACION
,,,,,,,,,,PSICOLOGIA DE LA EDUCACION
,,,,,,,,,,PSICOLOGIA DE LA EDUCACION
Grupo 6501  CLAVE  ASIGNATURA  LUNES  MARTES  MIERCOLES  JUEVES  VIERNES  SABADO  PROFESOR  OBSERVACIONES  1626  INVESTIG.CUANTITATIVA EN EDUCACION  10:00 a 13:00 A 203  ALATORRE RICO JAVIER  1627  INVESTIGACION EN EDUCACION  09:00 a 14:00 A 201  09:00 a 14:00 A 201  ALATORRE RICO JAVIER  LAS PRIMERAS SEMANAS SE IMPARTIRá LA ASIGNATURA EN LA FACULTAD; POSTERIORMENTE SE ACUDIRá A ESCENARIO.  Grupo 6502  CLAVE  ASIGNATURA  LUNES  MARTES  MIERCOLES  JUEVES  VIERNES  SABADO  PROFESOR  OBSERVACIONES  1626  INVESTIG.CUANTITATIVA EN EDUCACION  11:00 a 14:00 A 304  RIGO LEMINI MARCO ANTONIO  1627  INVESTIGACION EN EDUCACION  08:00 a 13:00 UDEMAT Edif A  08:00 a 13:00 UDEMAT Edif A  MORALES GARDUÑO CECILIA  LAS PRIMERAS SEMANAS SE IMPARTIRá LA ASIGNATURA EN LA FACULTAD; POSTERIORMENTE SE ACUDIRá A ESCENARIO.  1629  PROGRAMAS DE INTERVEN. PSICOEDUCAT.  11:00 a 14:00 A 304  MORALES GARDUÑO CECILIA  Grupo 6503  CLAVE  ASIGNATURA  LUNES  MARTES  MIERCOLES  JUEVES  VIERNES  SABADO  PROFESOR  OBSERVACIONES  1627  INVESTIGACION EN EDUCACION  09:00 a 14:00 A 205  09:00 a 14:00 Edif C Sala Tut 1  DELGADO CERVANTES NORMA GEORGINA  1628  PARADIGMAS PSICOEDUC.CONTEMPORAN  11:30 a 14:30 AULA PENDIENTE  MARTINEZ ROMERO RINA MARIA  MIéRCOLES DE 11:30 A 13:00 HORAS AULA A108 Y DE 13:00 A 14:30 HORAS A208  1629  PROGRAMAS DE INTERVEN. PSICOEDUCAT.  16:00 a 19:00 A 204  DIAZ BARRIGA ARCEO FRIDA  Grupo 6504  CLAVE  ASIGNATURA  LUNES  MARTES  MIERCOLES  JUEVES  VIERNES  SABADO  PROFESOR  OBSERVACIONES  1627  INVESTIGACION EN EDUCACION  09:00 a 14:00 Edif C Sala Tut 1  09:00 a 14:00 URIDES 1 Edif C  RUBIO JIMENEZ ANA LUISA  INICIO DE ACTIVIDADES EN ESCENARIO: 10 DE FEBRERO  Grupo 6505  CLAVE  ASIGNATURA  LUNES  MARTES  MIERCOLES  JUEVES  VIERNES  SABADO  PROFESOR  OBSERVACIONES  1627  INVESTIGACION EN EDUCACION  10:00 a 15:00 Escenario  10:00 a 15:00 Escenario  TORREBLANCA NAVARRO OMAR  INICIO DE ACTIVIDADES EN ESCENARIO: 3 DE FEBRERO  Grupo 6506  CLAVE  ASIGNATURA  LUNES  MARTES  MIERCOLES  JUEVES  VIERNES  SABADO  PROFESOR  OBSERVACIONES  1627  INVESTIGACION EN EDUCACION  09:00 a 14:00 AULA PENDIENTE  09:00 a 14:00 AULA PENDIENTE  LOPEZ RAMIREZ JOSE LUIS  INICIO DE ACTIVIDADES EN ESCENARIO: 3 DE MARZO,Grupo 6501  CLAVE  ASIGNATURA  LUNES  MARTES  MIERCOLES  JUEVES  VIERNES  SABADO  PROFESOR  OBSERVACIONES  1626  INVESTIG.CUANTITATIVA EN EDUCACION  10:00 a 13:00 A 203  ALATORRE RICO JAVIER  1627  INVESTIGACION EN EDUCACION  09:00 a 14:00 A 201  09:00 a 14:00 A 201  ALATORRE RICO JAVIER  LAS PRIMERAS SEMANAS SE IMPARTIRá LA ASIGNATURA EN LA FACULTAD; POSTERIORMENTE SE ACUDIRá A ESCENARIO.  Grupo 6502  CLAVE  ASIGNATURA  LUNES  MARTES  MIERCOLES  JUEVES  VIERNES  SABADO  PROFESOR  OBSERVACIONES  1626  INVESTIG.CUANTITATIVA EN EDUCACION  11:00 a 14:00 A 304  RIGO LEMINI MARCO ANTONIO  1627  INVESTIGACION EN EDUCACION  08:00 a 13:00 UDEMAT Edif A  08:00 a 13:00 UDEMAT Edif A  MORALES GARDUÑO CECILIA  LAS PRIMERAS SEMANAS SE IMPARTIRá LA ASIGNATURA EN LA FACULTAD; POSTERIORMENTE SE ACUDIRá A ESCENARIO.  1629  PROGRAMAS DE INTERVEN. PSICOEDUCAT.  11:00 a 14:00 A 304  MORALES GARDUÑO CECILIA  Grupo 6503  CLAVE  ASIGNATURA  LUNES  MARTES  MIERCOLES  JUEVES  VIERNES  SABADO  PROFESOR  OBSERVACIONES  1627  INVESTIGACION EN EDUCACION  09:00 a 14:00 A 205  09:00 a 14:00 Edif C Sala Tut 1  DELGADO CERVANTES NORMA GEORGINA  1628  PARADIGMAS PSICOEDUC.CONTEMPORAN  11:30 a 14:30 AULA PENDIENTE  MARTINEZ ROMERO RINA MARIA  MIéRCOLES DE 11:30 A 13:00 HORAS AULA A108 Y DE 13:00 A 14:30 HORAS A208  1629  PROGRAMAS DE INTERVEN. PSICOEDUCAT.  16:00 a 19:00 A 204  DIAZ BARRIGA ARCEO FRIDA  Grupo 6504  CLAVE  ASIGNATURA  LUNES  MARTES  MIERCOLES  JUEVES  VIERNES  SABADO  PROFESOR  OBSERVACIONES  1627  INVESTIGACION EN EDUCACION  09:00 a 14:00 Edif C Sala Tut 1  09:00 a 14:00 URIDES 1 Edif C  RUBIO JIMENEZ ANA LUISA  INICIO DE ACTIVIDADES EN ESCENARIO: 10 DE FEBRERO  Grupo 6505  CLAVE  ASIGNATURA  LUNES  MARTES  MIERCOLES  JUEVES  VIERNES  SABADO  PROFESOR  OBSERVACIONES  1627  INVESTIGACION EN EDUCACION  10:00 a 15:00 Escenario  10:00 a 15:00 Escenario  TORREBLANCA NAVARRO OMAR  INICIO DE ACTIVIDADES EN ESCENARIO: 3 DE FEBRERO  Grupo 6506  CLAVE  ASIGNATURA  LUNES  MARTES  MIERCOLES  JUEVES  VIERNES  SABADO  PROFESOR  OBSERVACIONES  1627  INVESTIGACION EN EDUCACION  09:00 a 14:00 AULA PENDIENTE  09:00 a 14:00 AULA PENDIENTE  LOPEZ RAMIREZ JOSE LUIS  INICIO DE ACTIVIDADES EN ESCENARIO: 3 DE MARZO,Grupo 6501  CLAVE  ASIGNATURA  LUNES  MARTES  MIERCOLES  JUEVES  VIERNES  SABADO  PROFESOR  OBSERVACIONES  1626  INVESTIG.CUANTITATIVA EN EDUCACION  10:00 a 13:00 A 203  ALATORRE RICO JAVIER  1627  INVESTIGACION EN EDUCACION  09:00 a 14:00 A 201  09:00 a 14:00 A 201  ALATORRE RICO JAVIER  LAS PRIMERAS SEMANAS SE IMPARTIRá LA ASIGNATURA EN LA FACULTAD; POSTERIORMENTE SE ACUDIRá A ESCENARIO.  Grupo 6502  CLAVE  ASIGNATURA  LUNES  MARTES  MIERCOLES  JUEVES  VIERNES  SABADO  PROFESOR  OBSERVACIONES  1626  INVESTIG.CUANTITATIVA EN EDUCACION  11:00 a 14:00 A 304  RIGO LEMINI MARCO ANTONIO  1627  INVESTIGACION EN EDUCACION  08:00 a 13:00 UDEMAT Edif A  08:00 a 13:00 UDEMAT Edif A  MORALES GARDUÑO CECILIA  LAS PRIMERAS SEMANAS SE IMPARTIRá LA ASIGNATURA EN LA FACULTAD; POSTERIORMENTE SE ACUDIRá A ESCENARIO.  1629  PROGRAMAS DE INTERVEN. PSICOEDUCAT.  11:00 a 14:00 A 304  MORALES GARDUÑO CECILIA  Grupo 6503  CLAVE  ASIGNATURA  LUNES  MARTES  MIERCOLES  JUEVES  VIERNES  SABADO  PROFESOR  OBSERVACIONES  1627  INVESTIGACION EN EDUCACION  09:00 a 14:00 A 205  09:00 a 14:00 Edif C Sala Tut 1  DELGADO CERVANTES NORMA GEORGINA  1628  PARADIGMAS PSICOEDUC.CONTEMPORAN  11:30 a 14:30 AULA PENDIENTE  MARTINEZ ROMERO RINA MARIA  MIéRCOLES DE 11:30 A 13:00 HORAS AULA A108 Y DE 13:00 A 14:30 HORAS A208  1629  PROGRAMAS DE INTERVEN. PSICOEDUCAT.  16:00 a 19:00 A 204  DIAZ BARRIGA ARCEO FRIDA  Grupo 6504  CLAVE  ASIGNATURA  LUNES  MARTES  MIERCOLES  JUEVES  VIERNES  SABADO  PROFESOR  OBSERVACIONES  1627  INVESTIGACION EN EDUCACION  09:00 a 14:00 Edif C Sala Tut 1  09:00 a 14:00 URIDES 1 Edif C  RUBIO JIMENEZ ANA LUISA  INICIO DE ACTIVIDADES EN ESCENARIO: 10 DE FEBRERO  Grupo 6505  CLAVE  ASIGNATURA  LUNES  MARTES  MIERCOLES  JUEVES  VIERNES  SABADO  PROFESOR  OBSERVACIONES  1627  INVESTIGACION EN EDUCACION  10:00 a 15:00 Escenario  10:00 a 15:00 Escenario  TORREBLANCA NAVARRO OMAR  INICIO DE ACTIVIDADES EN ESCENARIO: 3 DE FEBRERO  Grupo 6506  CLAVE  ASIGNATURA  LUNES  MARTES  MIERCOLES  JUEVES  VIERNES  SABADO  PROFESOR  OBSERVACIONES  1627  INVESTIGACION EN EDUCACION  09:00 a 14:00 AULA PENDIENTE  09:00 a 14:00 AULA PENDIENTE  LOPEZ RAMIREZ JOSE LUIS  INICIO DE ACTIVIDADES EN ESCENARIO: 3 DE MARZO,,,,,,,,PSICOLOGIA DE LA EDUCACION
Grupo 6501,Grupo 6501,Grupo 6501,Grupo 6501,Grupo 6501,Grupo 6501,Grupo 6501,Grupo 6501,Grupo 6501,Grupo 6501,PSICOLOGIA DE LA EDUCACION
CLAVE,ASIGNATURA,LUNES,MARTES,MIERCOLES,JUEVES,VIERNES,SABADO,PROFESOR,OBSERVACIONES,PSICOLOGIA DE LA EDUCACION
1626,INVESTIG.CUANTITATIVA EN EDUCACION,,,10:00 a 13:00 A 203,,,,ALATORRE RICO JAVIER,,PSICOLOGIA DE LA EDUCACION
1627,INVESTIGACION EN EDUCACION,,09:00 a 14:00 A 201,,09:00 a 14:00 A 201,,,ALATORRE RICO JAVIER,LAS PRIMERAS SEMANAS SE IMPARTIRá LA ASIGNATURA EN LA FACULTAD; POSTERIORMENTE SE ACUDIRá A ESCENARIO.,PSICOLOGIA DE LA EDUCACION
Grupo 6502,Grupo 6502,Grupo 6502,Grupo 6502,Grupo 6502,Grupo 6502,Grupo 6502,Grupo 6502,Grupo 6502,Grupo 6502,PSICOLOGIA DE LA EDUCACION
CLAVE,ASIGNATURA,LUNES,MARTES,MIERCOLES,JUEVES,VIERNES,SABADO,PROFESOR,OBSERVACIONES,PSICOLOGIA DE LA EDUCACION
1626,INVESTIG.CUANTITATIVA EN EDUCACION,,,,,11:00 a 14:00 A 304,,RIGO LEMINI MARCO ANTONIO,,PSICOLOGIA DE LA EDUCACION
1627,INVESTIGACION EN EDUCACION,,08:00 a 13:00 UDEMAT Edif A,,08:00 a 13:00 UDEMAT Edif A,,,MORALES GARDUÑO CECILIA,LAS PRIMERAS SEMANAS SE IMPARTIRá LA ASIGNATURA EN LA FACULTAD; POSTERIORMENTE SE ACUDIRá A ESCENARIO.,PSICOLOGIA DE LA EDUCACION
1629,PROGRAMAS DE INTERVEN. PSICOEDUCAT.,11:00 a 14:00 A 304,,,,,,MORALES GARDUÑO CECILIA,,PSICOLOGIA DE LA EDUCACION
Grupo 6503,Grupo 6503,Grupo 6503,Grupo 6503,Grupo 6503,Grupo 6503,Grupo 6503,Grupo 6503,Grupo 6503,Grupo 6503,PSICOLOGIA DE LA EDUCACION
CLAVE,ASIGNATURA,LUNES,MARTES,MIERCOLES,JUEVES,VIERNES,SABADO,PROFESOR,OBSERVACIONES,PSICOLOGIA DE LA EDUCACION
1627,INVESTIGACION EN EDUCACION,,09:00 a 14:00 A 205,,09:00 a 14:00 Edif C Sala Tut 1,,,DELGADO CERVANTES NORMA GEORGINA,,PSICOLOGIA DE LA EDUCACION
1628,PARADIGMAS PSICOEDUC.CONTEMPORAN,,,11:30 a 14:30 AULA PENDIENTE,,,,MARTINEZ ROMERO RINA MARIA,MIéRCOLES DE 11:30 A 13:00 HORAS AULA A108 Y DE 13:00 A 14:30 HORAS A208,PSICOLOGIA DE LA EDUCACION
1629,PROGRAMAS DE INTERVEN. PSICOEDUCAT.,16:00 a 19:00 A 204,,,,,,DIAZ BARRIGA ARCEO FRIDA,,PSICOLOGIA DE LA EDUCACION
Grupo 6504,Grupo 6504,Grupo 6504,Grupo 6504,Grupo 6504,Grupo 6504,Grupo 6504,Grupo 6504,Grupo 6504,Grupo 6504,PSICOLOGIA DE LA EDUCACION
CLAVE,ASIGNATURA,LUNES,MARTES,MIERCOLES,JUEVES,VIERNES,SABADO,PROFESOR,OBSERVACIONES,PSICOLOGIA DE LA EDUCACION
1627,INVESTIGACION EN EDUCACION,,09:00 a 14:00 Edif C Sala Tut 1,,09:00 a 14:00 URIDES 1 Edif C,,,RUBIO JIMENEZ ANA LUISA,INICIO DE ACTIVIDADES EN ESCENARIO: 10 DE FEBRERO,PSICOLOGIA DE LA EDUCACION
Grupo 6505,Grupo 6505,Grupo 6505,Grupo 6505,Grupo 6505,Grupo 6505,Grupo 6505,Grupo 6505,Grupo 6505,Grupo 6505,PSICOLOGIA DE LA EDUCACION
CLAVE,ASIGNATURA,LUNES,MARTES,MIERCOLES,JUEVES,VIERNES,SABADO,PROFESOR,OBSERVACIONES,PSICOLOGIA DE LA EDUCACION
1627,INVESTIGACION EN EDUCACION,,10:00 a 15:00 Escenario,,10:00 a 15:00 Escenario,,,TORREBLANCA NAVARRO OMAR,INICIO DE ACTIVIDADES EN ESCENARIO: 3 DE FEBRERO,PSICOLOGIA DE LA EDUCACION
Grupo 6506,Grupo 6506,Grupo 6506,Grupo 6506,Grupo 6506,Grupo 6506,Grupo 6506,Grupo 6506,Grupo 6506,Grupo 6506,PSICOLOGIA DE LA EDUCACION
CLAVE,ASIGNATURA,LUNES,MARTES,MIERCOLES,JUEVES,VIERNES,SABADO,PROFESOR,OBSERVACIONES,PSICOLOGIA DE LA EDUCACION
1627,INVESTIGACION EN EDUCACION,,09:00 a 14:00 AULA PENDIENTE,,09:00 a 14:00 AULA PENDIENTE,,,LOPEZ RAMIREZ JOSE LUIS,INICIO DE ACTIVIDADES EN ESCENARIO: 3 DE MARZO,PSICOLOGIA DE LA EDUCACION
Selecciona el semestre a consultar  ----------- 2do Semestre 	4to Semestre 	6to Semestre 	8vo Semestre  OPTATIVAS DE GENERO (Plan 2008)  OPTATIVAS,Selecciona el tipo de busqueda  ----------- Grupo 	Asignatura,Selecciona el campo del conocimiento  ----------- CIENCIAS COGNITIVAS Y DEL COMPORTAMIENTO 	PROCESOS PSICOSOCIALES Y CULTURALES 	PSICOBIOLOGIA Y NEUROCIENCIAS 	PSICOLOGIA CLINICA Y DE LA SALUD 	PSICOLOGIA DE LA EDUCACION 	PSICOLOGIA ORGANIZACIONAL 	CONTEXTUAL,,,,,,,,PSICOLOGIA ORGANIZACIONAL
,,,,,,,,,,PSICOLOGIA ORGANIZACIONAL
,,,,,,,,,,PSICOLOGIA ORGANIZACIONAL
Grupo 6601  CLAVE  ASIGNATURA  LUNES  MARTES  MIERCOLES  JUEVES  VIERNES  SABADO  PROFESOR  OBSERVACIONES  1623  ADMINISTRACION DE PERSONAL  09:00 a 13:00 A 205  CASALES LEON ANGEL GABINO  1625  INTEGRACION DE PERSONAL I  09:00 a 12:00 A 301  09:00 a 12:00 A 207  PACHECO LAPIEDRA ROSA  Grupo 6602  CLAVE  ASIGNATURA  LUNES  MARTES  MIERCOLES  JUEVES  VIERNES  SABADO  PROFESOR  OBSERVACIONES  1623  ADMINISTRACION DE PERSONAL  10:00 a 14:00 A 301  PUENTE LOMELIN ARTURO  1625  INTEGRACION DE PERSONAL I  12:00 a 15:00 A 301  12:00 a 15:00 A 110  PACHECO LAPIEDRA ROSA  Grupo 6603  CLAVE  ASIGNATURA  LUNES  MARTES  MIERCOLES  JUEVES  VIERNES  SABADO  PROFESOR  OBSERVACIONES  1624  CAPACITAC.Y DESARR.DE PERSONAL II  10:00 a 13:00 A 205  10:00 a 13:00 Edif C Salon 2  MARTINEZ PEREZ ADRIANA GUADALUPE  1625  INTEGRACION DE PERSONAL I  11:00 a 14:00 B 17  11:00 a 14:00 B 17  VALLE GOMEZ MIRNA ROCIO  Grupo 6604  CLAVE  ASIGNATURA  LUNES  MARTES  MIERCOLES  JUEVES  VIERNES  SABADO  PROFESOR  OBSERVACIONES  1623  ADMINISTRACION DE PERSONAL  09:00 a 11:00 A 110  11:00 a 13:00 A 302  LOZADA VAZQUEZ RICARDO ALBERTO  1624  CAPACITAC.Y DESARR.DE PERSONAL II  12:00 a 15:00 B 07  12:00 a 15:00 B 07  SOUZA COLIN ERIKA  1625  INTEGRACION DE PERSONAL I  11:00 a 14:00 AULA PENDIENTE  11:00 a 14:00 A 201  RODRIGUEZ RODRIGUEZ CLARA IVONNE  Grupo 6605  CLAVE  ASIGNATURA  LUNES  MARTES  MIERCOLES  JUEVES  VIERNES  SABADO  PROFESOR  OBSERVACIONES  1623  ADMINISTRACION DE PERSONAL  10:00 a 14:00 A 304  MARTINEZ PEREZ ADRIANA GUADALUPE  Grupo 6606  CLAVE  ASIGNATURA  LUNES  MARTES  MIERCOLES  JUEVES  VIERNES  SABADO  PROFESOR  OBSERVACIONES  1623  ADMINISTRACION DE PERSONAL  16:00 a 20:00 A 205  LOZADA VAZQUEZ RICARDO ALBERTO  1624  CAPACITAC.Y DESARR.DE PERSONAL II  17:00 a 20:00 A 101  17:00 a 20:00 A 101  ESLAVA GUEVARA ADELINA  Grupo 6607  CLAVE  ASIGNATURA  LUNES  MARTES  MIERCOLES  JUEVES  VIERNES  SABADO  PROFESOR  OBSERVACIONES  1623  ADMINISTRACION DE PERSONAL  16:00 a 20:00 B 17  MARTINEZ PEREZ ADRIANA GUADALUPE  1624  CAPACITAC.Y DESARR.DE PERSONAL II  16:00 a 19:00 A 207  16:00 a 19:00 A 205  SOUZA COLIN ERIKA  1625  INTEGRACION DE PERSONAL I  15:00 a 18:00 A 304  13:00 a 16:00 A 204  RIVERA GARCIA JORGE LUIS  Grupo 6608  CLAVE  ASIGNATURA  LUNES  MARTES  MIERCOLES  JUEVES  VIERNES  SABADO  PROFESOR  OBSERVACIONES  1623  ADMINISTRACION DE PERSONAL  15:00 a 19:00 B 17  VILLAVICENCIO CARRANZA MIGUEL ALEJANDRO  1624  CAPACITAC.Y DESARR.DE PERSONAL II  15:00 a 18:00 B 07  15:00 a 18:00 B 07  MARTINEZ MEJIA EMMANUEL,Grupo 6601  CLAVE  ASIGNATURA  LUNES  MARTES  MIERCOLES  JUEVES  VIERNES  SABADO  PROFESOR  OBSERVACIONES  1623  ADMINISTRACION DE PERSONAL  09:00 a 13:00 A 205  CASALES LEON ANGEL GABINO  1625  INTEGRACION DE PERSONAL I  09:00 a 12:00 A 301  09:00 a 12:00 A 207  PACHECO LAPIEDRA ROSA  Grupo 6602  CLAVE  ASIGNATURA  LUNES  MARTES  MIERCOLES  JUEVES  VIERNES  SABADO  PROFESOR  OBSERVACIONES  1623  ADMINISTRACION DE PERSONAL  10:00 a 14:00 A 301  PUENTE LOMELIN ARTURO  1625  INTEGRACION DE PERSONAL I  12:00 a 15:00 A 301  12:00 a 15:00 A 110  PACHECO LAPIEDRA ROSA  Grupo 6603  CLAVE  ASIGNATURA  LUNES  MARTES  MIERCOLES  JUEVES  VIERNES  SABADO  PROFESOR  OBSERVACIONES  1624  CAPACITAC.Y DESARR.DE PERSONAL II  10:00 a 13:00 A 205  10:00 a 13:00 Edif C Salon 2  MARTINEZ PEREZ ADRIANA GUADALUPE  1625  INTEGRACION DE PERSONAL I  11:00 a 14:00 B 17  11:00 a 14:00 B 17  VALLE GOMEZ MIRNA ROCIO  Grupo 6604  CLAVE  ASIGNATURA  LUNES  MARTES  MIERCOLES  JUEVES  VIERNES  SABADO  PROFESOR  OBSERVACIONES  1623  ADMINISTRACION DE PERSONAL  09:00 a 11:00 A 110  11:00 a 13:00 A 302  LOZADA VAZQUEZ RICARDO ALBERTO  1624  CAPACITAC.Y DESARR.DE PERSONAL II  12:00 a 15:00 B 07  12:00 a 15:00 B 07  SOUZA COLIN ERIKA  1625  INTEGRACION DE PERSONAL I  11:00 a 14:00 AULA PENDIENTE  11:00 a 14:00 A 201  RODRIGUEZ RODRIGUEZ CLARA IVONNE  Grupo 6605  CLAVE  ASIGNATURA  LUNES  MARTES  MIERCOLES  JUEVES  VIERNES  SABADO  PROFESOR  OBSERVACIONES  1623  ADMINISTRACION DE PERSONAL  10:00 a 14:00 A 304  MARTINEZ PEREZ ADRIANA GUADALUPE  Grupo 6606  CLAVE  ASIGNATURA  LUNES  MARTES  MIERCOLES  JUEVES  VIERNES  SABADO  PROFESOR  OBSERVACIONES  1623  ADMINISTRACION DE PERSONAL  16:00 a 20:00 A 205  LOZADA VAZQUEZ RICARDO ALBERTO  1624  CAPACITAC.Y DESARR.DE PERSONAL II  17:00 a 20:00 A 101  17:00 a 20:00 A 101  ESLAVA GUEVARA ADELINA  Grupo 6607  CLAVE  ASIGNATURA  LUNES  MARTES  MIERCOLES  JUEVES  VIERNES  SABADO  PROFESOR  OBSERVACIONES  1623  ADMINISTRACION DE PERSONAL  16:00 a 20:00 B 17  MARTINEZ PEREZ ADRIANA GUADALUPE  1624  CAPACITAC.Y DESARR.DE PERSONAL II  16:00 a 19:00 A 207  16:00 a 19:00 A 205  SOUZA COLIN ERIKA  1625  INTEGRACION DE PERSONAL I  15:00 a 18:00 A 304  13:00 a 16:00 A 204  RIVERA GARCIA JORGE LUIS  Grupo 6608  CLAVE  ASIGNATURA  LUNES  MARTES  MIERCOLES  JUEVES  VIERNES  SABADO  PROFESOR  OBSERVACIONES  1623  ADMINISTRACION DE PERSONAL  15:00 a 19:00 B 17  VILLAVICENCIO CARRANZA MIGUEL ALEJANDRO  1624  CAPACITAC.Y DESARR.DE PERSONAL II  15:00 a 18:00 B 07  15:00 a 18:00 B 07  MARTINEZ MEJIA EMMANUEL,Grupo 6601  CLAVE  ASIGNATURA  LUNES  MARTES  MIERCOLES  JUEVES  VIERNES  SABADO  PROFESOR  OBSERVACIONES  1623  ADMINISTRACION DE PERSONAL  09:00 a 13:00 A 205  CASALES LEON ANGEL GABINO  1625  INTEGRACION DE PERSONAL I  09:00 a 12:00 A 301  09:00 a 12:00 A 207  PACHECO LAPIEDRA ROSA  Grupo 6602  CLAVE  ASIGNATURA  LUNES  MARTES  MIERCOLES  JUEVES  VIERNES  SABADO  PROFESOR  OBSERVACIONES  1623  ADMINISTRACION DE PERSONAL  10:00 a 14:00 A 301  PUENTE LOMELIN ARTURO  1625  INTEGRACION DE PERSONAL I  12:00 a 15:00 A 301  12:00 a 15:00 A 110  PACHECO LAPIEDRA ROSA  Grupo 6603  CLAVE  ASIGNATURA  LUNES  MARTES  MIERCOLES  JUEVES  VIERNES  SABADO  PROFESOR  OBSERVACIONES  1624  CAPACITAC.Y DESARR.DE PERSONAL II  10:00 a 13:00 A 205  10:00 a 13:00 Edif C Salon 2  MARTINEZ PEREZ ADRIANA GUADALUPE  1625  INTEGRACION DE PERSONAL I  11:00 a 14:00 B 17  11:00 a 14:00 B 17  VALLE GOMEZ MIRNA ROCIO  Grupo 6604  CLAVE  ASIGNATURA  LUNES  MARTES  MIERCOLES  JUEVES  VIERNES  SABADO  PROFESOR  OBSERVACIONES  1623  ADMINISTRACION DE PERSONAL  09:00 a 11:00 A 110  11:00 a 13:00 A 302  LOZADA VAZQUEZ RICARDO ALBERTO  1624  CAPACITAC.Y DESARR.DE PERSONAL II  12:00 a 15:00 B 07  12:00 a 15:00 B 07  SOUZA COLIN ERIKA  1625  INTEGRACION DE PERSONAL I  11:00 a 14:00 AULA PENDIENTE  11:00 a 14:00 A 201  RODRIGUEZ RODRIGUEZ CLARA IVONNE  Grupo 6605  CLAVE  ASIGNATURA  LUNES  MARTES  MIERCOLES  JUEVES  VIERNES  SABADO  PROFESOR  OBSERVACIONES  1623  ADMINISTRACION DE PERSONAL  10:00 a 14:00 A 304  MARTINEZ PEREZ ADRIANA GUADALUPE  Grupo 6606  CLAVE  ASIGNATURA  LUNES  MARTES  MIERCOLES  JUEVES  VIERNES  SABADO  PROFESOR  OBSERVACIONES  1623  ADMINISTRACION DE PERSONAL  16:00 a 20:00 A 205  LOZADA VAZQUEZ RICARDO ALBERTO  1624  CAPACITAC.Y DESARR.DE PERSONAL II  17:00 a 20:00 A 101  17:00 a 20:00 A 101  ESLAVA GUEVARA ADELINA  Grupo 6607  CLAVE  ASIGNATURA  LUNES  MARTES  MIERCOLES  JUEVES  VIERNES  SABADO  PROFESOR  OBSERVACIONES  1623  ADMINISTRACION DE PERSONAL  16:00 a 20:00 B 17  MARTINEZ PEREZ ADRIANA GUADALUPE  1624  CAPACITAC.Y DESARR.DE PERSONAL II  16:00 a 19:00 A 207  16:00 a 19:00 A 205  SOUZA COLIN ERIKA  1625  INTEGRACION DE PERSONAL I  15:00 a 18:00 A 304  13:00 a 16:00 A 204  RIVERA GARCIA JORGE LUIS  Grupo 6608  CLAVE  ASIGNATURA  LUNES  MARTES  MIERCOLES  JUEVES  VIERNES  SABADO  PROFESOR  OBSERVACIONES  1623  ADMINISTRACION DE PERSONAL  15:00 a 19:00 B 17  VILLAVICENCIO CARRANZA MIGUEL ALEJANDRO  1624  CAPACITAC.Y DESARR.DE PERSONAL II  15:00 a 18:00 B 07  15:00 a 18:00 B 07  MARTINEZ MEJIA EMMANUEL,,,,,,,,PSICOLOGIA ORGANIZACIONAL
Grupo 6601,Grupo 6601,Grupo 6601,Grupo 6601,Grupo 6601,Grupo 6601,Grupo 6601,Grupo 6601,Grupo 6601,Grupo 6601,PSICOLOGIA ORGANIZACIONAL
CLAVE,ASIGNATURA,LUNES,MARTES,MIERCOLES,JUEVES,VIERNES,SABADO,PROFESOR,OBSERVACIONES,PSICOLOGIA ORGANIZACIONAL
1623,ADMINISTRACION DE PERSONAL,,,,,,09:00 a 13:00 A 205,CASALES LEON ANGEL GABINO,,PSICOLOGIA ORGANIZACIONAL
1625,INTEGRACION DE PERSONAL I,09:00 a 12:00 A 301,,09:00 a 12:00 A 207,,,,PACHECO LAPIEDRA ROSA,,PSICOLOGIA ORGANIZACIONAL
Grupo 6602,Grupo 6602,Grupo 6602,Grupo 6602,Grupo 6602,Grupo 6602,Grupo 6602,Grupo 6602,Grupo 6602,Grupo 6602,PSICOLOGIA ORGANIZACIONAL
CLAVE,ASIGNATURA,LUNES,MARTES,MIERCOLES,JUEVES,VIERNES,SABADO,PROFESOR,OBSERVACIONES,PSICOLOGIA ORGANIZACIONAL
1623,ADMINISTRACION DE PERSONAL,,,,,10:00 a 14:00 A 301,,PUENTE LOMELIN ARTURO,,PSICOLOGIA ORGANIZACIONAL
1625,INTEGRACION DE PERSONAL I,12:00 a 15:00 A 301,,12:00 a 15:00 A 110,,,,PACHECO LAPIEDRA ROSA,,PSICOLOGIA ORGANIZACIONAL
Grupo 6603,Grupo 6603,Grupo 6603,Grupo 6603,Grupo 6603,Grupo 6603,Grupo 6603,Grupo 6603,Grupo 6603,Grupo 6603,PSICOLOGIA ORGANIZACIONAL
CLAVE,ASIGNATURA,LUNES,MARTES,MIERCOLES,JUEVES,VIERNES,SABADO,PROFESOR,OBSERVACIONES,PSICOLOGIA ORGANIZACIONAL
1624,CAPACITAC.Y DESARR.DE PERSONAL II,,,10:00 a 13:00 A 205,,10:00 a 13:00 Edif C Salon 2,,MARTINEZ PEREZ ADRIANA GUADALUPE,,PSICOLOGIA ORGANIZACIONAL
1625,INTEGRACION DE PERSONAL I,,11:00 a 14:00 B 17,,11:00 a 14:00 B 17,,,VALLE GOMEZ MIRNA ROCIO,,PSICOLOGIA ORGANIZACIONAL
Grupo 6604,Grupo 6604,Grupo 6604,Grupo 6604,Grupo 6604,Grupo 6604,Grupo 6604,Grupo 6604,Grupo 6604,Grupo 6604,PSICOLOGIA ORGANIZACIONAL
CLAVE,ASIGNATURA,LUNES,MARTES,MIERCOLES,JUEVES,VIERNES,SABADO,PROFESOR,OBSERVACIONES,PSICOLOGIA ORGANIZACIONAL
1623,ADMINISTRACION DE PERSONAL,09:00 a 11:00 A 110,,,11:00 a 13:00 A 302,,,LOZADA VAZQUEZ RICARDO ALBERTO,,PSICOLOGIA ORGANIZACIONAL
1624,CAPACITAC.Y DESARR.DE PERSONAL II,12:00 a 15:00 B 07,,12:00 a 15:00 B 07,,,,SOUZA COLIN ERIKA,,PSICOLOGIA ORGANIZACIONAL
1625,INTEGRACION DE PERSONAL I,,11:00 a 14:00 AULA PENDIENTE,,,11:00 a 14:00 A 201,,RODRIGUEZ RODRIGUEZ CLARA IVONNE,,PSICOLOGIA ORGANIZACIONAL
Grupo 6605,Grupo 6605,Grupo 6605,Grupo 6605,Grupo 6605,Grupo 6605,Grupo 6605,Grupo 6605,Grupo 6605,Grupo 6605,PSICOLOGIA ORGANIZACIONAL
CLAVE,ASIGNATURA,LUNES,MARTES,MIERCOLES,JUEVES,VIERNES,SABADO,PROFESOR,OBSERVACIONES,PSICOLOGIA ORGANIZACIONAL
1623,ADMINISTRACION DE PERSONAL,,10:00 a 14:00 A 304,,,,,MARTINEZ PEREZ ADRIANA GUADALUPE,,PSICOLOGIA ORGANIZACIONAL
Grupo 6606,Grupo 6606,Grupo 6606,Grupo 6606,Grupo 6606,Grupo 6606,Grupo 6606,Grupo 6606,Grupo 6606,Grupo 6606,PSICOLOGIA ORGANIZACIONAL
CLAVE,ASIGNATURA,LUNES,MARTES,MIERCOLES,JUEVES,VIERNES,SABADO,PROFESOR,OBSERVACIONES,PSICOLOGIA ORGANIZACIONAL
1623,ADMINISTRACION DE PERSONAL,16:00 a 20:00 A 205,,,,,,LOZADA VAZQUEZ RICARDO ALBERTO,,PSICOLOGIA ORGANIZACIONAL
1624,CAPACITAC.Y DESARR.DE PERSONAL II,,17:00 a 20:00 A 101,,17:00 a 20:00 A 101,,,ESLAVA GUEVARA ADELINA,,PSICOLOGIA ORGANIZACIONAL
Grupo 6607,Grupo 6607,Grupo 6607,Grupo 6607,Grupo 6607,Grupo 6607,Grupo 6607,Grupo 6607,Grupo 6607,Grupo 6607,PSICOLOGIA ORGANIZACIONAL
CLAVE,ASIGNATURA,LUNES,MARTES,MIERCOLES,JUEVES,VIERNES,SABADO,PROFESOR,OBSERVACIONES,PSICOLOGIA ORGANIZACIONAL
1623,ADMINISTRACION DE PERSONAL,,,,16:00 a 20:00 B 17,,,MARTINEZ PEREZ ADRIANA GUADALUPE,,PSICOLOGIA ORGANIZACIONAL
1624,CAPACITAC.Y DESARR.DE PERSONAL II,16:00 a 19:00 A 207,,16:00 a 19:00 A 205,,,,SOUZA COLIN ERIKA,,PSICOLOGIA ORGANIZACIONAL
1625,INTEGRACION DE PERSONAL I,,15:00 a 18:00 A 304,,13:00 a 16:00 A 204,,,RIVERA GARCIA JORGE LUIS,,PSICOLOGIA ORGANIZACIONAL
Grupo 6608,Grupo 6608,Grupo 6608,Grupo 6608,Grupo 6608,Grupo 6608,Grupo 6608,Grupo 6608,Grupo 6608,Grupo 6608,PSICOLOGIA ORGANIZACIONAL
CLAVE,ASIGNATURA,LUNES,MARTES,MIERCOLES,JUEVES,VIERNES,SABADO,PROFESOR,OBSERVACIONES,PSICOLOGIA ORGANIZACIONAL
1623,ADMINISTRACION DE PERSONAL,,,,,15:00 a 19:00 B 17,,VILLAVICENCIO CARRANZA MIGUEL ALEJANDRO,,PSICOLOGIA ORGANIZACIONAL
1624,CAPACITAC.Y DESARR.DE PERSONAL II,,15:00 a 18:00 B 07,,15:00 a 18:00 B 07,,,MARTINEZ MEJIA EMMANUEL,,PSICOLOGIA ORGANIZACIONAL
Selecciona el semestre a consultar  ----------- 2do Semestre 	4to Semestre 	6to Semestre 	8vo Semestre  OPTATIVAS DE GENERO (Plan 2008)  OPTATIVAS,Selecciona el tipo de busqueda  ----------- Grupo 	Asignatura,Selecciona el campo del conocimiento  ----------- CIENCIAS COGNITIVAS Y DEL COMPORTAMIENTO 	PROCESOS PSICOSOCIALES Y CULTURALES 	PSICOBIOLOGIA Y NEUROCIENCIAS 	PSICOLOGIA CLINICA Y DE LA SALUD 	PSICOLOGIA DE LA EDUCACION 	PSICOLOGIA ORGANIZACIONAL 	CONTEXTUAL,,,,,,,,CONTEXTUAL
,,,,,,,,,,CONTEXTUAL
,,,,,,,,,,CONTEXTUAL
Grupo 6701  CLAVE  ASIGNATURA  LUNES  MARTES  MIERCOLES  JUEVES  VIERNES  SABADO  PROFESOR  OBSERVACIONES  1600  ETICA PROFESIONAL  09:00 a 11:00 A 206  CABRERA ZAMORA INGRID MARISSA  8001  APORTES DESDE EPISTEM. FEMINIST. PSIC.  11:00 a 14:00 A 206  CHAVARRIA LUNA SALVADOR  Grupo 6702  CLAVE  ASIGNATURA  LUNES  MARTES  MIERCOLES  JUEVES  VIERNES  SABADO  PROFESOR  OBSERVACIONES  1600  ETICA PROFESIONAL  10:00 a 12:00 A 109  MERAZ RIOS PATRICIA  8001  APORTES DESDE EPISTEM. FEMINIST. PSIC.  11:00 a 14:00 A 307  PROFESOR PENDIENTE LA CLASE LA IMPARTIRá LA PROFESORA JARITZI CAMACHO  Grupo 6703  CLAVE  ASIGNATURA  LUNES  MARTES  MIERCOLES  JUEVES  VIERNES  SABADO  PROFESOR  OBSERVACIONES  1600  ETICA PROFESIONAL  10:00 a 12:00 A 206  LOZADA VAZQUEZ RICARDO ALBERTO  8001  APORTES DESDE EPISTEM. FEMINIST. PSIC.  12:00 a 15:00 A 206  TZOMPANTZI MIGUEL CLAUDIO ARTURO  Grupo 6704  CLAVE  ASIGNATURA  LUNES  MARTES  MIERCOLES  JUEVES  VIERNES  SABADO  PROFESOR  OBSERVACIONES  1600  ETICA PROFESIONAL  13:30 a 15:30 A 108  DE LA CRUZ FLORES GABRIELA  8001  APORTES DESDE EPISTEM. FEMINIST. PSIC.  10:30 a 13:30 A 108  HERNANDEZ CRESPO TANIA JIMENA  Grupo 6705  CLAVE  ASIGNATURA  LUNES  MARTES  MIERCOLES  JUEVES  VIERNES  SABADO  PROFESOR  OBSERVACIONES  1600  ETICA PROFESIONAL  13:00 a 15:00 A 107  PROFESOR PENDIENTE LA CLASE LA IMPARTIRá EL PROFESOR ALBERTO LóPEZ.  8001  APORTES DESDE EPISTEM. FEMINIST. PSIC.  10:00 a 13:00 A 210  PROFESOR PENDIENTE LA CLASE LA IMPARTIRá LA DRA. ERIKA TORRES T. Grupo 6706  CLAVE  ASIGNATURA  LUNES  MARTES  MIERCOLES  JUEVES  VIERNES  SABADO  PROFESOR  OBSERVACIONES  1600  ETICA PROFESIONAL  12:30 a 14:30 A 302  PROFESOR PENDIENTE LA CLASE LA IMPARTIRá EL PROFESOR BRUNO VELáZQUEZ.  8001  APORTES DESDE EPISTEM. FEMINIST. PSIC.  09:30 a 12:30 A 302  COLMENARES VAZQUEZ LIGIA  Grupo 6707  CLAVE  ASIGNATURA  LUNES  MARTES  MIERCOLES  JUEVES  VIERNES  SABADO  PROFESOR  OBSERVACIONES  1600  ETICA PROFESIONAL  08:00 a 10:00 A 307  CARRILLO URIBE ALEJANDRO  8001  APORTES DESDE EPISTEM. FEMINIST. PSIC.  10:00 a 13:00 A 108  COLMENARES VAZQUEZ LIGIA  Grupo 6708  CLAVE  ASIGNATURA  LUNES  MARTES  MIERCOLES  JUEVES  VIERNES  SABADO  PROFESOR  OBSERVACIONES  1600  ETICA PROFESIONAL  15:00 a 17:00 A 107  PROFESOR PENDIENTE LA CLASE LA IMPARTIRá LA DRA. ERIKA TORRES T. 8001  APORTES DESDE EPISTEM. FEMINIST. PSIC.  17:00 a 20:00 A 107  HERNANDEZ CRESPO TANIA JIMENA  Grupo 6709  CLAVE  ASIGNATURA  LUNES  MARTES  MIERCOLES  JUEVES  VIERNES  SABADO  PROFESOR  OBSERVACIONES  1600  ETICA PROFESIONAL  16:00 a 18:00 A 206  HERRERA ORTIZ MIGUEL  8001  APORTES DESDE EPISTEM. FEMINIST. PSIC.  11:00 a 14:00 A 301  CHAPA ROMERO ANA CELIA  Grupo 6710  CLAVE  ASIGNATURA  LUNES  MARTES  MIERCOLES  JUEVES  VIERNES  SABADO  PROFESOR  OBSERVACIONES  1600  ETICA PROFESIONAL  07:00 a 09:00 A 307  BUZO CASANOVA ENRIQUE RICARDO  8001  APORTES DESDE EPISTEM. FEMINIST. PSIC.  09:00 a 12:00 A 206  NAVARRO CORONA CLAUDIA IVETTE  Grupo 6711  CLAVE  ASIGNATURA  LUNES  MARTES  MIERCOLES  JUEVES  VIERNES  SABADO  PROFESOR  OBSERVACIONES  1600  ETICA PROFESIONAL  13:00 a 15:00 A 302  PROFESOR PENDIENTE LA CLASE LA IMPARTIRá LA PROFESORA JAQUELINE MARCUE  8001  APORTES DESDE EPISTEM. FEMINIST. PSIC.  15:00 a 18:00 A 301  HERNANDEZ CRESPO TANIA JIMENA  Grupo 6712  CLAVE  ASIGNATURA  LUNES  MARTES  MIERCOLES  JUEVES  VIERNES  SABADO  PROFESOR  OBSERVACIONES  1600  ETICA PROFESIONAL  18:00 a 20:00 A 109  TREJO MORALES MARTHA PATRICIA  8001  APORTES DESDE EPISTEM. FEMINIST. PSIC.  15:00 a 18:00 A 206  NAVARRO CORONA CLAUDIA IVETTE  Grupo 6713  CLAVE  ASIGNATURA  LUNES  MARTES  MIERCOLES  JUEVES  VIERNES  SABADO  PROFESOR  OBSERVACIONES  1600  ETICA PROFESIONAL  15:00 a 17:00 A 108  PROFESOR PENDIENTE LA CLASE LA IMPARTIRá LA DRA. ERIKA TORRES T. 8001  APORTES DESDE EPISTEM. FEMINIST. PSIC.  17:00 a 20:00 A 108  RODRIGUEZ SERRANO AIDEE ELENA,Grupo 6701  CLAVE  ASIGNATURA  LUNES  MARTES  MIERCOLES  JUEVES  VIERNES  SABADO  PROFESOR  OBSERVACIONES  1600  ETICA PROFESIONAL  09:00 a 11:00 A 206  CABRERA ZAMORA INGRID MARISSA  8001  APORTES DESDE EPISTEM. FEMINIST. PSIC.  11:00 a 14:00 A 206  CHAVARRIA LUNA SALVADOR  Grupo 6702  CLAVE  ASIGNATURA  LUNES  MARTES  MIERCOLES  JUEVES  VIERNES  SABADO  PROFESOR  OBSERVACIONES  1600  ETICA PROFESIONAL  10:00 a 12:00 A 109  MERAZ RIOS PATRICIA  8001  APORTES DESDE EPISTEM. FEMINIST. PSIC.  11:00 a 14:00 A 307  PROFESOR PENDIENTE LA CLASE LA IMPARTIRá LA PROFESORA JARITZI CAMACHO  Grupo 6703  CLAVE  ASIGNATURA  LUNES  MARTES  MIERCOLES  JUEVES  VIERNES  SABADO  PROFESOR  OBSERVACIONES  1600  ETICA PROFESIONAL  10:00 a 12:00 A 206  LOZADA VAZQUEZ RICARDO ALBERTO  8001  APORTES DESDE EPISTEM. FEMINIST. PSIC.  12:00 a 15:00 A 206  TZOMPANTZI MIGUEL CLAUDIO ARTURO  Grupo 6704  CLAVE  ASIGNATURA  LUNES  MARTES  MIERCOLES  JUEVES  VIERNES  SABADO  PROFESOR  OBSERVACIONES  1600  ETICA PROFESIONAL  13:30 a 15:30 A 108  DE LA CRUZ FLORES GABRIELA  8001  APORTES DESDE EPISTEM. FEMINIST. PSIC.  10:30 a 13:30 A 108  HERNANDEZ CRESPO TANIA JIMENA  Grupo 6705  CLAVE  ASIGNATURA  LUNES  MARTES  MIERCOLES  JUEVES  VIERNES  SABADO  PROFESOR  OBSERVACIONES  1600  ETICA PROFESIONAL  13:00 a 15:00 A 107  PROFESOR PENDIENTE LA CLASE LA IMPARTIRá EL PROFESOR ALBERTO LóPEZ.  8001  APORTES DESDE EPISTEM. FEMINIST. PSIC.  10:00 a 13:00 A 210  PROFESOR PENDIENTE LA CLASE LA IMPARTIRá LA DRA. ERIKA TORRES T. Grupo 6706  CLAVE  ASIGNATURA  LUNES  MARTES  MIERCOLES  JUEVES  VIERNES  SABADO  PROFESOR  OBSERVACIONES  1600  ETICA PROFESIONAL  12:30 a 14:30 A 302  PROFESOR PENDIENTE LA CLASE LA IMPARTIRá EL PROFESOR BRUNO VELáZQUEZ.  8001  APORTES DESDE EPISTEM. FEMINIST. PSIC.  09:30 a 12:30 A 302  COLMENARES VAZQUEZ LIGIA  Grupo 6707  CLAVE  ASIGNATURA  LUNES  MARTES  MIERCOLES  JUEVES  VIERNES  SABADO  PROFESOR  OBSERVACIONES  1600  ETICA PROFESIONAL  08:00 a 10:00 A 307  CARRILLO URIBE ALEJANDRO  8001  APORTES DESDE EPISTEM. FEMINIST. PSIC.  10:00 a 13:00 A 108  COLMENARES VAZQUEZ LIGIA  Grupo 6708  CLAVE  ASIGNATURA  LUNES  MARTES  MIERCOLES  JUEVES  VIERNES  SABADO  PROFESOR  OBSERVACIONES  1600  ETICA PROFESIONAL  15:00 a 17:00 A 107  PROFESOR PENDIENTE LA CLASE LA IMPARTIRá LA DRA. ERIKA TORRES T. 8001  APORTES DESDE EPISTEM. FEMINIST. PSIC.  17:00 a 20:00 A 107  HERNANDEZ CRESPO TANIA JIMENA  Grupo 6709  CLAVE  ASIGNATURA  LUNES  MARTES  MIERCOLES  JUEVES  VIERNES  SABADO  PROFESOR  OBSERVACIONES  1600  ETICA PROFESIONAL  16:00 a 18:00 A 206  HERRERA ORTIZ MIGUEL  8001  APORTES DESDE EPISTEM. FEMINIST. PSIC.  11:00 a 14:00 A 301  CHAPA ROMERO ANA CELIA  Grupo 6710  CLAVE  ASIGNATURA  LUNES  MARTES  MIERCOLES  JUEVES  VIERNES  SABADO  PROFESOR  OBSERVACIONES  1600  ETICA PROFESIONAL  07:00 a 09:00 A 307  BUZO CASANOVA ENRIQUE RICARDO  8001  APORTES DESDE EPISTEM. FEMINIST. PSIC.  09:00 a 12:00 A 206  NAVARRO CORONA CLAUDIA IVETTE  Grupo 6711  CLAVE  ASIGNATURA  LUNES  MARTES  MIERCOLES  JUEVES  VIERNES  SABADO  PROFESOR  OBSERVACIONES  1600  ETICA PROFESIONAL  13:00 a 15:00 A 302  PROFESOR PENDIENTE LA CLASE LA IMPARTIRá LA PROFESORA JAQUELINE MARCUE  8001  APORTES DESDE EPISTEM. FEMINIST. PSIC.  15:00 a 18:00 A 301  HERNANDEZ CRESPO TANIA JIMENA  Grupo 6712  CLAVE  ASIGNATURA  LUNES  MARTES  MIERCOLES  JUEVES  VIERNES  SABADO  PROFESOR  OBSERVACIONES  1600  ETICA PROFESIONAL  18:00 a 20:00 A 109  TREJO MORALES MARTHA PATRICIA  8001  APORTES DESDE EPISTEM. FEMINIST. PSIC.  15:00 a 18:00 A 206  NAVARRO CORONA CLAUDIA IVETTE  Grupo 6713  CLAVE  ASIGNATURA  LUNES  MARTES  MIERCOLES  JUEVES  VIERNES  SABADO  PROFESOR  OBSERVACIONES  1600  ETICA PROFESIONAL  15:00 a 17:00 A 108  PROFESOR PENDIENTE LA CLASE LA IMPARTIRá LA DRA. ERIKA TORRES T. 8001  APORTES DESDE EPISTEM. FEMINIST. PSIC.  17:00 a 20:00 A 108  RODRIGUEZ SERRANO AIDEE ELENA,Grupo 6701  CLAVE  ASIGNATURA  LUNES  MARTES  MIERCOLES  JUEVES  VIERNES  SABADO  PROFESOR  OBSERVACIONES  1600  ETICA PROFESIONAL  09:00 a 11:00 A 206  CABRERA ZAMORA INGRID MARISSA  8001  APORTES DESDE EPISTEM. FEMINIST. PSIC.  11:00 a 14:00 A 206  CHAVARRIA LUNA SALVADOR  Grupo 6702  CLAVE  ASIGNATURA  LUNES  MARTES  MIERCOLES  JUEVES  VIERNES  SABADO  PROFESOR  OBSERVACIONES  1600  ETICA PROFESIONAL  10:00 a 12:00 A 109  MERAZ RIOS PATRICIA  8001  APORTES DESDE EPISTEM. FEMINIST. PSIC.  11:00 a 14:00 A 307  PROFESOR PENDIENTE LA CLASE LA IMPARTIRá LA PROFESORA JARITZI CAMACHO  Grupo 6703  CLAVE  ASIGNATURA  LUNES  MARTES  MIERCOLES  JUEVES  VIERNES  SABADO  PROFESOR  OBSERVACIONES  1600  ETICA PROFESIONAL  10:00 a 12:00 A 206  LOZADA VAZQUEZ RICARDO ALBERTO  8001  APORTES DESDE EPISTEM. FEMINIST. PSIC.  12:00 a 15:00 A 206  TZOMPANTZI MIGUEL CLAUDIO ARTURO  Grupo 6704  CLAVE  ASIGNATURA  LUNES  MARTES  MIERCOLES  JUEVES  VIERNES  SABADO  PROFESOR  OBSERVACIONES  1600  ETICA PROFESIONAL  13:30 a 15:30 A 108  DE LA CRUZ FLORES GABRIELA  8001  APORTES DESDE EPISTEM. FEMINIST. PSIC.  10:30 a 13:30 A 108  HERNANDEZ CRESPO TANIA JIMENA  Grupo 6705  CLAVE  ASIGNATURA  LUNES  MARTES  MIERCOLES  JUEVES  VIERNES  SABADO  PROFESOR  OBSERVACIONES  1600  ETICA PROFESIONAL  13:00 a 15:00 A 107  PROFESOR PENDIENTE LA CLASE LA IMPARTIRá EL PROFESOR ALBERTO LóPEZ.  8001  APORTES DESDE EPISTEM. FEMINIST. PSIC.  10:00 a 13:00 A 210  PROFESOR PENDIENTE LA CLASE LA IMPARTIRá LA DRA. ERIKA TORRES T. Grupo 6706  CLAVE  ASIGNATURA  LUNES  MARTES  MIERCOLES  JUEVES  VIERNES  SABADO  PROFESOR  OBSERVACIONES  1600  ETICA PROFESIONAL  12:30 a 14:30 A 302  PROFESOR PENDIENTE LA CLASE LA IMPARTIRá EL PROFESOR BRUNO VELáZQUEZ.  8001  APORTES DESDE EPISTEM. FEMINIST. PSIC.  09:30 a 12:30 A 302  COLMENARES VAZQUEZ LIGIA  Grupo 6707  CLAVE  ASIGNATURA  LUNES  MARTES  MIERCOLES  JUEVES  VIERNES  SABADO  PROFESOR  OBSERVACIONES  1600  ETICA PROFESIONAL  08:00 a 10:00 A 307  CARRILLO URIBE ALEJANDRO  8001  APORTES DESDE EPISTEM. FEMINIST. PSIC.  10:00 a 13:00 A 108  COLMENARES VAZQUEZ LIGIA  Grupo 6708  CLAVE  ASIGNATURA  LUNES  MARTES  MIERCOLES  JUEVES  VIERNES  SABADO  PROFESOR  OBSERVACIONES  1600  ETICA PROFESIONAL  15:00 a 17:00 A 107  PROFESOR PENDIENTE LA CLASE LA IMPARTIRá LA DRA. ERIKA TORRES T. 8001  APORTES DESDE EPISTEM. FEMINIST. PSIC.  17:00 a 20:00 A 107  HERNANDEZ CRESPO TANIA JIMENA  Grupo 6709  CLAVE  ASIGNATURA  LUNES  MARTES  MIERCOLES  JUEVES  VIERNES  SABADO  PROFESOR  OBSERVACIONES  1600  ETICA PROFESIONAL  16:00 a 18:00 A 206  HERRERA ORTIZ MIGUEL  8001  APORTES DESDE EPISTEM. FEMINIST. PSIC.  11:00 a 14:00 A 301  CHAPA ROMERO ANA CELIA  Grupo 6710  CLAVE  ASIGNATURA  LUNES  MARTES  MIERCOLES  JUEVES  VIERNES  SABADO  PROFESOR  OBSERVACIONES  1600  ETICA PROFESIONAL  07:00 a 09:00 A 307  BUZO CASANOVA ENRIQUE RICARDO  8001  APORTES DESDE EPISTEM. FEMINIST. PSIC.  09:00 a 12:00 A 206  NAVARRO CORONA CLAUDIA IVETTE  Grupo 6711  CLAVE  ASIGNATURA  LUNES  MARTES  MIERCOLES  JUEVES  VIERNES  SABADO  PROFESOR  OBSERVACIONES  1600  ETICA PROFESIONAL  13:00 a 15:00 A 302  PROFESOR PENDIENTE LA CLASE LA IMPARTIRá LA PROFESORA JAQUELINE MARCUE  8001  APORTES DESDE EPISTEM. FEMINIST. PSIC.  15:00 a 18:00 A 301  HERNANDEZ CRESPO TANIA JIMENA  Grupo 6712  CLAVE  ASIGNATURA  LUNES  MARTES  MIERCOLES  JUEVES  VIERNES  SABADO  PROFESOR  OBSERVACIONES  1600  ETICA PROFESIONAL  18:00 a 20:00 A 109  TREJO MORALES MARTHA PATRICIA  8001  APORTES DESDE EPISTEM. FEMINIST. PSIC.  15:00 a 18:00 A 206  NAVARRO CORONA CLAUDIA IVETTE  Grupo 6713  CLAVE  ASIGNATURA  LUNES  MARTES  MIERCOLES  JUEVES  VIERNES  SABADO  PROFESOR  OBSERVACIONES  1600  ETICA PROFESIONAL  15:00 a 17:00 A 108  PROFESOR PENDIENTE LA CLASE LA IMPARTIRá LA DRA. ERIKA TORRES T. 8001  APORTES DESDE EPISTEM. FEMINIST. PSIC.  17:00 a 20:00 A 108  RODRIGUEZ SERRANO AIDEE ELENA,,,,,,,,CONTEXTUAL
Grupo 6701,Grupo 6701,Grupo 6701,Grupo 6701,Grupo 6701,Grupo 6701,Grupo 6701,Grupo 6701,Grupo 6701,Grupo 6701,CONTEXTUAL
CLAVE,ASIGNATURA,LUNES,MARTES,MIERCOLES,JUEVES,VIERNES,SABADO,PROFESOR,OBSERVACIONES,CONTEXTUAL
1600,ETICA PROFESIONAL,09:00 a 11:00 A 206,,,,,,CABRERA ZAMORA INGRID MARISSA,,CONTEXTUAL
8001,APORTES DESDE EPISTEM. FEMINIST. PSIC.,11:00 a 14:00 A 206,,,,,,CHAVARRIA LUNA SALVADOR,,CONTEXTUAL
Grupo 6702,Grupo 6702,Grupo 6702,Grupo 6702,Grupo 6702,Grupo 6702,Grupo 6702,Grupo 6702,Grupo 6702,Grupo 6702,CONTEXTUAL
CLAVE,ASIGNATURA,LUNES,MARTES,MIERCOLES,JUEVES,VIERNES,SABADO,PROFESOR,OBSERVACIONES,CONTEXTUAL
1600,ETICA PROFESIONAL,,10:00 a 12:00 A 109,,,,,MERAZ RIOS PATRICIA,,CONTEXTUAL
8001,APORTES DESDE EPISTEM. FEMINIST. PSIC.,,,,,11:00 a 14:00 A 307,,PROFESOR PENDIENTE,LA CLASE LA IMPARTIRá LA PROFESORA JARITZI CAMACHO,CONTEXTUAL
Grupo 6703,Grupo 6703,Grupo 6703,Grupo 6703,Grupo 6703,Grupo 6703,Grupo 6703,Grupo 6703,Grupo 6703,Grupo 6703,CONTEXTUAL
CLAVE,ASIGNATURA,LUNES,MARTES,MIERCOLES,JUEVES,VIERNES,SABADO,PROFESOR,OBSERVACIONES,CONTEXTUAL
1600,ETICA PROFESIONAL,,,10:00 a 12:00 A 206,,,,LOZADA VAZQUEZ RICARDO ALBERTO,,CONTEXTUAL
8001,APORTES DESDE EPISTEM. FEMINIST. PSIC.,,,12:00 a 15:00 A 206,,,,TZOMPANTZI MIGUEL CLAUDIO ARTURO,,CONTEXTUAL
Grupo 6704,Grupo 6704,Grupo 6704,Grupo 6704,Grupo 6704,Grupo 6704,Grupo 6704,Grupo 6704,Grupo 6704,Grupo 6704,CONTEXTUAL
CLAVE,ASIGNATURA,LUNES,MARTES,MIERCOLES,JUEVES,VIERNES,SABADO,PROFESOR,OBSERVACIONES,CONTEXTUAL
1600,ETICA PROFESIONAL,,,,13:30 a 15:30 A 108,,,DE LA CRUZ FLORES GABRIELA,,CONTEXTUAL
8001,APORTES DESDE EPISTEM. FEMINIST. PSIC.,,,,10:30 a 13:30 A 108,,,HERNANDEZ CRESPO TANIA JIMENA,,CONTEXTUAL
Grupo 6705,Grupo 6705,Grupo 6705,Grupo 6705,Grupo 6705,Grupo 6705,Grupo 6705,Grupo 6705,Grupo 6705,Grupo 6705,CONTEXTUAL
CLAVE,ASIGNATURA,LUNES,MARTES,MIERCOLES,JUEVES,VIERNES,SABADO,PROFESOR,OBSERVACIONES,CONTEXTUAL
1600,ETICA PROFESIONAL,,,13:00 a 15:00 A 107,,,,PROFESOR PENDIENTE,LA CLASE LA IMPARTIRá EL PROFESOR ALBERTO LóPEZ.,CONTEXTUAL
8001,APORTES DESDE EPISTEM. FEMINIST. PSIC.,,,10:00 a 13:00 A 210,,,,PROFESOR PENDIENTE,LA CLASE LA IMPARTIRá LA DRA. ERIKA TORRES T.,CONTEXTUAL
Grupo 6706,Grupo 6706,Grupo 6706,Grupo 6706,Grupo 6706,Grupo 6706,Grupo 6706,Grupo 6706,Grupo 6706,Grupo 6706,CONTEXTUAL
CLAVE,ASIGNATURA,LUNES,MARTES,MIERCOLES,JUEVES,VIERNES,SABADO,PROFESOR,OBSERVACIONES,CONTEXTUAL
1600,ETICA PROFESIONAL,,12:30 a 14:30 A 302,,,,,PROFESOR PENDIENTE,LA CLASE LA IMPARTIRá EL PROFESOR BRUNO VELáZQUEZ.,CONTEXTUAL
8001,APORTES DESDE EPISTEM. FEMINIST. PSIC.,,09:30 a 12:30 A 302,,,,,COLMENARES VAZQUEZ LIGIA,,CONTEXTUAL
Grupo 6707,Grupo 6707,Grupo 6707,Grupo 6707,Grupo 6707,Grupo 6707,Grupo 6707,Grupo 6707,Grupo 6707,Grupo 6707,CONTEXTUAL
CLAVE,ASIGNATURA,LUNES,MARTES,MIERCOLES,JUEVES,VIERNES,SABADO,PROFESOR,OBSERVACIONES,CONTEXTUAL
1600,ETICA PROFESIONAL,,,,,08:00 a 10:00 A 307,,CARRILLO URIBE ALEJANDRO,,CONTEXTUAL
8001,APORTES DESDE EPISTEM. FEMINIST. PSIC.,,,,,10:00 a 13:00 A 108,,COLMENARES VAZQUEZ LIGIA,,CONTEXTUAL
Grupo 6708,Grupo 6708,Grupo 6708,Grupo 6708,Grupo 6708,Grupo 6708,Grupo 6708,Grupo 6708,Grupo 6708,Grupo 6708,CONTEXTUAL
CLAVE,ASIGNATURA,LUNES,MARTES,MIERCOLES,JUEVES,VIERNES,SABADO,PROFESOR,OBSERVACIONES,CONTEXTUAL
1600,ETICA PROFESIONAL,,15:00 a 17:00 A 107,,,,,PROFESOR PENDIENTE,LA CLASE LA IMPARTIRá LA DRA. ERIKA TORRES T.,CONTEXTUAL
8001,APORTES DESDE EPISTEM. FEMINIST. PSIC.,,17:00 a 20:00 A 107,,,,,HERNANDEZ CRESPO TANIA JIMENA,,CONTEXTUAL
Grupo 6709,Grupo 6709,Grupo 6709,Grupo 6709,Grupo 6709,Grupo 6709,Grupo 6709,Grupo 6709,Grupo 6709,Grupo 6709,CONTEXTUAL
CLAVE,ASIGNATURA,LUNES,MARTES,MIERCOLES,JUEVES,VIERNES,SABADO,PROFESOR,OBSERVACIONES,CONTEXTUAL
1600,ETICA PROFESIONAL,,,,16:00 a 18:00 A 206,,,HERRERA ORTIZ MIGUEL,,CONTEXTUAL
8001,APORTES DESDE EPISTEM. FEMINIST. PSIC.,,11:00 a 14:00 A 301,,,,,CHAPA ROMERO ANA CELIA,,CONTEXTUAL
Grupo 6710,Grupo 6710,Grupo 6710,Grupo 6710,Grupo 6710,Grupo 6710,Grupo 6710,Grupo 6710,Grupo 6710,Grupo 6710,CONTEXTUAL
CLAVE,ASIGNATURA,LUNES,MARTES,MIERCOLES,JUEVES,VIERNES,SABADO,PROFESOR,OBSERVACIONES,CONTEXTUAL
1600,ETICA PROFESIONAL,,,,07:00 a 09:00 A 307,,,BUZO CASANOVA ENRIQUE RICARDO,,CONTEXTUAL
8001,APORTES DESDE EPISTEM. FEMINIST. PSIC.,,,,09:00 a 12:00 A 206,,,NAVARRO CORONA CLAUDIA IVETTE,,CONTEXTUAL
Grupo 6711,Grupo 6711,Grupo 6711,Grupo 6711,Grupo 6711,Grupo 6711,Grupo 6711,Grupo 6711,Grupo 6711,Grupo 6711,CONTEXTUAL
CLAVE,ASIGNATURA,LUNES,MARTES,MIERCOLES,JUEVES,VIERNES,SABADO,PROFESOR,OBSERVACIONES,CONTEXTUAL
1600,ETICA PROFESIONAL,,,,13:00 a 15:00 A 302,,,PROFESOR PENDIENTE,LA CLASE LA IMPARTIRá LA PROFESORA JAQUELINE MARCUE,CONTEXTUAL
8001,APORTES DESDE EPISTEM. FEMINIST. PSIC.,,,,15:00 a 18:00 A 301,,,HERNANDEZ CRESPO TANIA JIMENA,,CONTEXTUAL
Grupo 6712,Grupo 6712,Grupo 6712,Grupo 6712,Grupo 6712,Grupo 6712,Grupo 6712,Grupo 6712,Grupo 6712,Grupo 6712,CONTEXTUAL
CLAVE,ASIGNATURA,LUNES,MARTES,MIERCOLES,JUEVES,VIERNES,SABADO,PROFESOR,OBSERVACIONES,CONTEXTUAL
1600,ETICA PROFESIONAL,,18:00 a 20:00 A 109,,,,,TREJO MORALES MARTHA PATRICIA,,CONTEXTUAL
8001,APORTES DESDE EPISTEM. FEMINIST. PSIC.,,15:00 a 18:00 A 206,,,,,NAVARRO CORONA CLAUDIA IVETTE,,CONTEXTUAL
Grupo 6713,Grupo 6713,Grupo 6713,Grupo 6713,Grupo 6713,Grupo 6713,Grupo 6713,Grupo 6713,Grupo 6713,Grupo 6713,CONTEXTUAL
CLAVE,ASIGNATURA,LUNES,MARTES,MIERCOLES,JUEVES,VIERNES,SABADO,PROFESOR,OBSERVACIONES,CONTEXTUAL
1600,ETICA PROFESIONAL,,,15:00 a 17:00 A 108,,,,PROFESOR PENDIENTE,LA CLASE LA IMPARTIRá LA DRA. ERIKA TORRES T.,CONTEXTUAL
8001,APORTES DESDE EPISTEM. FEMINIST. PSIC.,,,17:00 a 20:00 A 108,,,,RODRIGUEZ SERRANO AIDEE ELENA,,CONTEXTUAL
