0,1,2,3,4,5,6,7,8,9,Area_Origen
Selecciona el semestre a consultar  ----------- 2do Semestre 	4to Semestre 	6to Semestre 	8vo Semestre  OPTATIVAS DE GENERO (Plan 2008)  OPTATIVAS,Selecciona el tipo de busqueda  ----------- Grupo 	Asignatura,Selecciona el campo del conocimiento  ----------- CIENCIAS COGNITIVAS Y DEL COMPORTAMIENTO 	PROCESOS PSICOSOCIALES Y CULTURALES 	PSICOBIOLOGIA Y NEUROCIENCIAS 	PSICOLOGIA CLINICA Y DE LA SALUD 	PSICOLOGIA DE LA EDUCACION 	PSICOLOGIA ORGANIZACIONAL 	CONTEXTUAL,,,,,,,,CIENCIAS COGNITIVAS Y DEL COMPORTAMIENTO
,,,,,,,,,,CIENCIAS COGNITIVAS Y DEL COMPORTAMIENTO
,,,,,,,,,,CIENCIAS COGNITIVAS Y DEL COMPORTAMIENTO
"Grupo 8101  CLAVE  ASIGNATURA  LUNES  MARTES  MIERCOLES  JUEVES  VIERNES  SABADO  PROFESOR  OBSERVACIONES  1816  MODELOS DE APRENDIZ,MOTIV.COGNIC.I  10:00 a 13:00 A 311  PROFESOR PENDIENTE TEMáTICA: ECONOMIA CONDUCTUAL, TEORIAS Y APLICACIONES; PRE-REQUISITOS; LECTURA EN INGLéS, LA CLASE LA IMPARTIRA LA PROFESORA CLARA MUñOZ MáRQUEZ  1817  TALLER DE INVEST.DOCENCIA SUPERV. I  08:00 a 15:00 AULA PENDIENTE  10:00 a 13:00 AULA PENDIENTE  ROJAS RAMIREZ SYLVIA MARGARITA  TEMáTICA: INVESTIGACIóN EN PROCESOS DE INTERACCIóN SOCIAL, DIáLOGO Y SOLUCIóN COLABORATIVA DE PROBLEMAS ENTRE EDUCANDOS DE PRIMARIA EN ESCENARIOS EDUCATIVOS; PRE-REQUISITOS: HABER CURSADO DACC L, LL O LLL, CON LA DRA. ROJAS EN LOS SEM ANTERIORES.  1818  TEMAS SELEC.EN COMPORT.COGNIC. I  09:00 a 12:00 B 07  AVILA SANTIBANEZ RAUL  TEMáTICA: HISTORIA Y ESTATUS ACTUAL DE LA INVESTIGACIóN EN CONDICIONAMIENTO PAVLOVIANO; PRE-REQUISITOS, LEER EN INGLéS.  1820  PRINC.Y TECNICS D CAMBIO DL COMPOR.  10:00 a 13:00 A 311  MORALES CHAINE SILVIA  TEMáTICA: ANáLISIS CONDUCTUAL APLICADO; SIN PRE-REQUISITOS.  1823  TEMAS SELEC.INTERV.CONDUCTL.I  08:00 a 10:00 A 205  GUTIERREZ LARA MARIANA  TEMáTICA: INTERVENCIONES BREVES PARA ADOLESCENTES Y ADULTOS; SIN PRE-REQUISITOS.  Grupo 8102  CLAVE  ASIGNATURA  LUNES  MARTES  MIERCOLES  JUEVES  VIERNES  SABADO  PROFESOR  OBSERVACIONES  1817  TALLER DE INVEST.DOCENCIA SUPERV. I  07:00 a 09:00 AULA PENDIENTE  07:00 a 09:00 AULA PENDIENTE  07:00 a 09:00 AULA PENDIENTE  07:00 a 09:00 AULA PENDIENTE  07:00 a 09:00 AULA PENDIENTE  ORDUÑA TRUJILLO OSCAR VLADIMIR  TEMáTICA: ELECCIóN ANIMAL Y PUBLICACIóN DE ARTíCULOS; PRE-REQUISITOS: FLUIDEZ EN LECTURA DE INGLéS EN EL TEMA DE INVESTIGACIóN.  1818  TEMAS SELEC.EN COMPORT.COGNIC. I  12:00 a 15:00 A 312  ZAMORA AREVALO OSCAR  TEMáTICA: CIENCIAS DEL COMPORTAMIENTO Y ECONOMíA; PRE-REQUISITOS: INTERéS POR LA INVESTIGACIóN BáSICA Y APLICADA DESDE UNA PERSPECTIVA EXPERIMENTAL.  1819  ESTRAT.D EVALUAC.Y CAMB.DEL COMP.I  17:00 a 20:00 A 310  MORALES CHAINE SILVIA  TEMáTICA: ANáLISIS CONDUCTUAL APLICADO; SIN PRE-REQUISITOS.  Grupo 8103  CLAVE  ASIGNATURA  LUNES  MARTES  MIERCOLES  JUEVES  VIERNES  SABADO  PROFESOR  OBSERVACIONES  1817  TALLER DE INVEST.DOCENCIA SUPERV. I  08:00 a 18:00 A 304  REYES CONTRERAS RAUL  TEMáTICA: INVESTIGACIóN BáSICA, APLICADA Y TRASLACIONAL; PRE-REQUISITOS: HABER CURSARDO EL TALLER DE INVESTIGACIóN LLL.  1818  TEMAS SELEC.EN COMPORT.COGNIC. I  17:00 a 20:00 A 310  ERAZO ÑAÑEZ LEYDY ALEEN  TEMáTICA: VíNCULOS ENTRE LAS CIENCIAS DEL COMPORTAMIENTO Y LAS POLíTICAS PúBLICAS; SIN PRE-REQUISITOS  1820  PRINC.Y TECNICS D CAMBIO DL COMPOR.  10:00 a 13:00 A 313  AVILA SANTIBANEZ RAUL  TEMáTICA: APLICACIóN DE LOS PRINCIPIOS DEL ANáLISIS EXPERIMENTAL DE LA CONDUCTA EN EL ANáLISIS CONDUCTUAL APLICADO; TEORíA Y MéTODOS; PRE-REQUISITOS: LEER EN INGLéS.  1821  TALLER DE PRACTICA SUPERVISADA I  10:00 a 17:00 B 12  MORALES CHAINE SILVIA  TEMáTICA: SALUD MENTAL EN PERSONAS MEXICANAS QUE VIVEN EN EUA; PRE-REQUISITOS: INTERéS EN EL ANáLISIS CONDUCTUAL APLICADO CON PERSONAS ADULTAS  Grupo 8104  CLAVE  ASIGNATURA  LUNES  MARTES  MIERCOLES  JUEVES  VIERNES  SABADO  PROFESOR  OBSERVACIONES  1817  TALLER DE INVEST.DOCENCIA SUPERV. I  07:00 a 09:00 AULA PENDIENTE  07:00 a 09:00 AULA PENDIENTE  07:00 a 09:00 AULA PENDIENTE  07:00 a 09:00 AULA PENDIENTE  07:00 a 09:00 AULA PENDIENTE  ESCOBAR HERNANDEZ ROGELIO  TEMáTICA: ANáLISIS EXPERIMENTAL DE LA CONDUCTA ; PRE-REQUISITOS: ENTREVISTA CON EL PROFESOR, PREVIA A LA INSCRIPCIóN DEL CURSO, OBLIGATORIA, ROGELIO_ESCOBAR@COMUNIDAD.UNAM.MX  Grupo 8105  CLAVE  ASIGNATURA  LUNES  MARTES  MIERCOLES  JUEVES  VIERNES  SABADO  PROFESOR  OBSERVACIONES  1817  TALLER DE INVEST.DOCENCIA SUPERV. I  07:00 a 09:00 AULA PENDIENTE  07:00 a 09:00 AULA PENDIENTE  07:00 a 09:00 AULA PENDIENTE  07:00 a 09:00 AULA PENDIENTE  07:00 a 09:00 AULA PENDIENTE  AVILA SANTIBANEZ RAUL  TEMáTICA: AUTOCONTROL ; PRE-REQUISITOS: ENTREVISTA CON EL PROFESOR, PREVIA A LA INSCRIPCIóN DEL CURSO, OBLIGATORIA, RAULAS@UNAM.MX  Grupo 8106  CLAVE  ASIGNATURA  LUNES  MARTES  MIERCOLES  JUEVES  VIERNES  SABADO  PROFESOR  OBSERVACIONES  1817  TALLER DE INVEST.DOCENCIA SUPERV. I  08:00 a 18:00 AULA PENDIENTE  PALAFOX PALAFOX GERMAN  TEMáTICA: LOS ESTUDIANTES TRABAJARáN EN UN PROYECTO EN UNO DE LOS SIGUIENTES TóPICOS: TOMA DE DECISIONES Y PERCEPCIóN VISUAL; PRE-REQUISITOS: ENTREVISTA PREVIA CON EL PROFESOR, PREVIA A LA INSCRIPCIóN DEL CURSO.","Grupo 8101  CLAVE  ASIGNATURA  LUNES  MARTES  MIERCOLES  JUEVES  VIERNES  SABADO  PROFESOR  OBSERVACIONES  1816  MODELOS DE APRENDIZ,MOTIV.COGNIC.I  10:00 a 13:00 A 311  PROFESOR PENDIENTE TEMáTICA: ECONOMIA CONDUCTUAL, TEORIAS Y APLICACIONES; PRE-REQUISITOS; LECTURA EN INGLéS, LA CLASE LA IMPARTIRA LA PROFESORA CLARA MUñOZ MáRQUEZ  1817  TALLER DE INVEST.DOCENCIA SUPERV. I  08:00 a 15:00 AULA PENDIENTE  10:00 a 13:00 AULA PENDIENTE  ROJAS RAMIREZ SYLVIA MARGARITA  TEMáTICA: INVESTIGACIóN EN PROCESOS DE INTERACCIóN SOCIAL, DIáLOGO Y SOLUCIóN COLABORATIVA DE PROBLEMAS ENTRE EDUCANDOS DE PRIMARIA EN ESCENARIOS EDUCATIVOS; PRE-REQUISITOS: HABER CURSADO DACC L, LL O LLL, CON LA DRA. ROJAS EN LOS SEM ANTERIORES.  1818  TEMAS SELEC.EN COMPORT.COGNIC. I  09:00 a 12:00 B 07  AVILA SANTIBANEZ RAUL  TEMáTICA: HISTORIA Y ESTATUS ACTUAL DE LA INVESTIGACIóN EN CONDICIONAMIENTO PAVLOVIANO; PRE-REQUISITOS, LEER EN INGLéS.  1820  PRINC.Y TECNICS D CAMBIO DL COMPOR.  10:00 a 13:00 A 311  MORALES CHAINE SILVIA  TEMáTICA: ANáLISIS CONDUCTUAL APLICADO; SIN PRE-REQUISITOS.  1823  TEMAS SELEC.INTERV.CONDUCTL.I  08:00 a 10:00 A 205  GUTIERREZ LARA MARIANA  TEMáTICA: INTERVENCIONES BREVES PARA ADOLESCENTES Y ADULTOS; SIN PRE-REQUISITOS.  Grupo 8102  CLAVE  ASIGNATURA  LUNES  MARTES  MIERCOLES  JUEVES  VIERNES  SABADO  PROFESOR  OBSERVACIONES  1817  TALLER DE INVEST.DOCENCIA SUPERV. I  07:00 a 09:00 AULA PENDIENTE  07:00 a 09:00 AULA PENDIENTE  07:00 a 09:00 AULA PENDIENTE  07:00 a 09:00 AULA PENDIENTE  07:00 a 09:00 AULA PENDIENTE  ORDUÑA TRUJILLO OSCAR VLADIMIR  TEMáTICA: ELECCIóN ANIMAL Y PUBLICACIóN DE ARTíCULOS; PRE-REQUISITOS: FLUIDEZ EN LECTURA DE INGLéS EN EL TEMA DE INVESTIGACIóN.  1818  TEMAS SELEC.EN COMPORT.COGNIC. I  12:00 a 15:00 A 312  ZAMORA AREVALO OSCAR  TEMáTICA: CIENCIAS DEL COMPORTAMIENTO Y ECONOMíA; PRE-REQUISITOS: INTERéS POR LA INVESTIGACIóN BáSICA Y APLICADA DESDE UNA PERSPECTIVA EXPERIMENTAL.  1819  ESTRAT.D EVALUAC.Y CAMB.DEL COMP.I  17:00 a 20:00 A 310  MORALES CHAINE SILVIA  TEMáTICA: ANáLISIS CONDUCTUAL APLICADO; SIN PRE-REQUISITOS.  Grupo 8103  CLAVE  ASIGNATURA  LUNES  MARTES  MIERCOLES  JUEVES  VIERNES  SABADO  PROFESOR  OBSERVACIONES  1817  TALLER DE INVEST.DOCENCIA SUPERV. I  08:00 a 18:00 A 304  REYES CONTRERAS RAUL  TEMáTICA: INVESTIGACIóN BáSICA, APLICADA Y TRASLACIONAL; PRE-REQUISITOS: HABER CURSARDO EL TALLER DE INVESTIGACIóN LLL.  1818  TEMAS SELEC.EN COMPORT.COGNIC. I  17:00 a 20:00 A 310  ERAZO ÑAÑEZ LEYDY ALEEN  TEMáTICA: VíNCULOS ENTRE LAS CIENCIAS DEL COMPORTAMIENTO Y LAS POLíTICAS PúBLICAS; SIN PRE-REQUISITOS  1820  PRINC.Y TECNICS D CAMBIO DL COMPOR.  10:00 a 13:00 A 313  AVILA SANTIBANEZ RAUL  TEMáTICA: APLICACIóN DE LOS PRINCIPIOS DEL ANáLISIS EXPERIMENTAL DE LA CONDUCTA EN EL ANáLISIS CONDUCTUAL APLICADO; TEORíA Y MéTODOS; PRE-REQUISITOS: LEER EN INGLéS.  1821  TALLER DE PRACTICA SUPERVISADA I  10:00 a 17:00 B 12  MORALES CHAINE SILVIA  TEMáTICA: SALUD MENTAL EN PERSONAS MEXICANAS QUE VIVEN EN EUA; PRE-REQUISITOS: INTERéS EN EL ANáLISIS CONDUCTUAL APLICADO CON PERSONAS ADULTAS  Grupo 8104  CLAVE  ASIGNATURA  LUNES  MARTES  MIERCOLES  JUEVES  VIERNES  SABADO  PROFESOR  OBSERVACIONES  1817  TALLER DE INVEST.DOCENCIA SUPERV. I  07:00 a 09:00 AULA PENDIENTE  07:00 a 09:00 AULA PENDIENTE  07:00 a 09:00 AULA PENDIENTE  07:00 a 09:00 AULA PENDIENTE  07:00 a 09:00 AULA PENDIENTE  ESCOBAR HERNANDEZ ROGELIO  TEMáTICA: ANáLISIS EXPERIMENTAL DE LA CONDUCTA ; PRE-REQUISITOS: ENTREVISTA CON EL PROFESOR, PREVIA A LA INSCRIPCIóN DEL CURSO, OBLIGATORIA, ROGELIO_ESCOBAR@COMUNIDAD.UNAM.MX  Grupo 8105  CLAVE  ASIGNATURA  LUNES  MARTES  MIERCOLES  JUEVES  VIERNES  SABADO  PROFESOR  OBSERVACIONES  1817  TALLER DE INVEST.DOCENCIA SUPERV. I  07:00 a 09:00 AULA PENDIENTE  07:00 a 09:00 AULA PENDIENTE  07:00 a 09:00 AULA PENDIENTE  07:00 a 09:00 AULA PENDIENTE  07:00 a 09:00 AULA PENDIENTE  AVILA SANTIBANEZ RAUL  TEMáTICA: AUTOCONTROL ; PRE-REQUISITOS: ENTREVISTA CON EL PROFESOR, PREVIA A LA INSCRIPCIóN DEL CURSO, OBLIGATORIA, RAULAS@UNAM.MX  Grupo 8106  CLAVE  ASIGNATURA  LUNES  MARTES  MIERCOLES  JUEVES  VIERNES  SABADO  PROFESOR  OBSERVACIONES  1817  TALLER DE INVEST.DOCENCIA SUPERV. I  08:00 a 18:00 AULA PENDIENTE  PALAFOX PALAFOX GERMAN  TEMáTICA: LOS ESTUDIANTES TRABAJARáN EN UN PROYECTO EN UNO DE LOS SIGUIENTES TóPICOS: TOMA DE DECISIONES Y PERCEPCIóN VISUAL; PRE-REQUISITOS: ENTREVISTA PREVIA CON EL PROFESOR, PREVIA A LA INSCRIPCIóN DEL CURSO.","Grupo 8101  CLAVE  ASIGNATURA  LUNES  MARTES  MIERCOLES  JUEVES  VIERNES  SABADO  PROFESOR  OBSERVACIONES  1816  MODELOS DE APRENDIZ,MOTIV.COGNIC.I  10:00 a 13:00 A 311  PROFESOR PENDIENTE TEMáTICA: ECONOMIA CONDUCTUAL, TEORIAS Y APLICACIONES; PRE-REQUISITOS; LECTURA EN INGLéS, LA CLASE LA IMPARTIRA LA PROFESORA CLARA MUñOZ MáRQUEZ  1817  TALLER DE INVEST.DOCENCIA SUPERV. I  08:00 a 15:00 AULA PENDIENTE  10:00 a 13:00 AULA PENDIENTE  ROJAS RAMIREZ SYLVIA MARGARITA  TEMáTICA: INVESTIGACIóN EN PROCESOS DE INTERACCIóN SOCIAL, DIáLOGO Y SOLUCIóN COLABORATIVA DE PROBLEMAS ENTRE EDUCANDOS DE PRIMARIA EN ESCENARIOS EDUCATIVOS; PRE-REQUISITOS: HABER CURSADO DACC L, LL O LLL, CON LA DRA. ROJAS EN LOS SEM ANTERIORES.  1818  TEMAS SELEC.EN COMPORT.COGNIC. I  09:00 a 12:00 B 07  AVILA SANTIBANEZ RAUL  TEMáTICA: HISTORIA Y ESTATUS ACTUAL DE LA INVESTIGACIóN EN CONDICIONAMIENTO PAVLOVIANO; PRE-REQUISITOS, LEER EN INGLéS.  1820  PRINC.Y TECNICS D CAMBIO DL COMPOR.  10:00 a 13:00 A 311  MORALES CHAINE SILVIA  TEMáTICA: ANáLISIS CONDUCTUAL APLICADO; SIN PRE-REQUISITOS.  1823  TEMAS SELEC.INTERV.CONDUCTL.I  08:00 a 10:00 A 205  GUTIERREZ LARA MARIANA  TEMáTICA: INTERVENCIONES BREVES PARA ADOLESCENTES Y ADULTOS; SIN PRE-REQUISITOS.  Grupo 8102  CLAVE  ASIGNATURA  LUNES  MARTES  MIERCOLES  JUEVES  VIERNES  SABADO  PROFESOR  OBSERVACIONES  1817  TALLER DE INVEST.DOCENCIA SUPERV. I  07:00 a 09:00 AULA PENDIENTE  07:00 a 09:00 AULA PENDIENTE  07:00 a 09:00 AULA PENDIENTE  07:00 a 09:00 AULA PENDIENTE  07:00 a 09:00 AULA PENDIENTE  ORDUÑA TRUJILLO OSCAR VLADIMIR  TEMáTICA: ELECCIóN ANIMAL Y PUBLICACIóN DE ARTíCULOS; PRE-REQUISITOS: FLUIDEZ EN LECTURA DE INGLéS EN EL TEMA DE INVESTIGACIóN.  1818  TEMAS SELEC.EN COMPORT.COGNIC. I  12:00 a 15:00 A 312  ZAMORA AREVALO OSCAR  TEMáTICA: CIENCIAS DEL COMPORTAMIENTO Y ECONOMíA; PRE-REQUISITOS: INTERéS POR LA INVESTIGACIóN BáSICA Y APLICADA DESDE UNA PERSPECTIVA EXPERIMENTAL.  1819  ESTRAT.D EVALUAC.Y CAMB.DEL COMP.I  17:00 a 20:00 A 310  MORALES CHAINE SILVIA  TEMáTICA: ANáLISIS CONDUCTUAL APLICADO; SIN PRE-REQUISITOS.  Grupo 8103  CLAVE  ASIGNATURA  LUNES  MARTES  MIERCOLES  JUEVES  VIERNES  SABADO  PROFESOR  OBSERVACIONES  1817  TALLER DE INVEST.DOCENCIA SUPERV. I  08:00 a 18:00 A 304  REYES CONTRERAS RAUL  TEMáTICA: INVESTIGACIóN BáSICA, APLICADA Y TRASLACIONAL; PRE-REQUISITOS: HABER CURSARDO EL TALLER DE INVESTIGACIóN LLL.  1818  TEMAS SELEC.EN COMPORT.COGNIC. I  17:00 a 20:00 A 310  ERAZO ÑAÑEZ LEYDY ALEEN  TEMáTICA: VíNCULOS ENTRE LAS CIENCIAS DEL COMPORTAMIENTO Y LAS POLíTICAS PúBLICAS; SIN PRE-REQUISITOS  1820  PRINC.Y TECNICS D CAMBIO DL COMPOR.  10:00 a 13:00 A 313  AVILA SANTIBANEZ RAUL  TEMáTICA: APLICACIóN DE LOS PRINCIPIOS DEL ANáLISIS EXPERIMENTAL DE LA CONDUCTA EN EL ANáLISIS CONDUCTUAL APLICADO; TEORíA Y MéTODOS; PRE-REQUISITOS: LEER EN INGLéS.  1821  TALLER DE PRACTICA SUPERVISADA I  10:00 a 17:00 B 12  MORALES CHAINE SILVIA  TEMáTICA: SALUD MENTAL EN PERSONAS MEXICANAS QUE VIVEN EN EUA; PRE-REQUISITOS: INTERéS EN EL ANáLISIS CONDUCTUAL APLICADO CON PERSONAS ADULTAS  Grupo 8104  CLAVE  ASIGNATURA  LUNES  MARTES  MIERCOLES  JUEVES  VIERNES  SABADO  PROFESOR  OBSERVACIONES  1817  TALLER DE INVEST.DOCENCIA SUPERV. I  07:00 a 09:00 AULA PENDIENTE  07:00 a 09:00 AULA PENDIENTE  07:00 a 09:00 AULA PENDIENTE  07:00 a 09:00 AULA PENDIENTE  07:00 a 09:00 AULA PENDIENTE  ESCOBAR HERNANDEZ ROGELIO  TEMáTICA: ANáLISIS EXPERIMENTAL DE LA CONDUCTA ; PRE-REQUISITOS: ENTREVISTA CON EL PROFESOR, PREVIA A LA INSCRIPCIóN DEL CURSO, OBLIGATORIA, ROGELIO_ESCOBAR@COMUNIDAD.UNAM.MX  Grupo 8105  CLAVE  ASIGNATURA  LUNES  MARTES  MIERCOLES  JUEVES  VIERNES  SABADO  PROFESOR  OBSERVACIONES  1817  TALLER DE INVEST.DOCENCIA SUPERV. I  07:00 a 09:00 AULA PENDIENTE  07:00 a 09:00 AULA PENDIENTE  07:00 a 09:00 AULA PENDIENTE  07:00 a 09:00 AULA PENDIENTE  07:00 a 09:00 AULA PENDIENTE  AVILA SANTIBANEZ RAUL  TEMáTICA: AUTOCONTROL ; PRE-REQUISITOS: ENTREVISTA CON EL PROFESOR, PREVIA A LA INSCRIPCIóN DEL CURSO, OBLIGATORIA, RAULAS@UNAM.MX  Grupo 8106  CLAVE  ASIGNATURA  LUNES  MARTES  MIERCOLES  JUEVES  VIERNES  SABADO  PROFESOR  OBSERVACIONES  1817  TALLER DE INVEST.DOCENCIA SUPERV. I  08:00 a 18:00 AULA PENDIENTE  PALAFOX PALAFOX GERMAN  TEMáTICA: LOS ESTUDIANTES TRABAJARáN EN UN PROYECTO EN UNO DE LOS SIGUIENTES TóPICOS: TOMA DE DECISIONES Y PERCEPCIóN VISUAL; PRE-REQUISITOS: ENTREVISTA PREVIA CON EL PROFESOR, PREVIA A LA INSCRIPCIóN DEL CURSO.",,,,,,,,CIENCIAS COGNITIVAS Y DEL COMPORTAMIENTO
Grupo 8101,Grupo 8101,Grupo 8101,Grupo 8101,Grupo 8101,Grupo 8101,Grupo 8101,Grupo 8101,Grupo 8101,Grupo 8101,CIENCIAS COGNITIVAS Y DEL COMPORTAMIENTO
1816,"MODELOS DE APRENDIZ,MOTIV.COGNIC.I",,,,,10:00 a 13:00 A 311,,PROFESOR PENDIENTE,"TEMáTICA: ECONOMIA CONDUCTUAL, TEORIAS Y APLICACIONES; PRE-REQUISITOS; LECTURA EN INGLéS, LA CLASE LA IMPARTIRA LA PROFESORA CLARA MUñOZ MáRQUEZ",CIENCIAS COGNITIVAS Y DEL COMPORTAMIENTO
1817,TALLER DE INVEST.DOCENCIA SUPERV. I,,08:00 a 15:00 AULA PENDIENTE,,,,10:00 a 13:00 AULA PENDIENTE,ROJAS RAMIREZ SYLVIA MARGARITA,"TEMáTICA: INVESTIGACIóN EN PROCESOS DE INTERACCIóN SOCIAL, DIáLOGO Y SOLUCIóN COLABORATIVA DE PROBLEMAS ENTRE EDUCANDOS DE PRIMARIA EN ESCENARIOS EDUCATIVOS; PRE-REQUISITOS: HABER CURSADO DACC L, LL O LLL, CON LA DRA. ROJAS EN LOS SEM ANTERIORES.",CIENCIAS COGNITIVAS Y DEL COMPORTAMIENTO
1818,TEMAS SELEC.EN COMPORT.COGNIC. I,,,,,09:00 a 12:00 B 07,,AVILA SANTIBANEZ RAUL,"TEMáTICA: HISTORIA Y ESTATUS ACTUAL DE LA INVESTIGACIóN EN CONDICIONAMIENTO PAVLOVIANO; PRE-REQUISITOS, LEER EN INGLéS.",CIENCIAS COGNITIVAS Y DEL COMPORTAMIENTO
1820,PRINC.Y TECNICS D CAMBIO DL COMPOR.,,,10:00 a 13:00 A 311,,,,MORALES CHAINE SILVIA,TEMáTICA: ANáLISIS CONDUCTUAL APLICADO; SIN PRE-REQUISITOS.,CIENCIAS COGNITIVAS Y DEL COMPORTAMIENTO
1823,TEMAS SELEC.INTERV.CONDUCTL.I,,,,,08:00 a 10:00 A 205,,GUTIERREZ LARA MARIANA,TEMáTICA: INTERVENCIONES BREVES PARA ADOLESCENTES Y ADULTOS; SIN PRE-REQUISITOS.,CIENCIAS COGNITIVAS Y DEL COMPORTAMIENTO
Grupo 8102,Grupo 8102,Grupo 8102,Grupo 8102,Grupo 8102,Grupo 8102,Grupo 8102,Grupo 8102,Grupo 8102,Grupo 8102,CIENCIAS COGNITIVAS Y DEL COMPORTAMIENTO
1817,TALLER DE INVEST.DOCENCIA SUPERV. I,07:00 a 09:00 AULA PENDIENTE,07:00 a 09:00 AULA PENDIENTE,07:00 a 09:00 AULA PENDIENTE,07:00 a 09:00 AULA PENDIENTE,07:00 a 09:00 AULA PENDIENTE,,ORDUÑA TRUJILLO OSCAR VLADIMIR,TEMáTICA: ELECCIóN ANIMAL Y PUBLICACIóN DE ARTíCULOS; PRE-REQUISITOS: FLUIDEZ EN LECTURA DE INGLéS EN EL TEMA DE INVESTIGACIóN.,CIENCIAS COGNITIVAS Y DEL COMPORTAMIENTO
1818,TEMAS SELEC.EN COMPORT.COGNIC. I,,12:00 a 15:00 A 312,,,,,ZAMORA AREVALO OSCAR,TEMáTICA: CIENCIAS DEL COMPORTAMIENTO Y ECONOMíA; PRE-REQUISITOS: INTERéS POR LA INVESTIGACIóN BáSICA Y APLICADA DESDE UNA PERSPECTIVA EXPERIMENTAL.,CIENCIAS COGNITIVAS Y DEL COMPORTAMIENTO
1819,ESTRAT.D EVALUAC.Y CAMB.DEL COMP.I,,,17:00 a 20:00 A 310,,,,MORALES CHAINE SILVIA,TEMáTICA: ANáLISIS CONDUCTUAL APLICADO; SIN PRE-REQUISITOS.,CIENCIAS COGNITIVAS Y DEL COMPORTAMIENTO
Grupo 8103,Grupo 8103,Grupo 8103,Grupo 8103,Grupo 8103,Grupo 8103,Grupo 8103,Grupo 8103,Grupo 8103,Grupo 8103,CIENCIAS COGNITIVAS Y DEL COMPORTAMIENTO
1817,TALLER DE INVEST.DOCENCIA SUPERV. I,,,,,,08:00 a 18:00 A 304,REYES CONTRERAS RAUL,"TEMáTICA: INVESTIGACIóN BáSICA, APLICADA Y TRASLACIONAL; PRE-REQUISITOS: HABER CURSARDO EL TALLER DE INVESTIGACIóN LLL.",CIENCIAS COGNITIVAS Y DEL COMPORTAMIENTO
1818,TEMAS SELEC.EN COMPORT.COGNIC. I,,,,17:00 a 20:00 A 310,,,ERAZO ÑAÑEZ LEYDY ALEEN,TEMáTICA: VíNCULOS ENTRE LAS CIENCIAS DEL COMPORTAMIENTO Y LAS POLíTICAS PúBLICAS; SIN PRE-REQUISITOS,CIENCIAS COGNITIVAS Y DEL COMPORTAMIENTO
1820,PRINC.Y TECNICS D CAMBIO DL COMPOR.,,10:00 a 13:00 A 313,,,,,AVILA SANTIBANEZ RAUL,TEMáTICA: APLICACIóN DE LOS PRINCIPIOS DEL ANáLISIS EXPERIMENTAL DE LA CONDUCTA EN EL ANáLISIS CONDUCTUAL APLICADO; TEORíA Y MéTODOS; PRE-REQUISITOS: LEER EN INGLéS.,CIENCIAS COGNITIVAS Y DEL COMPORTAMIENTO
1821,TALLER DE PRACTICA SUPERVISADA I,,,,10:00 a 17:00 B 12,,,MORALES CHAINE SILVIA,TEMáTICA: SALUD MENTAL EN PERSONAS MEXICANAS QUE VIVEN EN EUA; PRE-REQUISITOS: INTERéS EN EL ANáLISIS CONDUCTUAL APLICADO CON PERSONAS ADULTAS,CIENCIAS COGNITIVAS Y DEL COMPORTAMIENTO
Grupo 8104,Grupo 8104,Grupo 8104,Grupo 8104,Grupo 8104,Grupo 8104,Grupo 8104,Grupo 8104,Grupo 8104,Grupo 8104,CIENCIAS COGNITIVAS Y DEL COMPORTAMIENTO
1817,TALLER DE INVEST.DOCENCIA SUPERV. I,07:00 a 09:00 AULA PENDIENTE,07:00 a 09:00 AULA PENDIENTE,07:00 a 09:00 AULA PENDIENTE,07:00 a 09:00 AULA PENDIENTE,07:00 a 09:00 AULA PENDIENTE,,ESCOBAR HERNANDEZ ROGELIO,"TEMáTICA: ANáLISIS EXPERIMENTAL DE LA CONDUCTA ; PRE-REQUISITOS: ENTREVISTA CON EL PROFESOR, PREVIA A LA INSCRIPCIóN DEL CURSO, OBLIGATORIA, ROGELIO_ESCOBAR@COMUNIDAD.UNAM.MX",CIENCIAS COGNITIVAS Y DEL COMPORTAMIENTO
Grupo 8105,Grupo 8105,Grupo 8105,Grupo 8105,Grupo 8105,Grupo 8105,Grupo 8105,Grupo 8105,Grupo 8105,Grupo 8105,CIENCIAS COGNITIVAS Y DEL COMPORTAMIENTO
1817,TALLER DE INVEST.DOCENCIA SUPERV. I,07:00 a 09:00 AULA PENDIENTE,07:00 a 09:00 AULA PENDIENTE,07:00 a 09:00 AULA PENDIENTE,07:00 a 09:00 AULA PENDIENTE,07:00 a 09:00 AULA PENDIENTE,,AVILA SANTIBANEZ RAUL,"TEMáTICA: AUTOCONTROL ; PRE-REQUISITOS: ENTREVISTA CON EL PROFESOR, PREVIA A LA INSCRIPCIóN DEL CURSO, OBLIGATORIA, RAULAS@UNAM.MX",CIENCIAS COGNITIVAS Y DEL COMPORTAMIENTO
Grupo 8106,Grupo 8106,Grupo 8106,Grupo 8106,Grupo 8106,Grupo 8106,Grupo 8106,Grupo 8106,Grupo 8106,Grupo 8106,CIENCIAS COGNITIVAS Y DEL COMPORTAMIENTO
1817,TALLER DE INVEST.DOCENCIA SUPERV. I,,,,,,08:00 a 18:00 AULA PENDIENTE,PALAFOX PALAFOX GERMAN,"TEMáTICA: LOS ESTUDIANTES TRABAJARáN EN UN PROYECTO EN UNO DE LOS SIGUIENTES TóPICOS: TOMA DE DECISIONES Y PERCEPCIóN VISUAL; PRE-REQUISITOS: ENTREVISTA PREVIA CON EL PROFESOR, PREVIA A LA INSCRIPCIóN DEL CURSO.",CIENCIAS COGNITIVAS Y DEL COMPORTAMIENTO
Selecciona el semestre a consultar  ----------- 2do Semestre 	4to Semestre 	6to Semestre 	8vo Semestre  OPTATIVAS DE GENERO (Plan 2008)  OPTATIVAS,Selecciona el tipo de busqueda  ----------- Grupo 	Asignatura,Selecciona el campo del conocimiento  ----------- CIENCIAS COGNITIVAS Y DEL COMPORTAMIENTO 	PROCESOS PSICOSOCIALES Y CULTURALES 	PSICOBIOLOGIA Y NEUROCIENCIAS 	PSICOLOGIA CLINICA Y DE LA SALUD 	PSICOLOGIA DE LA EDUCACION 	PSICOLOGIA ORGANIZACIONAL 	CONTEXTUAL,,,,,,,,PROCESOS PSICOSOCIALES Y CULTURALES
,,,,,,,,,,PROCESOS PSICOSOCIALES Y CULTURALES
,,,,,,,,,,PROCESOS PSICOSOCIALES Y CULTURALES
"Grupo 8201  CLAVE  ASIGNATURA  LUNES  MARTES  MIERCOLES  JUEVES  VIERNES  SABADO  PROFESOR  OBSERVACIONES  1810  INTERVENCION PSICOSOCIAL COMUNIDAD  09:00 a 12:00 A 312  11:00 a 15:00 A 308  HERAZO GONZALEZ KATHERINE ISABEL  LAS PRáCTICAS SE LLEVARAN A CABO CON POBLACIóN DEL PUEBLO DE LA CANDELARIA, EN COYOACáN, CDMX, ASí COMO A PERSONAS EN SITUACIóN DE MIGRACIóN FORZADA Y DEL MOVIMIENTO AFROMEXICANO.  1811  SEMINARIO DE COMUNICACION  17:00 a 20:00 A 302  RAMOS BELTRAN IGNACIO  1813  COMUNICACION Y CONSTRUC. DE SENTIDO  17:30 a 20:30 A 303  HUIDOBRO MARQUEZ JUAN CARLOS  1815  EL DELITO: UNA CONSTRUCCION SOCIAL  10:00 a 15:00 URIDES 3 Edif C  12:00 a 15:00 Edif C Salon 3  GONZALEZ TAPIA FLOR PATRICIA  LAS PRACTICAS CONSISTEN EN VISITAS A INSTITUCIONES DEL SISTEMA DE JUSTICIA. CONSIDERAR TIEMPOS DE TRASLADO. Grupo 8202  CLAVE  ASIGNATURA  LUNES  MARTES  MIERCOLES  JUEVES  VIERNES  SABADO  PROFESOR  OBSERVACIONES  1810  INTERVENCION PSICOSOCIAL COMUNIDAD  10:00 a 14:00 A 001  09:00 a 12:00 A 001  ORTIZ HERNANDEZ CITLALI QUETZALLI  LA PRACTICA SE LLEVARA A CABO LOS DIAS LUNES EN EL INAPAM COPILCO CON ADULTOS MAYORES.  1811  SEMINARIO DE COMUNICACION  12:00 a 15:00 A 207  GONZALEZ TAPIA FLOR PATRICIA  1812  SEXUALIDAD HUMANA Y GENERO  10:00 a 20:00 AULA PENDIENTE  MELENDEZ ZERMEÑO ZORAIDA  LA PRACTICA SE LLEVARA A CABO EN EL LA FACULTAD DE PSICOLOGíA CON COMUNIDAD UNIVERSITARIA.  1813  COMUNICACION Y CONSTRUC. DE SENTIDO  15:00 a 18:00 A 207  HUIDOBRO MARQUEZ JUAN CARLOS  Grupo 8203  CLAVE  ASIGNATURA  LUNES  MARTES  MIERCOLES  JUEVES  VIERNES  SABADO  PROFESOR  OBSERVACIONES  1811  SEMINARIO DE COMUNICACION  13:00 a 16:00 A 302  SOLER ANGUIANO FRANCISCO LEONARDO  1812  SEXUALIDAD HUMANA Y GENERO  09:00 a 14:00 URIDES 2 Edif C  10:00 a 15:00 A 107  NIÑO CALIXTO ENA ERENDIRA  LA PRACTICA SE LLEVARA A CABO EN EL PROGRAMA DE SEXUALIDAD HUMANA CON COMUNIDAD UNIVERSITARIA.  1814  COMUNICACION Y PSICOLOGIA POLITICA  10:00 a 13:00 A 203  10:00 a 16:00 AULA PENDIENTE  SEGURA HIDALGO JESUS  Grupo 8204  CLAVE  ASIGNATURA  LUNES  MARTES  MIERCOLES  JUEVES  VIERNES  SABADO  PROFESOR  OBSERVACIONES  1810  INTERVENCION PSICOSOCIAL COMUNIDAD  15:00 a 18:30 URIDES 2 Edif C  09:30 a 13:00 URIDES 3 Edif C  LANDEROS MUGICA KARINA  LA PRACTICA SE LLEVARA A CABO CON POBLACIONES EN SITUACION DE MOVILIDAD, PARA CONOCER LOS DETALLES ESCRIBIR A LA PROFESORA KLM.SOCIALAMBIENTAL@GMAIL.COM  1813  COMUNICACION Y CONSTRUC. DE SENTIDO  17:00 a 20:00 A 303  LOPEZ OLMEDO ROBERTO  1815  EL DELITO: UNA CONSTRUCCION SOCIAL  13:00 a 16:00 A 003  10:00 a 15:00 A 312  GONZALEZ TAPIA FLOR PATRICIA  LAS PRáCTICAS CONSISTEN EN VISITAS A INSTITUCIONES DEL SISTEMA DE JUSTICIA. CONSIDERAR TIEMPOS DE TRASLADO. Grupo 8205  CLAVE  ASIGNATURA  LUNES  MARTES  MIERCOLES  JUEVES  VIERNES  SABADO  PROFESOR  OBSERVACIONES  1812  SEXUALIDAD HUMANA Y GENERO  10:00 a 15:00 Edif C Salon 1  10:00 a 15:00 A 202  TZOMPANTZI MIGUEL CLAUDIO ARTURO  LAS PRACTICAS CONSISTEN EN REVISIóN PERSONAL Y EL TRABAJO GRUPAL, CON EJERCICIOS VIVENCIALES Y CON PROPUESTAS DE INTERVENCIóN PSICOSOCIAL EN TEMAS RELACIONADOS A LA SEXUALIDAD HUMANA.  1814  COMUNICACION Y PSICOLOGIA POLITICA  10:00 a 13:00 AULA PENDIENTE  09:00 a 15:00 AULA PENDIENTE  LANDEROS MUGICA KARINA  LA TEORIA SERÁ IMPARTIDA POR EL DR. JUAN PABLO DUQUE PARRA.","Grupo 8201  CLAVE  ASIGNATURA  LUNES  MARTES  MIERCOLES  JUEVES  VIERNES  SABADO  PROFESOR  OBSERVACIONES  1810  INTERVENCION PSICOSOCIAL COMUNIDAD  09:00 a 12:00 A 312  11:00 a 15:00 A 308  HERAZO GONZALEZ KATHERINE ISABEL  LAS PRáCTICAS SE LLEVARAN A CABO CON POBLACIóN DEL PUEBLO DE LA CANDELARIA, EN COYOACáN, CDMX, ASí COMO A PERSONAS EN SITUACIóN DE MIGRACIóN FORZADA Y DEL MOVIMIENTO AFROMEXICANO.  1811  SEMINARIO DE COMUNICACION  17:00 a 20:00 A 302  RAMOS BELTRAN IGNACIO  1813  COMUNICACION Y CONSTRUC. DE SENTIDO  17:30 a 20:30 A 303  HUIDOBRO MARQUEZ JUAN CARLOS  1815  EL DELITO: UNA CONSTRUCCION SOCIAL  10:00 a 15:00 URIDES 3 Edif C  12:00 a 15:00 Edif C Salon 3  GONZALEZ TAPIA FLOR PATRICIA  LAS PRACTICAS CONSISTEN EN VISITAS A INSTITUCIONES DEL SISTEMA DE JUSTICIA. CONSIDERAR TIEMPOS DE TRASLADO. Grupo 8202  CLAVE  ASIGNATURA  LUNES  MARTES  MIERCOLES  JUEVES  VIERNES  SABADO  PROFESOR  OBSERVACIONES  1810  INTERVENCION PSICOSOCIAL COMUNIDAD  10:00 a 14:00 A 001  09:00 a 12:00 A 001  ORTIZ HERNANDEZ CITLALI QUETZALLI  LA PRACTICA SE LLEVARA A CABO LOS DIAS LUNES EN EL INAPAM COPILCO CON ADULTOS MAYORES.  1811  SEMINARIO DE COMUNICACION  12:00 a 15:00 A 207  GONZALEZ TAPIA FLOR PATRICIA  1812  SEXUALIDAD HUMANA Y GENERO  10:00 a 20:00 AULA PENDIENTE  MELENDEZ ZERMEÑO ZORAIDA  LA PRACTICA SE LLEVARA A CABO EN EL LA FACULTAD DE PSICOLOGíA CON COMUNIDAD UNIVERSITARIA.  1813  COMUNICACION Y CONSTRUC. DE SENTIDO  15:00 a 18:00 A 207  HUIDOBRO MARQUEZ JUAN CARLOS  Grupo 8203  CLAVE  ASIGNATURA  LUNES  MARTES  MIERCOLES  JUEVES  VIERNES  SABADO  PROFESOR  OBSERVACIONES  1811  SEMINARIO DE COMUNICACION  13:00 a 16:00 A 302  SOLER ANGUIANO FRANCISCO LEONARDO  1812  SEXUALIDAD HUMANA Y GENERO  09:00 a 14:00 URIDES 2 Edif C  10:00 a 15:00 A 107  NIÑO CALIXTO ENA ERENDIRA  LA PRACTICA SE LLEVARA A CABO EN EL PROGRAMA DE SEXUALIDAD HUMANA CON COMUNIDAD UNIVERSITARIA.  1814  COMUNICACION Y PSICOLOGIA POLITICA  10:00 a 13:00 A 203  10:00 a 16:00 AULA PENDIENTE  SEGURA HIDALGO JESUS  Grupo 8204  CLAVE  ASIGNATURA  LUNES  MARTES  MIERCOLES  JUEVES  VIERNES  SABADO  PROFESOR  OBSERVACIONES  1810  INTERVENCION PSICOSOCIAL COMUNIDAD  15:00 a 18:30 URIDES 2 Edif C  09:30 a 13:00 URIDES 3 Edif C  LANDEROS MUGICA KARINA  LA PRACTICA SE LLEVARA A CABO CON POBLACIONES EN SITUACION DE MOVILIDAD, PARA CONOCER LOS DETALLES ESCRIBIR A LA PROFESORA KLM.SOCIALAMBIENTAL@GMAIL.COM  1813  COMUNICACION Y CONSTRUC. DE SENTIDO  17:00 a 20:00 A 303  LOPEZ OLMEDO ROBERTO  1815  EL DELITO: UNA CONSTRUCCION SOCIAL  13:00 a 16:00 A 003  10:00 a 15:00 A 312  GONZALEZ TAPIA FLOR PATRICIA  LAS PRáCTICAS CONSISTEN EN VISITAS A INSTITUCIONES DEL SISTEMA DE JUSTICIA. CONSIDERAR TIEMPOS DE TRASLADO. Grupo 8205  CLAVE  ASIGNATURA  LUNES  MARTES  MIERCOLES  JUEVES  VIERNES  SABADO  PROFESOR  OBSERVACIONES  1812  SEXUALIDAD HUMANA Y GENERO  10:00 a 15:00 Edif C Salon 1  10:00 a 15:00 A 202  TZOMPANTZI MIGUEL CLAUDIO ARTURO  LAS PRACTICAS CONSISTEN EN REVISIóN PERSONAL Y EL TRABAJO GRUPAL, CON EJERCICIOS VIVENCIALES Y CON PROPUESTAS DE INTERVENCIóN PSICOSOCIAL EN TEMAS RELACIONADOS A LA SEXUALIDAD HUMANA.  1814  COMUNICACION Y PSICOLOGIA POLITICA  10:00 a 13:00 AULA PENDIENTE  09:00 a 15:00 AULA PENDIENTE  LANDEROS MUGICA KARINA  LA TEORIA SERÁ IMPARTIDA POR EL DR. JUAN PABLO DUQUE PARRA.","Grupo 8201  CLAVE  ASIGNATURA  LUNES  MARTES  MIERCOLES  JUEVES  VIERNES  SABADO  PROFESOR  OBSERVACIONES  1810  INTERVENCION PSICOSOCIAL COMUNIDAD  09:00 a 12:00 A 312  11:00 a 15:00 A 308  HERAZO GONZALEZ KATHERINE ISABEL  LAS PRáCTICAS SE LLEVARAN A CABO CON POBLACIóN DEL PUEBLO DE LA CANDELARIA, EN COYOACáN, CDMX, ASí COMO A PERSONAS EN SITUACIóN DE MIGRACIóN FORZADA Y DEL MOVIMIENTO AFROMEXICANO.  1811  SEMINARIO DE COMUNICACION  17:00 a 20:00 A 302  RAMOS BELTRAN IGNACIO  1813  COMUNICACION Y CONSTRUC. DE SENTIDO  17:30 a 20:30 A 303  HUIDOBRO MARQUEZ JUAN CARLOS  1815  EL DELITO: UNA CONSTRUCCION SOCIAL  10:00 a 15:00 URIDES 3 Edif C  12:00 a 15:00 Edif C Salon 3  GONZALEZ TAPIA FLOR PATRICIA  LAS PRACTICAS CONSISTEN EN VISITAS A INSTITUCIONES DEL SISTEMA DE JUSTICIA. CONSIDERAR TIEMPOS DE TRASLADO. Grupo 8202  CLAVE  ASIGNATURA  LUNES  MARTES  MIERCOLES  JUEVES  VIERNES  SABADO  PROFESOR  OBSERVACIONES  1810  INTERVENCION PSICOSOCIAL COMUNIDAD  10:00 a 14:00 A 001  09:00 a 12:00 A 001  ORTIZ HERNANDEZ CITLALI QUETZALLI  LA PRACTICA SE LLEVARA A CABO LOS DIAS LUNES EN EL INAPAM COPILCO CON ADULTOS MAYORES.  1811  SEMINARIO DE COMUNICACION  12:00 a 15:00 A 207  GONZALEZ TAPIA FLOR PATRICIA  1812  SEXUALIDAD HUMANA Y GENERO  10:00 a 20:00 AULA PENDIENTE  MELENDEZ ZERMEÑO ZORAIDA  LA PRACTICA SE LLEVARA A CABO EN EL LA FACULTAD DE PSICOLOGíA CON COMUNIDAD UNIVERSITARIA.  1813  COMUNICACION Y CONSTRUC. DE SENTIDO  15:00 a 18:00 A 207  HUIDOBRO MARQUEZ JUAN CARLOS  Grupo 8203  CLAVE  ASIGNATURA  LUNES  MARTES  MIERCOLES  JUEVES  VIERNES  SABADO  PROFESOR  OBSERVACIONES  1811  SEMINARIO DE COMUNICACION  13:00 a 16:00 A 302  SOLER ANGUIANO FRANCISCO LEONARDO  1812  SEXUALIDAD HUMANA Y GENERO  09:00 a 14:00 URIDES 2 Edif C  10:00 a 15:00 A 107  NIÑO CALIXTO ENA ERENDIRA  LA PRACTICA SE LLEVARA A CABO EN EL PROGRAMA DE SEXUALIDAD HUMANA CON COMUNIDAD UNIVERSITARIA.  1814  COMUNICACION Y PSICOLOGIA POLITICA  10:00 a 13:00 A 203  10:00 a 16:00 AULA PENDIENTE  SEGURA HIDALGO JESUS  Grupo 8204  CLAVE  ASIGNATURA  LUNES  MARTES  MIERCOLES  JUEVES  VIERNES  SABADO  PROFESOR  OBSERVACIONES  1810  INTERVENCION PSICOSOCIAL COMUNIDAD  15:00 a 18:30 URIDES 2 Edif C  09:30 a 13:00 URIDES 3 Edif C  LANDEROS MUGICA KARINA  LA PRACTICA SE LLEVARA A CABO CON POBLACIONES EN SITUACION DE MOVILIDAD, PARA CONOCER LOS DETALLES ESCRIBIR A LA PROFESORA KLM.SOCIALAMBIENTAL@GMAIL.COM  1813  COMUNICACION Y CONSTRUC. DE SENTIDO  17:00 a 20:00 A 303  LOPEZ OLMEDO ROBERTO  1815  EL DELITO: UNA CONSTRUCCION SOCIAL  13:00 a 16:00 A 003  10:00 a 15:00 A 312  GONZALEZ TAPIA FLOR PATRICIA  LAS PRáCTICAS CONSISTEN EN VISITAS A INSTITUCIONES DEL SISTEMA DE JUSTICIA. CONSIDERAR TIEMPOS DE TRASLADO. Grupo 8205  CLAVE  ASIGNATURA  LUNES  MARTES  MIERCOLES  JUEVES  VIERNES  SABADO  PROFESOR  OBSERVACIONES  1812  SEXUALIDAD HUMANA Y GENERO  10:00 a 15:00 Edif C Salon 1  10:00 a 15:00 A 202  TZOMPANTZI MIGUEL CLAUDIO ARTURO  LAS PRACTICAS CONSISTEN EN REVISIóN PERSONAL Y EL TRABAJO GRUPAL, CON EJERCICIOS VIVENCIALES Y CON PROPUESTAS DE INTERVENCIóN PSICOSOCIAL EN TEMAS RELACIONADOS A LA SEXUALIDAD HUMANA.  1814  COMUNICACION Y PSICOLOGIA POLITICA  10:00 a 13:00 AULA PENDIENTE  09:00 a 15:00 AULA PENDIENTE  LANDEROS MUGICA KARINA  LA TEORIA SERÁ IMPARTIDA POR EL DR. JUAN PABLO DUQUE PARRA.",,,,,,,,PROCESOS PSICOSOCIALES Y CULTURALES
Grupo 8201,Grupo 8201,Grupo 8201,Grupo 8201,Grupo 8201,Grupo 8201,Grupo 8201,Grupo 8201,Grupo 8201,Grupo 8201,PROCESOS PSICOSOCIALES Y CULTURALES
1810,INTERVENCION PSICOSOCIAL COMUNIDAD,,09:00 a 12:00 A 312,,,11:00 a 15:00 A 308,,HERAZO GONZALEZ KATHERINE ISABEL,"LAS PRáCTICAS SE LLEVARAN A CABO CON POBLACIóN DEL PUEBLO DE LA CANDELARIA, EN COYOACáN, CDMX, ASí COMO A PERSONAS EN SITUACIóN DE MIGRACIóN FORZADA Y DEL MOVIMIENTO AFROMEXICANO.",PROCESOS PSICOSOCIALES Y CULTURALES
1811,SEMINARIO DE COMUNICACION,,,,17:00 a 20:00 A 302,,,RAMOS BELTRAN IGNACIO,,PROCESOS PSICOSOCIALES Y CULTURALES
1813,COMUNICACION Y CONSTRUC. DE SENTIDO,,,17:30 a 20:30 A 303,,,,HUIDOBRO MARQUEZ JUAN CARLOS,,PROCESOS PSICOSOCIALES Y CULTURALES
1815,EL DELITO: UNA CONSTRUCCION SOCIAL,10:00 a 15:00 URIDES 3 Edif C,,,12:00 a 15:00 Edif C Salon 3,,,GONZALEZ TAPIA FLOR PATRICIA,LAS PRACTICAS CONSISTEN EN VISITAS A INSTITUCIONES DEL SISTEMA DE JUSTICIA. CONSIDERAR TIEMPOS DE TRASLADO.,PROCESOS PSICOSOCIALES Y CULTURALES
Grupo 8202,Grupo 8202,Grupo 8202,Grupo 8202,Grupo 8202,Grupo 8202,Grupo 8202,Grupo 8202,Grupo 8202,Grupo 8202,PROCESOS PSICOSOCIALES Y CULTURALES
1810,INTERVENCION PSICOSOCIAL COMUNIDAD,10:00 a 14:00 A 001,,,09:00 a 12:00 A 001,,,ORTIZ HERNANDEZ CITLALI QUETZALLI,LA PRACTICA SE LLEVARA A CABO LOS DIAS LUNES EN EL INAPAM COPILCO CON ADULTOS MAYORES.,PROCESOS PSICOSOCIALES Y CULTURALES
1811,SEMINARIO DE COMUNICACION,,,12:00 a 15:00 A 207,,,,GONZALEZ TAPIA FLOR PATRICIA,,PROCESOS PSICOSOCIALES Y CULTURALES
1812,SEXUALIDAD HUMANA Y GENERO,,10:00 a 20:00 AULA PENDIENTE,,,,,MELENDEZ ZERMEÑO ZORAIDA,LA PRACTICA SE LLEVARA A CABO EN EL LA FACULTAD DE PSICOLOGíA CON COMUNIDAD UNIVERSITARIA.,PROCESOS PSICOSOCIALES Y CULTURALES
1813,COMUNICACION Y CONSTRUC. DE SENTIDO,,,,15:00 a 18:00 A 207,,,HUIDOBRO MARQUEZ JUAN CARLOS,,PROCESOS PSICOSOCIALES Y CULTURALES
Grupo 8203,Grupo 8203,Grupo 8203,Grupo 8203,Grupo 8203,Grupo 8203,Grupo 8203,Grupo 8203,Grupo 8203,Grupo 8203,PROCESOS PSICOSOCIALES Y CULTURALES
1811,SEMINARIO DE COMUNICACION,13:00 a 16:00 A 302,,,,,,SOLER ANGUIANO FRANCISCO LEONARDO,,PROCESOS PSICOSOCIALES Y CULTURALES
1812,SEXUALIDAD HUMANA Y GENERO,,,09:00 a 14:00 URIDES 2 Edif C,,10:00 a 15:00 A 107,,NIÑO CALIXTO ENA ERENDIRA,LA PRACTICA SE LLEVARA A CABO EN EL PROGRAMA DE SEXUALIDAD HUMANA CON COMUNIDAD UNIVERSITARIA.,PROCESOS PSICOSOCIALES Y CULTURALES
1814,COMUNICACION Y PSICOLOGIA POLITICA,10:00 a 13:00 A 203,10:00 a 16:00 AULA PENDIENTE,,,,,SEGURA HIDALGO JESUS,,PROCESOS PSICOSOCIALES Y CULTURALES
Grupo 8204,Grupo 8204,Grupo 8204,Grupo 8204,Grupo 8204,Grupo 8204,Grupo 8204,Grupo 8204,Grupo 8204,Grupo 8204,PROCESOS PSICOSOCIALES Y CULTURALES
1810,INTERVENCION PSICOSOCIAL COMUNIDAD,15:00 a 18:30 URIDES 2 Edif C,,,09:30 a 13:00 URIDES 3 Edif C,,,LANDEROS MUGICA KARINA,"LA PRACTICA SE LLEVARA A CABO CON POBLACIONES EN SITUACION DE MOVILIDAD, PARA CONOCER LOS DETALLES ESCRIBIR A LA PROFESORA KLM.SOCIALAMBIENTAL@GMAIL.COM",PROCESOS PSICOSOCIALES Y CULTURALES
1813,COMUNICACION Y CONSTRUC. DE SENTIDO,,17:00 a 20:00 A 303,,,,,LOPEZ OLMEDO ROBERTO,,PROCESOS PSICOSOCIALES Y CULTURALES
1815,EL DELITO: UNA CONSTRUCCION SOCIAL,,13:00 a 16:00 A 003,,,10:00 a 15:00 A 312,,GONZALEZ TAPIA FLOR PATRICIA,LAS PRáCTICAS CONSISTEN EN VISITAS A INSTITUCIONES DEL SISTEMA DE JUSTICIA. CONSIDERAR TIEMPOS DE TRASLADO.,PROCESOS PSICOSOCIALES Y CULTURALES
Grupo 8205,Grupo 8205,Grupo 8205,Grupo 8205,Grupo 8205,Grupo 8205,Grupo 8205,Grupo 8205,Grupo 8205,Grupo 8205,PROCESOS PSICOSOCIALES Y CULTURALES
1812,SEXUALIDAD HUMANA Y GENERO,,,,10:00 a 15:00 Edif C Salon 1,10:00 a 15:00 A 202,,TZOMPANTZI MIGUEL CLAUDIO ARTURO,"LAS PRACTICAS CONSISTEN EN REVISIóN PERSONAL Y EL TRABAJO GRUPAL, CON EJERCICIOS VIVENCIALES Y CON PROPUESTAS DE INTERVENCIóN PSICOSOCIAL EN TEMAS RELACIONADOS A LA SEXUALIDAD HUMANA.",PROCESOS PSICOSOCIALES Y CULTURALES
1814,COMUNICACION Y PSICOLOGIA POLITICA,10:00 a 13:00 AULA PENDIENTE,,09:00 a 15:00 AULA PENDIENTE,,,,LANDEROS MUGICA KARINA,LA TEORIA SERÁ IMPARTIDA POR EL DR. JUAN PABLO DUQUE PARRA.,PROCESOS PSICOSOCIALES Y CULTURALES
Selecciona el semestre a consultar  ----------- 2do Semestre 	4to Semestre 	6to Semestre 	8vo Semestre  OPTATIVAS DE GENERO (Plan 2008)  OPTATIVAS,Selecciona el tipo de busqueda  ----------- Grupo 	Asignatura,Selecciona el campo del conocimiento  ----------- CIENCIAS COGNITIVAS Y DEL COMPORTAMIENTO 	PROCESOS PSICOSOCIALES Y CULTURALES 	PSICOBIOLOGIA Y NEUROCIENCIAS 	PSICOLOGIA CLINICA Y DE LA SALUD 	PSICOLOGIA DE LA EDUCACION 	PSICOLOGIA ORGANIZACIONAL 	CONTEXTUAL,,,,,,,,PSICOBIOLOGIA Y NEUROCIENCIAS
,,,,,,,,,,PSICOBIOLOGIA Y NEUROCIENCIAS
,,,,,,,,,,PSICOBIOLOGIA Y NEUROCIENCIAS
Grupo 8301  CLAVE  ASIGNATURA  LUNES  MARTES  MIERCOLES  JUEVES  VIERNES  SABADO  PROFESOR  OBSERVACIONES  1865  GENETICA DE LA CONDUCTA  09:00 a 12:00 A 304  PROFESOR PENDIENTE LA CLASE SERá IMPARTIDA POR EL DR. VíCTOR HUGO AVILéS ROSAS  1866  METODOS EN NEUROPSICOLOGIA  10:00 a 16:00 A 109  CRUZ PEREZ FELIPE  ALGUNAS CLASES SE IMPARTEN EN ESCENARIO/ESCENARIO MULTINIVEL  1867  NEUROPSICOLOGIA BASICA  07:00 a 10:00 A 101  RAMIREZ FLORES MAURA JAZMIN  1869  INTEROCEPCION Y CONDUCTA I  10:00 a 13:00 AULA PENDIENTE  RODRIGUEZ ORTIZ MARIA DOLORES  1871  PSICOFISIOLOGIA CLINICA  11:00 a 14:00 B 17  GALVEZ HERNANDEZ CARMEN LIZETTE  1872  SEMINARIO EN PSICOFISIOLOGIA  08:00 a 11:00 A 204  DEL RIO PORTILLA IRMA YOLANDA  Grupo 8302  CLAVE  ASIGNATURA  LUNES  MARTES  MIERCOLES  JUEVES  VIERNES  SABADO  PROFESOR  OBSERVACIONES  1865  GENETICA DE LA CONDUCTA  10:00 a 13:00 A 304  RUIZ CONTRERAS ALEJANDRA EVELYN  1867  NEUROPSICOLOGIA BASICA  13:00 a 16:00 A 109  CRUZ PEREZ FELIPE  1868  SEMINARIO DE NEUROPSICOLOGIA  12:00 a 15:00 A 207  OSTROSKY SHEJET FEGGY  1870  PROBLEMATIZACION EN PSICOFISIOLOG.  12:00 a 15:00 B 05  09:00 a 12:00 B 05  SANCHEZ DINORIN GERARDO  1871  PSICOFISIOLOGIA CLINICA  10:00 a 13:00 A 003  RODRIGUEZ ORTIZ MARIA DOLORES  Grupo 8303  CLAVE  ASIGNATURA  LUNES  MARTES  MIERCOLES  JUEVES  VIERNES  SABADO  PROFESOR  OBSERVACIONES  1867  NEUROPSICOLOGIA BASICA  17:00 a 20:00 A 101  RAMIREZ FLORES MAURA JAZMIN,Grupo 8301  CLAVE  ASIGNATURA  LUNES  MARTES  MIERCOLES  JUEVES  VIERNES  SABADO  PROFESOR  OBSERVACIONES  1865  GENETICA DE LA CONDUCTA  09:00 a 12:00 A 304  PROFESOR PENDIENTE LA CLASE SERá IMPARTIDA POR EL DR. VíCTOR HUGO AVILéS ROSAS  1866  METODOS EN NEUROPSICOLOGIA  10:00 a 16:00 A 109  CRUZ PEREZ FELIPE  ALGUNAS CLASES SE IMPARTEN EN ESCENARIO/ESCENARIO MULTINIVEL  1867  NEUROPSICOLOGIA BASICA  07:00 a 10:00 A 101  RAMIREZ FLORES MAURA JAZMIN  1869  INTEROCEPCION Y CONDUCTA I  10:00 a 13:00 AULA PENDIENTE  RODRIGUEZ ORTIZ MARIA DOLORES  1871  PSICOFISIOLOGIA CLINICA  11:00 a 14:00 B 17  GALVEZ HERNANDEZ CARMEN LIZETTE  1872  SEMINARIO EN PSICOFISIOLOGIA  08:00 a 11:00 A 204  DEL RIO PORTILLA IRMA YOLANDA  Grupo 8302  CLAVE  ASIGNATURA  LUNES  MARTES  MIERCOLES  JUEVES  VIERNES  SABADO  PROFESOR  OBSERVACIONES  1865  GENETICA DE LA CONDUCTA  10:00 a 13:00 A 304  RUIZ CONTRERAS ALEJANDRA EVELYN  1867  NEUROPSICOLOGIA BASICA  13:00 a 16:00 A 109  CRUZ PEREZ FELIPE  1868  SEMINARIO DE NEUROPSICOLOGIA  12:00 a 15:00 A 207  OSTROSKY SHEJET FEGGY  1870  PROBLEMATIZACION EN PSICOFISIOLOG.  12:00 a 15:00 B 05  09:00 a 12:00 B 05  SANCHEZ DINORIN GERARDO  1871  PSICOFISIOLOGIA CLINICA  10:00 a 13:00 A 003  RODRIGUEZ ORTIZ MARIA DOLORES  Grupo 8303  CLAVE  ASIGNATURA  LUNES  MARTES  MIERCOLES  JUEVES  VIERNES  SABADO  PROFESOR  OBSERVACIONES  1867  NEUROPSICOLOGIA BASICA  17:00 a 20:00 A 101  RAMIREZ FLORES MAURA JAZMIN,Grupo 8301  CLAVE  ASIGNATURA  LUNES  MARTES  MIERCOLES  JUEVES  VIERNES  SABADO  PROFESOR  OBSERVACIONES  1865  GENETICA DE LA CONDUCTA  09:00 a 12:00 A 304  PROFESOR PENDIENTE LA CLASE SERá IMPARTIDA POR EL DR. VíCTOR HUGO AVILéS ROSAS  1866  METODOS EN NEUROPSICOLOGIA  10:00 a 16:00 A 109  CRUZ PEREZ FELIPE  ALGUNAS CLASES SE IMPARTEN EN ESCENARIO/ESCENARIO MULTINIVEL  1867  NEUROPSICOLOGIA BASICA  07:00 a 10:00 A 101  RAMIREZ FLORES MAURA JAZMIN  1869  INTEROCEPCION Y CONDUCTA I  10:00 a 13:00 AULA PENDIENTE  RODRIGUEZ ORTIZ MARIA DOLORES  1871  PSICOFISIOLOGIA CLINICA  11:00 a 14:00 B 17  GALVEZ HERNANDEZ CARMEN LIZETTE  1872  SEMINARIO EN PSICOFISIOLOGIA  08:00 a 11:00 A 204  DEL RIO PORTILLA IRMA YOLANDA  Grupo 8302  CLAVE  ASIGNATURA  LUNES  MARTES  MIERCOLES  JUEVES  VIERNES  SABADO  PROFESOR  OBSERVACIONES  1865  GENETICA DE LA CONDUCTA  10:00 a 13:00 A 304  RUIZ CONTRERAS ALEJANDRA EVELYN  1867  NEUROPSICOLOGIA BASICA  13:00 a 16:00 A 109  CRUZ PEREZ FELIPE  1868  SEMINARIO DE NEUROPSICOLOGIA  12:00 a 15:00 A 207  OSTROSKY SHEJET FEGGY  1870  PROBLEMATIZACION EN PSICOFISIOLOG.  12:00 a 15:00 B 05  09:00 a 12:00 B 05  SANCHEZ DINORIN GERARDO  1871  PSICOFISIOLOGIA CLINICA  10:00 a 13:00 A 003  RODRIGUEZ ORTIZ MARIA DOLORES  Grupo 8303  CLAVE  ASIGNATURA  LUNES  MARTES  MIERCOLES  JUEVES  VIERNES  SABADO  PROFESOR  OBSERVACIONES  1867  NEUROPSICOLOGIA BASICA  17:00 a 20:00 A 101  RAMIREZ FLORES MAURA JAZMIN,,,,,,,,PSICOBIOLOGIA Y NEUROCIENCIAS
Grupo 8301,Grupo 8301,Grupo 8301,Grupo 8301,Grupo 8301,Grupo 8301,Grupo 8301,Grupo 8301,Grupo 8301,Grupo 8301,PSICOBIOLOGIA Y NEUROCIENCIAS
1865,GENETICA DE LA CONDUCTA,,,,09:00 a 12:00 A 304,,,PROFESOR PENDIENTE,LA CLASE SERá IMPARTIDA POR EL DR. VíCTOR HUGO AVILéS ROSAS,PSICOBIOLOGIA Y NEUROCIENCIAS
1866,METODOS EN NEUROPSICOLOGIA,10:00 a 16:00 A 109,,,,,,CRUZ PEREZ FELIPE,ALGUNAS CLASES SE IMPARTEN EN ESCENARIO/ESCENARIO MULTINIVEL,PSICOBIOLOGIA Y NEUROCIENCIAS
1867,NEUROPSICOLOGIA BASICA,,,,,07:00 a 10:00 A 101,,RAMIREZ FLORES MAURA JAZMIN,,PSICOBIOLOGIA Y NEUROCIENCIAS
1869,INTEROCEPCION Y CONDUCTA I,,,10:00 a 13:00 AULA PENDIENTE,,,,RODRIGUEZ ORTIZ MARIA DOLORES,,PSICOBIOLOGIA Y NEUROCIENCIAS
1871,PSICOFISIOLOGIA CLINICA,,,,,11:00 a 14:00 B 17,,GALVEZ HERNANDEZ CARMEN LIZETTE,,PSICOBIOLOGIA Y NEUROCIENCIAS
1872,SEMINARIO EN PSICOFISIOLOGIA,,08:00 a 11:00 A 204,,,,,DEL RIO PORTILLA IRMA YOLANDA,,PSICOBIOLOGIA Y NEUROCIENCIAS
Grupo 8302,Grupo 8302,Grupo 8302,Grupo 8302,Grupo 8302,Grupo 8302,Grupo 8302,Grupo 8302,Grupo 8302,Grupo 8302,PSICOBIOLOGIA Y NEUROCIENCIAS
1865,GENETICA DE LA CONDUCTA,,,10:00 a 13:00 A 304,,,,RUIZ CONTRERAS ALEJANDRA EVELYN,,PSICOBIOLOGIA Y NEUROCIENCIAS
1867,NEUROPSICOLOGIA BASICA,,13:00 a 16:00 A 109,,,,,CRUZ PEREZ FELIPE,,PSICOBIOLOGIA Y NEUROCIENCIAS
1868,SEMINARIO DE NEUROPSICOLOGIA,,,,,12:00 a 15:00 A 207,,OSTROSKY SHEJET FEGGY,,PSICOBIOLOGIA Y NEUROCIENCIAS
1870,PROBLEMATIZACION EN PSICOFISIOLOG.,12:00 a 15:00 B 05,,,09:00 a 12:00 B 05,,,SANCHEZ DINORIN GERARDO,,PSICOBIOLOGIA Y NEUROCIENCIAS
1871,PSICOFISIOLOGIA CLINICA,,10:00 a 13:00 A 003,,,,,RODRIGUEZ ORTIZ MARIA DOLORES,,PSICOBIOLOGIA Y NEUROCIENCIAS
Grupo 8303,Grupo 8303,Grupo 8303,Grupo 8303,Grupo 8303,Grupo 8303,Grupo 8303,Grupo 8303,Grupo 8303,Grupo 8303,PSICOBIOLOGIA Y NEUROCIENCIAS
1867,NEUROPSICOLOGIA BASICA,,,17:00 a 20:00 A 101,,,,RAMIREZ FLORES MAURA JAZMIN,,PSICOBIOLOGIA Y NEUROCIENCIAS
Selecciona el semestre a consultar  ----------- 2do Semestre 	4to Semestre 	6to Semestre 	8vo Semestre  OPTATIVAS DE GENERO (Plan 2008)  OPTATIVAS,Selecciona el tipo de busqueda  ----------- Grupo 	Asignatura,Selecciona el campo del conocimiento  ----------- CIENCIAS COGNITIVAS Y DEL COMPORTAMIENTO 	PROCESOS PSICOSOCIALES Y CULTURALES 	PSICOBIOLOGIA Y NEUROCIENCIAS 	PSICOLOGIA CLINICA Y DE LA SALUD 	PSICOLOGIA DE LA EDUCACION 	PSICOLOGIA ORGANIZACIONAL 	CONTEXTUAL,,,,,,,,PSICOLOGIA CLINICA Y DE LA SALUD
,,,,,,,,,,PSICOLOGIA CLINICA Y DE LA SALUD
,,,,,,,,,,PSICOLOGIA CLINICA Y DE LA SALUD
"Grupo 8401  CLAVE  ASIGNATURA  LUNES  MARTES  MIERCOLES  JUEVES  VIERNES  SABADO  PROFESOR  OBSERVACIONES  1827  PRINCIPIOS DEL COMPORTAM.ADICTIVO  12:00 a 14:00 A 102  12:00 a 15:00 A 102  MEDINA GUTIERREZ MIGUEL ANGEL  1831  PSICOGERONTOLOGIA  08:00 a 10:00 A 002  08:00 a 10:00 A 106  SOSA TORRALBA JANETT ESMERALDA  1835  PSICOPATOLOGIA DEL DESARR.INFANTIL  08:00 a 12:00 A 107  12:00 a 14:00 A 102  MANCILLA GOMEZ BLANCA ELENA  Grupo 8402  CLAVE  ASIGNATURA  LUNES  MARTES  MIERCOLES  JUEVES  VIERNES  SABADO  PROFESOR  OBSERVACIONES  1831  PSICOGERONTOLOGIA  09:00 a 11:00 A 003  09:00 a 11:00 A 003  PROFESOR PENDIENTE LA CLASE LA IMPARTE LA MTRA. ERIKA GUTIéRREZ MARTíNEZ  1838  TEMAS SELECT.EN PSICOL.DE LA SALUD  09:00 a 12:00 A 312  09:00 a 11:00 A 113  JUAREZ LOYA ANGELICA  Grupo 8403  CLAVE  ASIGNATURA  LUNES  MARTES  MIERCOLES  JUEVES  VIERNES  SABADO  PROFESOR  OBSERVACIONES  1832  PSICOPATOLOGIA DE LA ADULTEZ  11:00 a 15:00 A 110  MORA GUTIERREZ GERARDO  1834  INTERVENCION EN NI�OS I  11:00 a 14:00 A 310  11:00 a 14:00 A 310  BECERRIL PEREZ MARIA SANTOS  LA PRáCTICA SUPERVISADA EN ESCENARIO SE LLEVARá A CABO A MITAD DEL SEMESTRE, LOS MIéRCOLES, EN EL COLEGIO AGUSTíN GARCíA CONDE, TLALPAN.  1837  SALUD COMUNITARIA Y EPIDEMIOLOGIA  10:00 a 13:00 A 204  SOSA TORRALBA JANETT ESMERALDA  GRUPO CON PRáCTICA EN PROMOCIóN DE LA SALUD MENTAL COMUNITARIA, A PARTIR DE MAYO.  Grupo 8404  CLAVE  ASIGNATURA  LUNES  MARTES  MIERCOLES  JUEVES  VIERNES  SABADO  PROFESOR  OBSERVACIONES  1830  INTERVENCION EN GRUPOS I  08:00 a 14:00 A 313  PEREZ ESPINOSA JORGE ROGELIO  1832  PSICOPATOLOGIA DE LA ADULTEZ  10:00 a 11:00 Edif C Salon 3 11:00 a 14:00 Edif C Salon 3  ROSAS LANDA BAUTISTA HECTOR SEBASTIAN PROFESOR PENDIENTE LA CLASE ES IMPARTIDA POR EL DR. HéCTOR SEBASTIáN ROSAS LANDA BAUTISTA Y EL MTRO. JUAN MANUEL SANTIAGO MALDONADO  1837  SALUD COMUNITARIA Y EPIDEMIOLOGIA  09:00 a 12:00 Edif C Salon 2  DOMINGUEZ TREJO BENJAMIN  Grupo 8405  CLAVE  ASIGNATURA  LUNES  MARTES  MIERCOLES  JUEVES  VIERNES  SABADO  PROFESOR  OBSERVACIONES  1828  TEORIAS Y MODELOS DE PREVENCION I  11:00 a 14:00 A 101  12:00 a 14:00 A 101  GUTIERREZ LARA MARIANA  LA PRáCTICA EN ESCENARIO SE REALIZARá EN FACULTADES DE CIUDAD UNIVERSITARIA.  1833  ALTERN.TERAPEUT.EN NI�OS Y ADOLESC.  08:00 a 12:00 A 207  PEREZ AGUERO MARIA CRISTINA  1835  PSICOPATOLOGIA DEL DESARR.INFANTIL  08:00 a 14:00 A 211  AURON ZALTZMAN DAVID  1836  PROMOC.Y EDUCACION PARA LA SALUD  08:00 a 11:00 A 310  09:00 a 11:00 A 309  GONZALEZ SALAZAR LUZ MARIA  Grupo 8406  CLAVE  ASIGNATURA  LUNES  MARTES  MIERCOLES  JUEVES  VIERNES  SABADO  PROFESOR  OBSERVACIONES  1831  PSICOGERONTOLOGIA  12:00 a 14:00 A 314  12:00 a 14:00 A 314  GUERRERO LUNA ANGELINA  1832  PSICOPATOLOGIA DE LA ADULTEZ  08:00 a 12:00 A 313  SOTO CRISTOBAL GABRIEL  LA PRáCTICA SE LLEVARá A CABO EN EL CENTRO COMUNITARIO DR. JULIáN MACGREGOR Y SáNCHEZ NAVARRO, A MITAD DEL SEMESTRE.  1834  INTERVENCION EN NI�OS I  12:00 a 14:00 A 101  08:00 a 12:00 A 001  MANCILLA GOMEZ BLANCA ELENA  1835  PSICOPATOLOGIA DEL DESARR.INFANTIL  16:00 a 19:00 A 313  16:00 a 19:00 A 313  RUÍZ GONZÁLEZ VERÓNICA  1837  SALUD COMUNITARIA Y EPIDEMIOLOGIA  12:00 a 15:00 A 313  LOPEZ MONTOYA ALEJANDRA  Grupo 8407  CLAVE  ASIGNATURA  LUNES  MARTES  MIERCOLES  JUEVES  VIERNES  SABADO  PROFESOR  OBSERVACIONES  1828  TEORIAS Y MODELOS DE PREVENCION I  12:00 a 14:00 Edif C Salon 3  12:00 a 15:00 A 102  MEDINA GUTIERREZ MIGUEL ANGEL  1832  PSICOPATOLOGIA DE LA ADULTEZ  09:00 a 11:00 A 003  09:00 a 11:00 A 211  SANCHEZ SOSA JUAN JOSE  1833  ALTERN.TERAPEUT.EN NI�OS Y ADOLESC.  08:00 a 12:00 A 312  SUAREZ RODRIGUEZ KARLA  1834  INTERVENCION EN NI�OS I  16:00 a 19:00 A 211  10:00 a 13:00 A 101  HERNANDEZ ESTRADA LIZBETH ACOSTA GALVAN SAMUEL  LA PRáCTICA ESTARá A CARGO DEL MTRO. ACOSTA LOS SáBADOS Y SE REALIZARá EN LA OFICINA DE DEFENSORíA DE LOS DERECHOS DE LA INFANCIA (AV. UNIVERSIDAD 464 B, VéRTIZ NARVARTE, BJ). INICIARá EN MARZO.  1837  SALUD COMUNITARIA Y EPIDEMIOLOGIA  09:00 a 12:00 A 211  PROFESOR PENDIENTE LA CLASE ES IMPARTIDA POR LA MTRA. MARíA GUADALUPE VITAL CEDILLO  Grupo 8408  CLAVE  ASIGNATURA  LUNES  MARTES  MIERCOLES  JUEVES  VIERNES  SABADO  PROFESOR  OBSERVACIONES  1832  PSICOPATOLOGIA DE LA ADULTEZ  09:00 a 11:00 A 309  10:00 a 12:00 A 211  BARRERA GUTIERREZ JOSE LUIS  LA PRáCTICA EN ESCENARIO SE LLEVARá A CABO LOS VIERNES, INICIARá A MITAD DEL SEMESTRE Y TENDRá LUGAR EN LA RESIDENCIA MATEOS PORTILLO  1833  ALTERN.TERAPEUT.EN NI�OS Y ADOLESC.  13:00 a 15:00 A 308  13:00 a 15:00 A 002  HERNANDEZ TREJO LAURA AMADA  LA PRáCTICA EN ESCENARIO SE REALIZARá EN EL COLEGIO AGUSTíN GARCíA CONDE LOS DíAS LUNES, A PARTIR DE MARZO.  1835  PSICOPATOLOGIA DEL DESARR.INFANTIL  09:00 a 12:00 B 17  09:00 a 12:00 A 211  MONJARÁS RODRÍGUEZ MARÍA TERESA  LA PRáCTICA EN ESCENARIO SE REALIZARá LOS MIéRCOLES, A MITAD DEL SEMESTRE, EN EL JARDíN DE NIñOS ANA FRANK  Grupo 8409  CLAVE  ASIGNATURA  LUNES  MARTES  MIERCOLES  JUEVES  VIERNES  SABADO  PROFESOR  OBSERVACIONES  1831  PSICOGERONTOLOGIA  12:00 a 14:00 A 207  12:00 a 14:00 B 07  PROFESOR PENDIENTE LA CLASE ES IMPARTIDA POR LA MTRA. MARIANA OVIEDO GOMEZ  1834  INTERVENCION EN NI�OS I  16:00 a 19:00 A 003  16:00 a 19:00 A 003  HERNANDEZ TREJO LAURA AMADA  LA PRáCTICA EN ESCENARIO SE REALIZARá EN EL CENTRO COMUNITARIO DR. JULIáN MACGREGOR Y SáNCHEZ NAVARRO LOS DíAS JUEVES, A PARTIR DE MARZO.  1835  PSICOPATOLOGIA DEL DESARR.INFANTIL  08:00 a 11:00 A 110  09:00 a 12:00 A 205  VELEZ GARCIA ALICIA ELVIRA  LA ASIGNATURA SE IMPARTE CON UN ENFOQUE NEUROPSICOLóGICO.  1838  TEMAS SELECT.EN PSICOL.DE LA SALUD  09:00 a 14:00 A 312  LANDA RAMÍREZ EDGAR  PRáCTICA A PARTIR DE FEBRERO EN EL HOSPITAL GENERAL DR. MANUEL GEA GONZáLEZ. SE REQUIERE ESQUEMA COMPLETO DE VACUNACIóN CONTRA INFLUENZA Y COVID.  Grupo 8410  CLAVE  ASIGNATURA  LUNES  MARTES  MIERCOLES  JUEVES  VIERNES  SABADO  PROFESOR  OBSERVACIONES  1829  TOPICOS SELECTOS EN ADICCIONES  17:00 a 20:00 A 308  17:00 a 19:00 A 308  RODRIGUEZ DURAN CARLOS AUGUSTO  LA PRáCTICA EN ESCENARIO SE LLEVARá A CABO EN LA UNEME-CECOSAMA GUSTAVO A. ROVIROSA, EN COYOACáN (COL. PEDREGAL DE SANTA ÚRSULA), A MITAD DEL SEMESTRE.  1830  INTERVENCION EN GRUPOS I  15:00 a 21:00 A 314  VILLANUEVA OROZCO GERARDO BENJAMÍN TONATIUH  1832  PSICOPATOLOGIA DE LA ADULTEZ  15:00 a 19:00 A 301  ROSAS LANDA BAUTISTA HECTOR SEBASTIAN  1834  INTERVENCION EN NI�OS I  11:00 a 14:00 Escenario  11:00 a 14:00 Edif C Salon 3  PROFESOR PENDIENTE MTRA. VáZQUEZ (TEORíA) Y MTRA. TORAL (PRáCTICA). A PARTIR DE MARZO, AMBAS CLASES SE IMPARTIRáN EN EL CENTRO COMUNITARIO DR. JULIáN MACGREGOR Y SáNCHEZ NAVARRO.  1835  PSICOPATOLOGIA DEL DESARR.INFANTIL  11:00 a 14:00 Edif C Salon 3  12:00 a 15:00 A 204  AYALA MURGUIA DAVID FRANCISCO  Grupo 8411  CLAVE  ASIGNATURA  LUNES  MARTES  MIERCOLES  JUEVES  VIERNES  SABADO  PROFESOR  OBSERVACIONES  1827  PRINCIPIOS DEL COMPORTAM.ADICTIVO  08:00 a 13:00 A 206  PEREZ ROMERO LUIS ANGEL  1832  PSICOPATOLOGIA DE LA ADULTEZ  15:00 a 19:00 A 001  CHAPA ROMERO ANA CELIA  1833  ALTERN.TERAPEUT.EN NI�OS Y ADOLESC.  09:00 a 11:00 A 310  08:00 a 10:00 A 102  HERNANDEZ TREJO LAURA AMADA  A PRáCTICA EN ESCENARIO SE REALIZARá EN EL COLEGIO AGUSTíN GARCíA CONDE LOS DíAS LUNES, A PARTIR DE MARZO  1836  PROMOC.Y EDUCACION PARA LA SALUD  12:00 a 14:00 AULA PENDIENTE  12:00 a 15:00 A 110  BARRERA GUTIERREZ JOSE LUIS  1837  SALUD COMUNITARIA Y EPIDEMIOLOGIA  15:00 a 18:00 A 101  GAMIOCHIPI CANO MIREYA  Grupo 8412  CLAVE  ASIGNATURA  LUNES  MARTES  MIERCOLES  JUEVES  VIERNES  SABADO  PROFESOR  OBSERVACIONES  1830  INTERVENCION EN GRUPOS I  11:00 a 14:00 A 110  11:00 a 14:00 AULA PENDIENTE  MARQUEZ VERDUZCO DAVID  LOS DÍAS MARTES: LAS PRIMERAS SESIONES SE REALIZARAN EN LÍNEA, POSTERIORMENTE TRABAJARAN EN ESCENARIO 1832  PSICOPATOLOGIA DE LA ADULTEZ  08:00 a 12:00 Edif C Salon 4  CONTRERAS VALDEZ JOSE ALFREDO  1834  INTERVENCION EN NI�OS I  16:00 a 18:00 A 203  16:00 a 20:00 A 102  REYES GONZALEZ JOSE LUIS  1837  SALUD COMUNITARIA Y EPIDEMIOLOGIA  10:00 a 13:00 A 309  SOSA TORRALBA JANETT ESMERALDA  1838  TEMAS SELECT.EN PSICOL.DE LA SALUD  09:00 a 14:00 A 109  LANDA RAMÍREZ EDGAR  PRáCTICA A PARTIR DE FEBRERO EN EL HOSPITAL GENERAL DR. MANUEL GEA GONZáLEZ. SE REQUIERE ESQUEMA COMPLETO DE VACUNACIóN CONTRA INFLUENZA Y COVID.  Grupo 8413  CLAVE  ASIGNATURA  LUNES  MARTES  MIERCOLES  JUEVES  VIERNES  SABADO  PROFESOR  OBSERVACIONES  1828  TEORIAS Y MODELOS DE PREVENCION I  15:00 a 17:00 A 101  12:00 a 15:00 A 003  SANCHEZ XICOTENCATL CARLOS OMAR  1831  PSICOGERONTOLOGIA  17:00 a 19:00 A 113  17:00 a 19:00 A 001  PROFESOR PENDIENTE LA CLASE SERá IMPARTIDA POR LA MTRA. MARIANA OVIEDO GOMEZ  1833  ALTERN.TERAPEUT.EN NI�OS Y ADOLESC.  12:00 a 14:00 A 309  12:00 a 14:00 A 309  MACOUZET MENENDEZ BEATRIZ ALEJANDRA  GRUPO CON PRáCTICA EN ESCENARIO A PARTIR DE MARZO EN LA ESCUELA DE LANCASTER.  1837  SALUD COMUNITARIA Y EPIDEMIOLOGIA  16:00 a 19:00 A 302  PADILLA MARQUEZ XOCHITL BERENICE  Grupo 8414  CLAVE  ASIGNATURA  LUNES  MARTES  MIERCOLES  JUEVES  VIERNES  SABADO  PROFESOR  OBSERVACIONES  1829  TOPICOS SELECTOS EN ADICCIONES  17:00 a 19:00 A 309  17:00 a 20:00 A 309  FELIX ROMERO VIOLETA  LA PRáCTICA EN ESCENARIO SE REALIZARá LOS JUEVES, A PARTIR DE MARZO, EN EL CENTRO DE PREVENCIóN DE ADICCIONES DR. HéCTOR AYALA  1830  INTERVENCION EN GRUPOS I  09:00 a 12:00 A 308  11:00 a 14:00 A 310  GALAN LOPEZ QUETZAL NATALIA  LA PRáCTICA EN ESCENARIO SE REALIZARá LOS JUEVES, A PARTIR DE MARZO, EN LA FUNDACIóN MEXICANA PARA LA FIBROMIALGIA  1832  PSICOPATOLOGIA DE LA ADULTEZ  17:00 a 19:00 A 112  15:00 a 17:00 A 304  SANCHEZ XICOTENCATL CARLOS OMAR  1836  PROMOC.Y EDUCACION PARA LA SALUD  14:00 a 17:00 A 308  15:00 a 17:00 A 310  PROFESOR PENDIENTE LA CLASE ES IMPARTIDA POR LA DRA. CENTLI GUILLéN DíAZ-BARRIGA- LA PRáCTICA ESTá ENFOCADA EN DESARROLLAR UNA PROPUESTA DE INTERVENCIóN PSICOLóGICA BREVE PARA LA PREVENCIóN DEL VIH. VISITA A CLíNICA ESPECIALIZADA CONDESA.  1838  TEMAS SELECT.EN PSICOL.DE LA SALUD  09:00 a 14:00 Escenario  MARTINEZ BASURTO AIME EDITH  LAS PRIMERAS CLASES SERÁN EN LINEA, LA PRáCTICA EN ESCENARIO SE REALIZARá EN EL INSTITUTO NACIONAL DE ENFERMEDADES RESPIRATORIAS, A PARTIR DE MARZO.  Grupo 8415  CLAVE  ASIGNATURA  LUNES  MARTES  MIERCOLES  JUEVES  VIERNES  SABADO  PROFESOR  OBSERVACIONES  1830  INTERVENCION EN GRUPOS I  15:00 a 18:00 A 309  15:00 a 18:00 A 309  MARQUEZ VERDUZCO DAVID  1832  PSICOPATOLOGIA DE LA ADULTEZ  13:00 a 15:00 A 002  13:00 a 15:00 A 205  PROFESOR PENDIENTE LA CLASE ES IMPARTIDA POR LA DRA. SILVIA PLATAS ACEVEDO  1833  ALTERN.TERAPEUT.EN NI�OS Y ADOLESC.  18:00 a 20:00 A 205  18:00 a 20:00 A 205  JOYA LAUREANO LILIA  1834  INTERVENCION EN NI�OS I  12:00 a 14:00 A 311  09:00 a 13:00 A 311  CERVANTES BAZAN KARLA ALEJANDRA  LA PRáCTICA SE REALIZARá LOS JUEVES, A PARTIR DE ABRIL, EN EL CENTRO DE EXCELENCIA ACADéMICA EXCELA, UBICADA EN LA COL. DEL CARMEN, COYOACáN.  1837  SALUD COMUNITARIA Y EPIDEMIOLOGIA  17:00 a 20:00 A 101  GORDILLO MORENO TANIA  1838  TEMAS SELECT.EN PSICOL.DE LA SALUD  09:00 a 14:00 A 310  MARTINEZ BASURTO AIME EDITH  LA PRáCTICA EN ESCENARIO SE REALIZARá EN EL INSTITUTO NACIONAL DE ENFERMEDADES RESPIRATORIAS, A PARTIR DE MARZO.","Grupo 8401  CLAVE  ASIGNATURA  LUNES  MARTES  MIERCOLES  JUEVES  VIERNES  SABADO  PROFESOR  OBSERVACIONES  1827  PRINCIPIOS DEL COMPORTAM.ADICTIVO  12:00 a 14:00 A 102  12:00 a 15:00 A 102  MEDINA GUTIERREZ MIGUEL ANGEL  1831  PSICOGERONTOLOGIA  08:00 a 10:00 A 002  08:00 a 10:00 A 106  SOSA TORRALBA JANETT ESMERALDA  1835  PSICOPATOLOGIA DEL DESARR.INFANTIL  08:00 a 12:00 A 107  12:00 a 14:00 A 102  MANCILLA GOMEZ BLANCA ELENA  Grupo 8402  CLAVE  ASIGNATURA  LUNES  MARTES  MIERCOLES  JUEVES  VIERNES  SABADO  PROFESOR  OBSERVACIONES  1831  PSICOGERONTOLOGIA  09:00 a 11:00 A 003  09:00 a 11:00 A 003  PROFESOR PENDIENTE LA CLASE LA IMPARTE LA MTRA. ERIKA GUTIéRREZ MARTíNEZ  1838  TEMAS SELECT.EN PSICOL.DE LA SALUD  09:00 a 12:00 A 312  09:00 a 11:00 A 113  JUAREZ LOYA ANGELICA  Grupo 8403  CLAVE  ASIGNATURA  LUNES  MARTES  MIERCOLES  JUEVES  VIERNES  SABADO  PROFESOR  OBSERVACIONES  1832  PSICOPATOLOGIA DE LA ADULTEZ  11:00 a 15:00 A 110  MORA GUTIERREZ GERARDO  1834  INTERVENCION EN NI�OS I  11:00 a 14:00 A 310  11:00 a 14:00 A 310  BECERRIL PEREZ MARIA SANTOS  LA PRáCTICA SUPERVISADA EN ESCENARIO SE LLEVARá A CABO A MITAD DEL SEMESTRE, LOS MIéRCOLES, EN EL COLEGIO AGUSTíN GARCíA CONDE, TLALPAN.  1837  SALUD COMUNITARIA Y EPIDEMIOLOGIA  10:00 a 13:00 A 204  SOSA TORRALBA JANETT ESMERALDA  GRUPO CON PRáCTICA EN PROMOCIóN DE LA SALUD MENTAL COMUNITARIA, A PARTIR DE MAYO.  Grupo 8404  CLAVE  ASIGNATURA  LUNES  MARTES  MIERCOLES  JUEVES  VIERNES  SABADO  PROFESOR  OBSERVACIONES  1830  INTERVENCION EN GRUPOS I  08:00 a 14:00 A 313  PEREZ ESPINOSA JORGE ROGELIO  1832  PSICOPATOLOGIA DE LA ADULTEZ  10:00 a 11:00 Edif C Salon 3 11:00 a 14:00 Edif C Salon 3  ROSAS LANDA BAUTISTA HECTOR SEBASTIAN PROFESOR PENDIENTE LA CLASE ES IMPARTIDA POR EL DR. HéCTOR SEBASTIáN ROSAS LANDA BAUTISTA Y EL MTRO. JUAN MANUEL SANTIAGO MALDONADO  1837  SALUD COMUNITARIA Y EPIDEMIOLOGIA  09:00 a 12:00 Edif C Salon 2  DOMINGUEZ TREJO BENJAMIN  Grupo 8405  CLAVE  ASIGNATURA  LUNES  MARTES  MIERCOLES  JUEVES  VIERNES  SABADO  PROFESOR  OBSERVACIONES  1828  TEORIAS Y MODELOS DE PREVENCION I  11:00 a 14:00 A 101  12:00 a 14:00 A 101  GUTIERREZ LARA MARIANA  LA PRáCTICA EN ESCENARIO SE REALIZARá EN FACULTADES DE CIUDAD UNIVERSITARIA.  1833  ALTERN.TERAPEUT.EN NI�OS Y ADOLESC.  08:00 a 12:00 A 207  PEREZ AGUERO MARIA CRISTINA  1835  PSICOPATOLOGIA DEL DESARR.INFANTIL  08:00 a 14:00 A 211  AURON ZALTZMAN DAVID  1836  PROMOC.Y EDUCACION PARA LA SALUD  08:00 a 11:00 A 310  09:00 a 11:00 A 309  GONZALEZ SALAZAR LUZ MARIA  Grupo 8406  CLAVE  ASIGNATURA  LUNES  MARTES  MIERCOLES  JUEVES  VIERNES  SABADO  PROFESOR  OBSERVACIONES  1831  PSICOGERONTOLOGIA  12:00 a 14:00 A 314  12:00 a 14:00 A 314  GUERRERO LUNA ANGELINA  1832  PSICOPATOLOGIA DE LA ADULTEZ  08:00 a 12:00 A 313  SOTO CRISTOBAL GABRIEL  LA PRáCTICA SE LLEVARá A CABO EN EL CENTRO COMUNITARIO DR. JULIáN MACGREGOR Y SáNCHEZ NAVARRO, A MITAD DEL SEMESTRE.  1834  INTERVENCION EN NI�OS I  12:00 a 14:00 A 101  08:00 a 12:00 A 001  MANCILLA GOMEZ BLANCA ELENA  1835  PSICOPATOLOGIA DEL DESARR.INFANTIL  16:00 a 19:00 A 313  16:00 a 19:00 A 313  RUÍZ GONZÁLEZ VERÓNICA  1837  SALUD COMUNITARIA Y EPIDEMIOLOGIA  12:00 a 15:00 A 313  LOPEZ MONTOYA ALEJANDRA  Grupo 8407  CLAVE  ASIGNATURA  LUNES  MARTES  MIERCOLES  JUEVES  VIERNES  SABADO  PROFESOR  OBSERVACIONES  1828  TEORIAS Y MODELOS DE PREVENCION I  12:00 a 14:00 Edif C Salon 3  12:00 a 15:00 A 102  MEDINA GUTIERREZ MIGUEL ANGEL  1832  PSICOPATOLOGIA DE LA ADULTEZ  09:00 a 11:00 A 003  09:00 a 11:00 A 211  SANCHEZ SOSA JUAN JOSE  1833  ALTERN.TERAPEUT.EN NI�OS Y ADOLESC.  08:00 a 12:00 A 312  SUAREZ RODRIGUEZ KARLA  1834  INTERVENCION EN NI�OS I  16:00 a 19:00 A 211  10:00 a 13:00 A 101  HERNANDEZ ESTRADA LIZBETH ACOSTA GALVAN SAMUEL  LA PRáCTICA ESTARá A CARGO DEL MTRO. ACOSTA LOS SáBADOS Y SE REALIZARá EN LA OFICINA DE DEFENSORíA DE LOS DERECHOS DE LA INFANCIA (AV. UNIVERSIDAD 464 B, VéRTIZ NARVARTE, BJ). INICIARá EN MARZO.  1837  SALUD COMUNITARIA Y EPIDEMIOLOGIA  09:00 a 12:00 A 211  PROFESOR PENDIENTE LA CLASE ES IMPARTIDA POR LA MTRA. MARíA GUADALUPE VITAL CEDILLO  Grupo 8408  CLAVE  ASIGNATURA  LUNES  MARTES  MIERCOLES  JUEVES  VIERNES  SABADO  PROFESOR  OBSERVACIONES  1832  PSICOPATOLOGIA DE LA ADULTEZ  09:00 a 11:00 A 309  10:00 a 12:00 A 211  BARRERA GUTIERREZ JOSE LUIS  LA PRáCTICA EN ESCENARIO SE LLEVARá A CABO LOS VIERNES, INICIARá A MITAD DEL SEMESTRE Y TENDRá LUGAR EN LA RESIDENCIA MATEOS PORTILLO  1833  ALTERN.TERAPEUT.EN NI�OS Y ADOLESC.  13:00 a 15:00 A 308  13:00 a 15:00 A 002  HERNANDEZ TREJO LAURA AMADA  LA PRáCTICA EN ESCENARIO SE REALIZARá EN EL COLEGIO AGUSTíN GARCíA CONDE LOS DíAS LUNES, A PARTIR DE MARZO.  1835  PSICOPATOLOGIA DEL DESARR.INFANTIL  09:00 a 12:00 B 17  09:00 a 12:00 A 211  MONJARÁS RODRÍGUEZ MARÍA TERESA  LA PRáCTICA EN ESCENARIO SE REALIZARá LOS MIéRCOLES, A MITAD DEL SEMESTRE, EN EL JARDíN DE NIñOS ANA FRANK  Grupo 8409  CLAVE  ASIGNATURA  LUNES  MARTES  MIERCOLES  JUEVES  VIERNES  SABADO  PROFESOR  OBSERVACIONES  1831  PSICOGERONTOLOGIA  12:00 a 14:00 A 207  12:00 a 14:00 B 07  PROFESOR PENDIENTE LA CLASE ES IMPARTIDA POR LA MTRA. MARIANA OVIEDO GOMEZ  1834  INTERVENCION EN NI�OS I  16:00 a 19:00 A 003  16:00 a 19:00 A 003  HERNANDEZ TREJO LAURA AMADA  LA PRáCTICA EN ESCENARIO SE REALIZARá EN EL CENTRO COMUNITARIO DR. JULIáN MACGREGOR Y SáNCHEZ NAVARRO LOS DíAS JUEVES, A PARTIR DE MARZO.  1835  PSICOPATOLOGIA DEL DESARR.INFANTIL  08:00 a 11:00 A 110  09:00 a 12:00 A 205  VELEZ GARCIA ALICIA ELVIRA  LA ASIGNATURA SE IMPARTE CON UN ENFOQUE NEUROPSICOLóGICO.  1838  TEMAS SELECT.EN PSICOL.DE LA SALUD  09:00 a 14:00 A 312  LANDA RAMÍREZ EDGAR  PRáCTICA A PARTIR DE FEBRERO EN EL HOSPITAL GENERAL DR. MANUEL GEA GONZáLEZ. SE REQUIERE ESQUEMA COMPLETO DE VACUNACIóN CONTRA INFLUENZA Y COVID.  Grupo 8410  CLAVE  ASIGNATURA  LUNES  MARTES  MIERCOLES  JUEVES  VIERNES  SABADO  PROFESOR  OBSERVACIONES  1829  TOPICOS SELECTOS EN ADICCIONES  17:00 a 20:00 A 308  17:00 a 19:00 A 308  RODRIGUEZ DURAN CARLOS AUGUSTO  LA PRáCTICA EN ESCENARIO SE LLEVARá A CABO EN LA UNEME-CECOSAMA GUSTAVO A. ROVIROSA, EN COYOACáN (COL. PEDREGAL DE SANTA ÚRSULA), A MITAD DEL SEMESTRE.  1830  INTERVENCION EN GRUPOS I  15:00 a 21:00 A 314  VILLANUEVA OROZCO GERARDO BENJAMÍN TONATIUH  1832  PSICOPATOLOGIA DE LA ADULTEZ  15:00 a 19:00 A 301  ROSAS LANDA BAUTISTA HECTOR SEBASTIAN  1834  INTERVENCION EN NI�OS I  11:00 a 14:00 Escenario  11:00 a 14:00 Edif C Salon 3  PROFESOR PENDIENTE MTRA. VáZQUEZ (TEORíA) Y MTRA. TORAL (PRáCTICA). A PARTIR DE MARZO, AMBAS CLASES SE IMPARTIRáN EN EL CENTRO COMUNITARIO DR. JULIáN MACGREGOR Y SáNCHEZ NAVARRO.  1835  PSICOPATOLOGIA DEL DESARR.INFANTIL  11:00 a 14:00 Edif C Salon 3  12:00 a 15:00 A 204  AYALA MURGUIA DAVID FRANCISCO  Grupo 8411  CLAVE  ASIGNATURA  LUNES  MARTES  MIERCOLES  JUEVES  VIERNES  SABADO  PROFESOR  OBSERVACIONES  1827  PRINCIPIOS DEL COMPORTAM.ADICTIVO  08:00 a 13:00 A 206  PEREZ ROMERO LUIS ANGEL  1832  PSICOPATOLOGIA DE LA ADULTEZ  15:00 a 19:00 A 001  CHAPA ROMERO ANA CELIA  1833  ALTERN.TERAPEUT.EN NI�OS Y ADOLESC.  09:00 a 11:00 A 310  08:00 a 10:00 A 102  HERNANDEZ TREJO LAURA AMADA  A PRáCTICA EN ESCENARIO SE REALIZARá EN EL COLEGIO AGUSTíN GARCíA CONDE LOS DíAS LUNES, A PARTIR DE MARZO  1836  PROMOC.Y EDUCACION PARA LA SALUD  12:00 a 14:00 AULA PENDIENTE  12:00 a 15:00 A 110  BARRERA GUTIERREZ JOSE LUIS  1837  SALUD COMUNITARIA Y EPIDEMIOLOGIA  15:00 a 18:00 A 101  GAMIOCHIPI CANO MIREYA  Grupo 8412  CLAVE  ASIGNATURA  LUNES  MARTES  MIERCOLES  JUEVES  VIERNES  SABADO  PROFESOR  OBSERVACIONES  1830  INTERVENCION EN GRUPOS I  11:00 a 14:00 A 110  11:00 a 14:00 AULA PENDIENTE  MARQUEZ VERDUZCO DAVID  LOS DÍAS MARTES: LAS PRIMERAS SESIONES SE REALIZARAN EN LÍNEA, POSTERIORMENTE TRABAJARAN EN ESCENARIO 1832  PSICOPATOLOGIA DE LA ADULTEZ  08:00 a 12:00 Edif C Salon 4  CONTRERAS VALDEZ JOSE ALFREDO  1834  INTERVENCION EN NI�OS I  16:00 a 18:00 A 203  16:00 a 20:00 A 102  REYES GONZALEZ JOSE LUIS  1837  SALUD COMUNITARIA Y EPIDEMIOLOGIA  10:00 a 13:00 A 309  SOSA TORRALBA JANETT ESMERALDA  1838  TEMAS SELECT.EN PSICOL.DE LA SALUD  09:00 a 14:00 A 109  LANDA RAMÍREZ EDGAR  PRáCTICA A PARTIR DE FEBRERO EN EL HOSPITAL GENERAL DR. MANUEL GEA GONZáLEZ. SE REQUIERE ESQUEMA COMPLETO DE VACUNACIóN CONTRA INFLUENZA Y COVID.  Grupo 8413  CLAVE  ASIGNATURA  LUNES  MARTES  MIERCOLES  JUEVES  VIERNES  SABADO  PROFESOR  OBSERVACIONES  1828  TEORIAS Y MODELOS DE PREVENCION I  15:00 a 17:00 A 101  12:00 a 15:00 A 003  SANCHEZ XICOTENCATL CARLOS OMAR  1831  PSICOGERONTOLOGIA  17:00 a 19:00 A 113  17:00 a 19:00 A 001  PROFESOR PENDIENTE LA CLASE SERá IMPARTIDA POR LA MTRA. MARIANA OVIEDO GOMEZ  1833  ALTERN.TERAPEUT.EN NI�OS Y ADOLESC.  12:00 a 14:00 A 309  12:00 a 14:00 A 309  MACOUZET MENENDEZ BEATRIZ ALEJANDRA  GRUPO CON PRáCTICA EN ESCENARIO A PARTIR DE MARZO EN LA ESCUELA DE LANCASTER.  1837  SALUD COMUNITARIA Y EPIDEMIOLOGIA  16:00 a 19:00 A 302  PADILLA MARQUEZ XOCHITL BERENICE  Grupo 8414  CLAVE  ASIGNATURA  LUNES  MARTES  MIERCOLES  JUEVES  VIERNES  SABADO  PROFESOR  OBSERVACIONES  1829  TOPICOS SELECTOS EN ADICCIONES  17:00 a 19:00 A 309  17:00 a 20:00 A 309  FELIX ROMERO VIOLETA  LA PRáCTICA EN ESCENARIO SE REALIZARá LOS JUEVES, A PARTIR DE MARZO, EN EL CENTRO DE PREVENCIóN DE ADICCIONES DR. HéCTOR AYALA  1830  INTERVENCION EN GRUPOS I  09:00 a 12:00 A 308  11:00 a 14:00 A 310  GALAN LOPEZ QUETZAL NATALIA  LA PRáCTICA EN ESCENARIO SE REALIZARá LOS JUEVES, A PARTIR DE MARZO, EN LA FUNDACIóN MEXICANA PARA LA FIBROMIALGIA  1832  PSICOPATOLOGIA DE LA ADULTEZ  17:00 a 19:00 A 112  15:00 a 17:00 A 304  SANCHEZ XICOTENCATL CARLOS OMAR  1836  PROMOC.Y EDUCACION PARA LA SALUD  14:00 a 17:00 A 308  15:00 a 17:00 A 310  PROFESOR PENDIENTE LA CLASE ES IMPARTIDA POR LA DRA. CENTLI GUILLéN DíAZ-BARRIGA- LA PRáCTICA ESTá ENFOCADA EN DESARROLLAR UNA PROPUESTA DE INTERVENCIóN PSICOLóGICA BREVE PARA LA PREVENCIóN DEL VIH. VISITA A CLíNICA ESPECIALIZADA CONDESA.  1838  TEMAS SELECT.EN PSICOL.DE LA SALUD  09:00 a 14:00 Escenario  MARTINEZ BASURTO AIME EDITH  LAS PRIMERAS CLASES SERÁN EN LINEA, LA PRáCTICA EN ESCENARIO SE REALIZARá EN EL INSTITUTO NACIONAL DE ENFERMEDADES RESPIRATORIAS, A PARTIR DE MARZO.  Grupo 8415  CLAVE  ASIGNATURA  LUNES  MARTES  MIERCOLES  JUEVES  VIERNES  SABADO  PROFESOR  OBSERVACIONES  1830  INTERVENCION EN GRUPOS I  15:00 a 18:00 A 309  15:00 a 18:00 A 309  MARQUEZ VERDUZCO DAVID  1832  PSICOPATOLOGIA DE LA ADULTEZ  13:00 a 15:00 A 002  13:00 a 15:00 A 205  PROFESOR PENDIENTE LA CLASE ES IMPARTIDA POR LA DRA. SILVIA PLATAS ACEVEDO  1833  ALTERN.TERAPEUT.EN NI�OS Y ADOLESC.  18:00 a 20:00 A 205  18:00 a 20:00 A 205  JOYA LAUREANO LILIA  1834  INTERVENCION EN NI�OS I  12:00 a 14:00 A 311  09:00 a 13:00 A 311  CERVANTES BAZAN KARLA ALEJANDRA  LA PRáCTICA SE REALIZARá LOS JUEVES, A PARTIR DE ABRIL, EN EL CENTRO DE EXCELENCIA ACADéMICA EXCELA, UBICADA EN LA COL. DEL CARMEN, COYOACáN.  1837  SALUD COMUNITARIA Y EPIDEMIOLOGIA  17:00 a 20:00 A 101  GORDILLO MORENO TANIA  1838  TEMAS SELECT.EN PSICOL.DE LA SALUD  09:00 a 14:00 A 310  MARTINEZ BASURTO AIME EDITH  LA PRáCTICA EN ESCENARIO SE REALIZARá EN EL INSTITUTO NACIONAL DE ENFERMEDADES RESPIRATORIAS, A PARTIR DE MARZO.","Grupo 8401  CLAVE  ASIGNATURA  LUNES  MARTES  MIERCOLES  JUEVES  VIERNES  SABADO  PROFESOR  OBSERVACIONES  1827  PRINCIPIOS DEL COMPORTAM.ADICTIVO  12:00 a 14:00 A 102  12:00 a 15:00 A 102  MEDINA GUTIERREZ MIGUEL ANGEL  1831  PSICOGERONTOLOGIA  08:00 a 10:00 A 002  08:00 a 10:00 A 106  SOSA TORRALBA JANETT ESMERALDA  1835  PSICOPATOLOGIA DEL DESARR.INFANTIL  08:00 a 12:00 A 107  12:00 a 14:00 A 102  MANCILLA GOMEZ BLANCA ELENA  Grupo 8402  CLAVE  ASIGNATURA  LUNES  MARTES  MIERCOLES  JUEVES  VIERNES  SABADO  PROFESOR  OBSERVACIONES  1831  PSICOGERONTOLOGIA  09:00 a 11:00 A 003  09:00 a 11:00 A 003  PROFESOR PENDIENTE LA CLASE LA IMPARTE LA MTRA. ERIKA GUTIéRREZ MARTíNEZ  1838  TEMAS SELECT.EN PSICOL.DE LA SALUD  09:00 a 12:00 A 312  09:00 a 11:00 A 113  JUAREZ LOYA ANGELICA  Grupo 8403  CLAVE  ASIGNATURA  LUNES  MARTES  MIERCOLES  JUEVES  VIERNES  SABADO  PROFESOR  OBSERVACIONES  1832  PSICOPATOLOGIA DE LA ADULTEZ  11:00 a 15:00 A 110  MORA GUTIERREZ GERARDO  1834  INTERVENCION EN NI�OS I  11:00 a 14:00 A 310  11:00 a 14:00 A 310  BECERRIL PEREZ MARIA SANTOS  LA PRáCTICA SUPERVISADA EN ESCENARIO SE LLEVARá A CABO A MITAD DEL SEMESTRE, LOS MIéRCOLES, EN EL COLEGIO AGUSTíN GARCíA CONDE, TLALPAN.  1837  SALUD COMUNITARIA Y EPIDEMIOLOGIA  10:00 a 13:00 A 204  SOSA TORRALBA JANETT ESMERALDA  GRUPO CON PRáCTICA EN PROMOCIóN DE LA SALUD MENTAL COMUNITARIA, A PARTIR DE MAYO.  Grupo 8404  CLAVE  ASIGNATURA  LUNES  MARTES  MIERCOLES  JUEVES  VIERNES  SABADO  PROFESOR  OBSERVACIONES  1830  INTERVENCION EN GRUPOS I  08:00 a 14:00 A 313  PEREZ ESPINOSA JORGE ROGELIO  1832  PSICOPATOLOGIA DE LA ADULTEZ  10:00 a 11:00 Edif C Salon 3 11:00 a 14:00 Edif C Salon 3  ROSAS LANDA BAUTISTA HECTOR SEBASTIAN PROFESOR PENDIENTE LA CLASE ES IMPARTIDA POR EL DR. HéCTOR SEBASTIáN ROSAS LANDA BAUTISTA Y EL MTRO. JUAN MANUEL SANTIAGO MALDONADO  1837  SALUD COMUNITARIA Y EPIDEMIOLOGIA  09:00 a 12:00 Edif C Salon 2  DOMINGUEZ TREJO BENJAMIN  Grupo 8405  CLAVE  ASIGNATURA  LUNES  MARTES  MIERCOLES  JUEVES  VIERNES  SABADO  PROFESOR  OBSERVACIONES  1828  TEORIAS Y MODELOS DE PREVENCION I  11:00 a 14:00 A 101  12:00 a 14:00 A 101  GUTIERREZ LARA MARIANA  LA PRáCTICA EN ESCENARIO SE REALIZARá EN FACULTADES DE CIUDAD UNIVERSITARIA.  1833  ALTERN.TERAPEUT.EN NI�OS Y ADOLESC.  08:00 a 12:00 A 207  PEREZ AGUERO MARIA CRISTINA  1835  PSICOPATOLOGIA DEL DESARR.INFANTIL  08:00 a 14:00 A 211  AURON ZALTZMAN DAVID  1836  PROMOC.Y EDUCACION PARA LA SALUD  08:00 a 11:00 A 310  09:00 a 11:00 A 309  GONZALEZ SALAZAR LUZ MARIA  Grupo 8406  CLAVE  ASIGNATURA  LUNES  MARTES  MIERCOLES  JUEVES  VIERNES  SABADO  PROFESOR  OBSERVACIONES  1831  PSICOGERONTOLOGIA  12:00 a 14:00 A 314  12:00 a 14:00 A 314  GUERRERO LUNA ANGELINA  1832  PSICOPATOLOGIA DE LA ADULTEZ  08:00 a 12:00 A 313  SOTO CRISTOBAL GABRIEL  LA PRáCTICA SE LLEVARá A CABO EN EL CENTRO COMUNITARIO DR. JULIáN MACGREGOR Y SáNCHEZ NAVARRO, A MITAD DEL SEMESTRE.  1834  INTERVENCION EN NI�OS I  12:00 a 14:00 A 101  08:00 a 12:00 A 001  MANCILLA GOMEZ BLANCA ELENA  1835  PSICOPATOLOGIA DEL DESARR.INFANTIL  16:00 a 19:00 A 313  16:00 a 19:00 A 313  RUÍZ GONZÁLEZ VERÓNICA  1837  SALUD COMUNITARIA Y EPIDEMIOLOGIA  12:00 a 15:00 A 313  LOPEZ MONTOYA ALEJANDRA  Grupo 8407  CLAVE  ASIGNATURA  LUNES  MARTES  MIERCOLES  JUEVES  VIERNES  SABADO  PROFESOR  OBSERVACIONES  1828  TEORIAS Y MODELOS DE PREVENCION I  12:00 a 14:00 Edif C Salon 3  12:00 a 15:00 A 102  MEDINA GUTIERREZ MIGUEL ANGEL  1832  PSICOPATOLOGIA DE LA ADULTEZ  09:00 a 11:00 A 003  09:00 a 11:00 A 211  SANCHEZ SOSA JUAN JOSE  1833  ALTERN.TERAPEUT.EN NI�OS Y ADOLESC.  08:00 a 12:00 A 312  SUAREZ RODRIGUEZ KARLA  1834  INTERVENCION EN NI�OS I  16:00 a 19:00 A 211  10:00 a 13:00 A 101  HERNANDEZ ESTRADA LIZBETH ACOSTA GALVAN SAMUEL  LA PRáCTICA ESTARá A CARGO DEL MTRO. ACOSTA LOS SáBADOS Y SE REALIZARá EN LA OFICINA DE DEFENSORíA DE LOS DERECHOS DE LA INFANCIA (AV. UNIVERSIDAD 464 B, VéRTIZ NARVARTE, BJ). INICIARá EN MARZO.  1837  SALUD COMUNITARIA Y EPIDEMIOLOGIA  09:00 a 12:00 A 211  PROFESOR PENDIENTE LA CLASE ES IMPARTIDA POR LA MTRA. MARíA GUADALUPE VITAL CEDILLO  Grupo 8408  CLAVE  ASIGNATURA  LUNES  MARTES  MIERCOLES  JUEVES  VIERNES  SABADO  PROFESOR  OBSERVACIONES  1832  PSICOPATOLOGIA DE LA ADULTEZ  09:00 a 11:00 A 309  10:00 a 12:00 A 211  BARRERA GUTIERREZ JOSE LUIS  LA PRáCTICA EN ESCENARIO SE LLEVARá A CABO LOS VIERNES, INICIARá A MITAD DEL SEMESTRE Y TENDRá LUGAR EN LA RESIDENCIA MATEOS PORTILLO  1833  ALTERN.TERAPEUT.EN NI�OS Y ADOLESC.  13:00 a 15:00 A 308  13:00 a 15:00 A 002  HERNANDEZ TREJO LAURA AMADA  LA PRáCTICA EN ESCENARIO SE REALIZARá EN EL COLEGIO AGUSTíN GARCíA CONDE LOS DíAS LUNES, A PARTIR DE MARZO.  1835  PSICOPATOLOGIA DEL DESARR.INFANTIL  09:00 a 12:00 B 17  09:00 a 12:00 A 211  MONJARÁS RODRÍGUEZ MARÍA TERESA  LA PRáCTICA EN ESCENARIO SE REALIZARá LOS MIéRCOLES, A MITAD DEL SEMESTRE, EN EL JARDíN DE NIñOS ANA FRANK  Grupo 8409  CLAVE  ASIGNATURA  LUNES  MARTES  MIERCOLES  JUEVES  VIERNES  SABADO  PROFESOR  OBSERVACIONES  1831  PSICOGERONTOLOGIA  12:00 a 14:00 A 207  12:00 a 14:00 B 07  PROFESOR PENDIENTE LA CLASE ES IMPARTIDA POR LA MTRA. MARIANA OVIEDO GOMEZ  1834  INTERVENCION EN NI�OS I  16:00 a 19:00 A 003  16:00 a 19:00 A 003  HERNANDEZ TREJO LAURA AMADA  LA PRáCTICA EN ESCENARIO SE REALIZARá EN EL CENTRO COMUNITARIO DR. JULIáN MACGREGOR Y SáNCHEZ NAVARRO LOS DíAS JUEVES, A PARTIR DE MARZO.  1835  PSICOPATOLOGIA DEL DESARR.INFANTIL  08:00 a 11:00 A 110  09:00 a 12:00 A 205  VELEZ GARCIA ALICIA ELVIRA  LA ASIGNATURA SE IMPARTE CON UN ENFOQUE NEUROPSICOLóGICO.  1838  TEMAS SELECT.EN PSICOL.DE LA SALUD  09:00 a 14:00 A 312  LANDA RAMÍREZ EDGAR  PRáCTICA A PARTIR DE FEBRERO EN EL HOSPITAL GENERAL DR. MANUEL GEA GONZáLEZ. SE REQUIERE ESQUEMA COMPLETO DE VACUNACIóN CONTRA INFLUENZA Y COVID.  Grupo 8410  CLAVE  ASIGNATURA  LUNES  MARTES  MIERCOLES  JUEVES  VIERNES  SABADO  PROFESOR  OBSERVACIONES  1829  TOPICOS SELECTOS EN ADICCIONES  17:00 a 20:00 A 308  17:00 a 19:00 A 308  RODRIGUEZ DURAN CARLOS AUGUSTO  LA PRáCTICA EN ESCENARIO SE LLEVARá A CABO EN LA UNEME-CECOSAMA GUSTAVO A. ROVIROSA, EN COYOACáN (COL. PEDREGAL DE SANTA ÚRSULA), A MITAD DEL SEMESTRE.  1830  INTERVENCION EN GRUPOS I  15:00 a 21:00 A 314  VILLANUEVA OROZCO GERARDO BENJAMÍN TONATIUH  1832  PSICOPATOLOGIA DE LA ADULTEZ  15:00 a 19:00 A 301  ROSAS LANDA BAUTISTA HECTOR SEBASTIAN  1834  INTERVENCION EN NI�OS I  11:00 a 14:00 Escenario  11:00 a 14:00 Edif C Salon 3  PROFESOR PENDIENTE MTRA. VáZQUEZ (TEORíA) Y MTRA. TORAL (PRáCTICA). A PARTIR DE MARZO, AMBAS CLASES SE IMPARTIRáN EN EL CENTRO COMUNITARIO DR. JULIáN MACGREGOR Y SáNCHEZ NAVARRO.  1835  PSICOPATOLOGIA DEL DESARR.INFANTIL  11:00 a 14:00 Edif C Salon 3  12:00 a 15:00 A 204  AYALA MURGUIA DAVID FRANCISCO  Grupo 8411  CLAVE  ASIGNATURA  LUNES  MARTES  MIERCOLES  JUEVES  VIERNES  SABADO  PROFESOR  OBSERVACIONES  1827  PRINCIPIOS DEL COMPORTAM.ADICTIVO  08:00 a 13:00 A 206  PEREZ ROMERO LUIS ANGEL  1832  PSICOPATOLOGIA DE LA ADULTEZ  15:00 a 19:00 A 001  CHAPA ROMERO ANA CELIA  1833  ALTERN.TERAPEUT.EN NI�OS Y ADOLESC.  09:00 a 11:00 A 310  08:00 a 10:00 A 102  HERNANDEZ TREJO LAURA AMADA  A PRáCTICA EN ESCENARIO SE REALIZARá EN EL COLEGIO AGUSTíN GARCíA CONDE LOS DíAS LUNES, A PARTIR DE MARZO  1836  PROMOC.Y EDUCACION PARA LA SALUD  12:00 a 14:00 AULA PENDIENTE  12:00 a 15:00 A 110  BARRERA GUTIERREZ JOSE LUIS  1837  SALUD COMUNITARIA Y EPIDEMIOLOGIA  15:00 a 18:00 A 101  GAMIOCHIPI CANO MIREYA  Grupo 8412  CLAVE  ASIGNATURA  LUNES  MARTES  MIERCOLES  JUEVES  VIERNES  SABADO  PROFESOR  OBSERVACIONES  1830  INTERVENCION EN GRUPOS I  11:00 a 14:00 A 110  11:00 a 14:00 AULA PENDIENTE  MARQUEZ VERDUZCO DAVID  LOS DÍAS MARTES: LAS PRIMERAS SESIONES SE REALIZARAN EN LÍNEA, POSTERIORMENTE TRABAJARAN EN ESCENARIO 1832  PSICOPATOLOGIA DE LA ADULTEZ  08:00 a 12:00 Edif C Salon 4  CONTRERAS VALDEZ JOSE ALFREDO  1834  INTERVENCION EN NI�OS I  16:00 a 18:00 A 203  16:00 a 20:00 A 102  REYES GONZALEZ JOSE LUIS  1837  SALUD COMUNITARIA Y EPIDEMIOLOGIA  10:00 a 13:00 A 309  SOSA TORRALBA JANETT ESMERALDA  1838  TEMAS SELECT.EN PSICOL.DE LA SALUD  09:00 a 14:00 A 109  LANDA RAMÍREZ EDGAR  PRáCTICA A PARTIR DE FEBRERO EN EL HOSPITAL GENERAL DR. MANUEL GEA GONZáLEZ. SE REQUIERE ESQUEMA COMPLETO DE VACUNACIóN CONTRA INFLUENZA Y COVID.  Grupo 8413  CLAVE  ASIGNATURA  LUNES  MARTES  MIERCOLES  JUEVES  VIERNES  SABADO  PROFESOR  OBSERVACIONES  1828  TEORIAS Y MODELOS DE PREVENCION I  15:00 a 17:00 A 101  12:00 a 15:00 A 003  SANCHEZ XICOTENCATL CARLOS OMAR  1831  PSICOGERONTOLOGIA  17:00 a 19:00 A 113  17:00 a 19:00 A 001  PROFESOR PENDIENTE LA CLASE SERá IMPARTIDA POR LA MTRA. MARIANA OVIEDO GOMEZ  1833  ALTERN.TERAPEUT.EN NI�OS Y ADOLESC.  12:00 a 14:00 A 309  12:00 a 14:00 A 309  MACOUZET MENENDEZ BEATRIZ ALEJANDRA  GRUPO CON PRáCTICA EN ESCENARIO A PARTIR DE MARZO EN LA ESCUELA DE LANCASTER.  1837  SALUD COMUNITARIA Y EPIDEMIOLOGIA  16:00 a 19:00 A 302  PADILLA MARQUEZ XOCHITL BERENICE  Grupo 8414  CLAVE  ASIGNATURA  LUNES  MARTES  MIERCOLES  JUEVES  VIERNES  SABADO  PROFESOR  OBSERVACIONES  1829  TOPICOS SELECTOS EN ADICCIONES  17:00 a 19:00 A 309  17:00 a 20:00 A 309  FELIX ROMERO VIOLETA  LA PRáCTICA EN ESCENARIO SE REALIZARá LOS JUEVES, A PARTIR DE MARZO, EN EL CENTRO DE PREVENCIóN DE ADICCIONES DR. HéCTOR AYALA  1830  INTERVENCION EN GRUPOS I  09:00 a 12:00 A 308  11:00 a 14:00 A 310  GALAN LOPEZ QUETZAL NATALIA  LA PRáCTICA EN ESCENARIO SE REALIZARá LOS JUEVES, A PARTIR DE MARZO, EN LA FUNDACIóN MEXICANA PARA LA FIBROMIALGIA  1832  PSICOPATOLOGIA DE LA ADULTEZ  17:00 a 19:00 A 112  15:00 a 17:00 A 304  SANCHEZ XICOTENCATL CARLOS OMAR  1836  PROMOC.Y EDUCACION PARA LA SALUD  14:00 a 17:00 A 308  15:00 a 17:00 A 310  PROFESOR PENDIENTE LA CLASE ES IMPARTIDA POR LA DRA. CENTLI GUILLéN DíAZ-BARRIGA- LA PRáCTICA ESTá ENFOCADA EN DESARROLLAR UNA PROPUESTA DE INTERVENCIóN PSICOLóGICA BREVE PARA LA PREVENCIóN DEL VIH. VISITA A CLíNICA ESPECIALIZADA CONDESA.  1838  TEMAS SELECT.EN PSICOL.DE LA SALUD  09:00 a 14:00 Escenario  MARTINEZ BASURTO AIME EDITH  LAS PRIMERAS CLASES SERÁN EN LINEA, LA PRáCTICA EN ESCENARIO SE REALIZARá EN EL INSTITUTO NACIONAL DE ENFERMEDADES RESPIRATORIAS, A PARTIR DE MARZO.  Grupo 8415  CLAVE  ASIGNATURA  LUNES  MARTES  MIERCOLES  JUEVES  VIERNES  SABADO  PROFESOR  OBSERVACIONES  1830  INTERVENCION EN GRUPOS I  15:00 a 18:00 A 309  15:00 a 18:00 A 309  MARQUEZ VERDUZCO DAVID  1832  PSICOPATOLOGIA DE LA ADULTEZ  13:00 a 15:00 A 002  13:00 a 15:00 A 205  PROFESOR PENDIENTE LA CLASE ES IMPARTIDA POR LA DRA. SILVIA PLATAS ACEVEDO  1833  ALTERN.TERAPEUT.EN NI�OS Y ADOLESC.  18:00 a 20:00 A 205  18:00 a 20:00 A 205  JOYA LAUREANO LILIA  1834  INTERVENCION EN NI�OS I  12:00 a 14:00 A 311  09:00 a 13:00 A 311  CERVANTES BAZAN KARLA ALEJANDRA  LA PRáCTICA SE REALIZARá LOS JUEVES, A PARTIR DE ABRIL, EN EL CENTRO DE EXCELENCIA ACADéMICA EXCELA, UBICADA EN LA COL. DEL CARMEN, COYOACáN.  1837  SALUD COMUNITARIA Y EPIDEMIOLOGIA  17:00 a 20:00 A 101  GORDILLO MORENO TANIA  1838  TEMAS SELECT.EN PSICOL.DE LA SALUD  09:00 a 14:00 A 310  MARTINEZ BASURTO AIME EDITH  LA PRáCTICA EN ESCENARIO SE REALIZARá EN EL INSTITUTO NACIONAL DE ENFERMEDADES RESPIRATORIAS, A PARTIR DE MARZO.",,,,,,,,PSICOLOGIA CLINICA Y DE LA SALUD
Grupo 8401,Grupo 8401,Grupo 8401,Grupo 8401,Grupo 8401,Grupo 8401,Grupo 8401,Grupo 8401,Grupo 8401,Grupo 8401,PSICOLOGIA CLINICA Y DE LA SALUD
1827,PRINCIPIOS DEL COMPORTAM.ADICTIVO,12:00 a 14:00 A 102,,,,12:00 a 15:00 A 102,,MEDINA GUTIERREZ MIGUEL ANGEL,,PSICOLOGIA CLINICA Y DE LA SALUD
1831,PSICOGERONTOLOGIA,,08:00 a 10:00 A 002,,08:00 a 10:00 A 106,,,SOSA TORRALBA JANETT ESMERALDA,,PSICOLOGIA CLINICA Y DE LA SALUD
1835,PSICOPATOLOGIA DEL DESARR.INFANTIL,08:00 a 12:00 A 107,12:00 a 14:00 A 102,,,,,MANCILLA GOMEZ BLANCA ELENA,,PSICOLOGIA CLINICA Y DE LA SALUD
Grupo 8402,Grupo 8402,Grupo 8402,Grupo 8402,Grupo 8402,Grupo 8402,Grupo 8402,Grupo 8402,Grupo 8402,Grupo 8402,PSICOLOGIA CLINICA Y DE LA SALUD
1831,PSICOGERONTOLOGIA,,,,09:00 a 11:00 A 003,09:00 a 11:00 A 003,,PROFESOR PENDIENTE,LA CLASE LA IMPARTE LA MTRA. ERIKA GUTIéRREZ MARTíNEZ,PSICOLOGIA CLINICA Y DE LA SALUD
1838,TEMAS SELECT.EN PSICOL.DE LA SALUD,09:00 a 12:00 A 312,09:00 a 11:00 A 113,,,,,JUAREZ LOYA ANGELICA,,PSICOLOGIA CLINICA Y DE LA SALUD
Grupo 8403,Grupo 8403,Grupo 8403,Grupo 8403,Grupo 8403,Grupo 8403,Grupo 8403,Grupo 8403,Grupo 8403,Grupo 8403,PSICOLOGIA CLINICA Y DE LA SALUD
1832,PSICOPATOLOGIA DE LA ADULTEZ,,,,,11:00 a 15:00 A 110,,MORA GUTIERREZ GERARDO,,PSICOLOGIA CLINICA Y DE LA SALUD
1834,INTERVENCION EN NI�OS I,11:00 a 14:00 A 310,,11:00 a 14:00 A 310,,,,BECERRIL PEREZ MARIA SANTOS,"LA PRáCTICA SUPERVISADA EN ESCENARIO SE LLEVARá A CABO A MITAD DEL SEMESTRE, LOS MIéRCOLES, EN EL COLEGIO AGUSTíN GARCíA CONDE, TLALPAN.",PSICOLOGIA CLINICA Y DE LA SALUD
1837,SALUD COMUNITARIA Y EPIDEMIOLOGIA,,,,10:00 a 13:00 A 204,,,SOSA TORRALBA JANETT ESMERALDA,"GRUPO CON PRáCTICA EN PROMOCIóN DE LA SALUD MENTAL COMUNITARIA, A PARTIR DE MAYO.",PSICOLOGIA CLINICA Y DE LA SALUD
Grupo 8404,Grupo 8404,Grupo 8404,Grupo 8404,Grupo 8404,Grupo 8404,Grupo 8404,Grupo 8404,Grupo 8404,Grupo 8404,PSICOLOGIA CLINICA Y DE LA SALUD
1830,INTERVENCION EN GRUPOS I,,,,08:00 a 14:00 A 313,,,PEREZ ESPINOSA JORGE ROGELIO,,PSICOLOGIA CLINICA Y DE LA SALUD
1832,PSICOPATOLOGIA DE LA ADULTEZ,,,10:00 a 11:00 Edif C Salon 3 11:00 a 14:00 Edif C Salon 3,,,,ROSAS LANDA BAUTISTA HECTOR SEBASTIAN PROFESOR PENDIENTE,LA CLASE ES IMPARTIDA POR EL DR. HéCTOR SEBASTIáN ROSAS LANDA BAUTISTA Y EL MTRO. JUAN MANUEL SANTIAGO MALDONADO,PSICOLOGIA CLINICA Y DE LA SALUD
1837,SALUD COMUNITARIA Y EPIDEMIOLOGIA,09:00 a 12:00 Edif C Salon 2,,,,,,DOMINGUEZ TREJO BENJAMIN,,PSICOLOGIA CLINICA Y DE LA SALUD
Grupo 8405,Grupo 8405,Grupo 8405,Grupo 8405,Grupo 8405,Grupo 8405,Grupo 8405,Grupo 8405,Grupo 8405,Grupo 8405,PSICOLOGIA CLINICA Y DE LA SALUD
1828,TEORIAS Y MODELOS DE PREVENCION I,,11:00 a 14:00 A 101,12:00 a 14:00 A 101,,,,GUTIERREZ LARA MARIANA,LA PRáCTICA EN ESCENARIO SE REALIZARá EN FACULTADES DE CIUDAD UNIVERSITARIA.,PSICOLOGIA CLINICA Y DE LA SALUD
1833,ALTERN.TERAPEUT.EN NI�OS Y ADOLESC.,,,,,08:00 a 12:00 A 207,,PEREZ AGUERO MARIA CRISTINA,,PSICOLOGIA CLINICA Y DE LA SALUD
1835,PSICOPATOLOGIA DEL DESARR.INFANTIL,,,,,,08:00 a 14:00 A 211,AURON ZALTZMAN DAVID,,PSICOLOGIA CLINICA Y DE LA SALUD
1836,PROMOC.Y EDUCACION PARA LA SALUD,,,08:00 a 11:00 A 310,09:00 a 11:00 A 309,,,GONZALEZ SALAZAR LUZ MARIA,,PSICOLOGIA CLINICA Y DE LA SALUD
Grupo 8406,Grupo 8406,Grupo 8406,Grupo 8406,Grupo 8406,Grupo 8406,Grupo 8406,Grupo 8406,Grupo 8406,Grupo 8406,PSICOLOGIA CLINICA Y DE LA SALUD
1831,PSICOGERONTOLOGIA,,12:00 a 14:00 A 314,,12:00 a 14:00 A 314,,,GUERRERO LUNA ANGELINA,,PSICOLOGIA CLINICA Y DE LA SALUD
1832,PSICOPATOLOGIA DE LA ADULTEZ,,,08:00 a 12:00 A 313,,,,SOTO CRISTOBAL GABRIEL,"LA PRáCTICA SE LLEVARá A CABO EN EL CENTRO COMUNITARIO DR. JULIáN MACGREGOR Y SáNCHEZ NAVARRO, A MITAD DEL SEMESTRE.",PSICOLOGIA CLINICA Y DE LA SALUD
1834,INTERVENCION EN NI�OS I,12:00 a 14:00 A 101,08:00 a 12:00 A 001,,,,,MANCILLA GOMEZ BLANCA ELENA,,PSICOLOGIA CLINICA Y DE LA SALUD
1835,PSICOPATOLOGIA DEL DESARR.INFANTIL,16:00 a 19:00 A 313,,16:00 a 19:00 A 313,,,,RUÍZ GONZÁLEZ VERÓNICA,,PSICOLOGIA CLINICA Y DE LA SALUD
1837,SALUD COMUNITARIA Y EPIDEMIOLOGIA,,,12:00 a 15:00 A 313,,,,LOPEZ MONTOYA ALEJANDRA,,PSICOLOGIA CLINICA Y DE LA SALUD
Grupo 8407,Grupo 8407,Grupo 8407,Grupo 8407,Grupo 8407,Grupo 8407,Grupo 8407,Grupo 8407,Grupo 8407,Grupo 8407,PSICOLOGIA CLINICA Y DE LA SALUD
1828,TEORIAS Y MODELOS DE PREVENCION I,,12:00 a 14:00 Edif C Salon 3,,12:00 a 15:00 A 102,,,MEDINA GUTIERREZ MIGUEL ANGEL,,PSICOLOGIA CLINICA Y DE LA SALUD
1832,PSICOPATOLOGIA DE LA ADULTEZ,09:00 a 11:00 A 003,,09:00 a 11:00 A 211,,,,SANCHEZ SOSA JUAN JOSE,,PSICOLOGIA CLINICA Y DE LA SALUD
1833,ALTERN.TERAPEUT.EN NI�OS Y ADOLESC.,,,,08:00 a 12:00 A 312,,,SUAREZ RODRIGUEZ KARLA,,PSICOLOGIA CLINICA Y DE LA SALUD
1834,INTERVENCION EN NI�OS I,,,16:00 a 19:00 A 211,,,10:00 a 13:00 A 101,HERNANDEZ ESTRADA LIZBETH ACOSTA GALVAN SAMUEL,"LA PRáCTICA ESTARá A CARGO DEL MTRO. ACOSTA LOS SáBADOS Y SE REALIZARá EN LA OFICINA DE DEFENSORíA DE LOS DERECHOS DE LA INFANCIA (AV. UNIVERSIDAD 464 B, VéRTIZ NARVARTE, BJ). INICIARá EN MARZO.",PSICOLOGIA CLINICA Y DE LA SALUD
1837,SALUD COMUNITARIA Y EPIDEMIOLOGIA,,09:00 a 12:00 A 211,,,,,PROFESOR PENDIENTE,LA CLASE ES IMPARTIDA POR LA MTRA. MARíA GUADALUPE VITAL CEDILLO,PSICOLOGIA CLINICA Y DE LA SALUD
Grupo 8408,Grupo 8408,Grupo 8408,Grupo 8408,Grupo 8408,Grupo 8408,Grupo 8408,Grupo 8408,Grupo 8408,Grupo 8408,PSICOLOGIA CLINICA Y DE LA SALUD
1832,PSICOPATOLOGIA DE LA ADULTEZ,09:00 a 11:00 A 309,,,,10:00 a 12:00 A 211,,BARRERA GUTIERREZ JOSE LUIS,"LA PRáCTICA EN ESCENARIO SE LLEVARá A CABO LOS VIERNES, INICIARá A MITAD DEL SEMESTRE Y TENDRá LUGAR EN LA RESIDENCIA MATEOS PORTILLO",PSICOLOGIA CLINICA Y DE LA SALUD
1833,ALTERN.TERAPEUT.EN NI�OS Y ADOLESC.,13:00 a 15:00 A 308,,13:00 a 15:00 A 002,,,,HERNANDEZ TREJO LAURA AMADA,"LA PRáCTICA EN ESCENARIO SE REALIZARá EN EL COLEGIO AGUSTíN GARCíA CONDE LOS DíAS LUNES, A PARTIR DE MARZO.",PSICOLOGIA CLINICA Y DE LA SALUD
1835,PSICOPATOLOGIA DEL DESARR.INFANTIL,,,09:00 a 12:00 B 17,09:00 a 12:00 A 211,,,MONJARÁS RODRÍGUEZ MARÍA TERESA,"LA PRáCTICA EN ESCENARIO SE REALIZARá LOS MIéRCOLES, A MITAD DEL SEMESTRE, EN EL JARDíN DE NIñOS ANA FRANK",PSICOLOGIA CLINICA Y DE LA SALUD
Grupo 8409,Grupo 8409,Grupo 8409,Grupo 8409,Grupo 8409,Grupo 8409,Grupo 8409,Grupo 8409,Grupo 8409,Grupo 8409,PSICOLOGIA CLINICA Y DE LA SALUD
1831,PSICOGERONTOLOGIA,12:00 a 14:00 A 207,,,,12:00 a 14:00 B 07,,PROFESOR PENDIENTE,LA CLASE ES IMPARTIDA POR LA MTRA. MARIANA OVIEDO GOMEZ,PSICOLOGIA CLINICA Y DE LA SALUD
1834,INTERVENCION EN NI�OS I,,16:00 a 19:00 A 003,,16:00 a 19:00 A 003,,,HERNANDEZ TREJO LAURA AMADA,"LA PRáCTICA EN ESCENARIO SE REALIZARá EN EL CENTRO COMUNITARIO DR. JULIáN MACGREGOR Y SáNCHEZ NAVARRO LOS DíAS JUEVES, A PARTIR DE MARZO.",PSICOLOGIA CLINICA Y DE LA SALUD
1835,PSICOPATOLOGIA DEL DESARR.INFANTIL,,08:00 a 11:00 A 110,,09:00 a 12:00 A 205,,,VELEZ GARCIA ALICIA ELVIRA,LA ASIGNATURA SE IMPARTE CON UN ENFOQUE NEUROPSICOLóGICO.,PSICOLOGIA CLINICA Y DE LA SALUD
1838,TEMAS SELECT.EN PSICOL.DE LA SALUD,,,09:00 a 14:00 A 312,,,,LANDA RAMÍREZ EDGAR,PRáCTICA A PARTIR DE FEBRERO EN EL HOSPITAL GENERAL DR. MANUEL GEA GONZáLEZ. SE REQUIERE ESQUEMA COMPLETO DE VACUNACIóN CONTRA INFLUENZA Y COVID.,PSICOLOGIA CLINICA Y DE LA SALUD
Grupo 8410,Grupo 8410,Grupo 8410,Grupo 8410,Grupo 8410,Grupo 8410,Grupo 8410,Grupo 8410,Grupo 8410,Grupo 8410,PSICOLOGIA CLINICA Y DE LA SALUD
1829,TOPICOS SELECTOS EN ADICCIONES,17:00 a 20:00 A 308,17:00 a 19:00 A 308,,,,,RODRIGUEZ DURAN CARLOS AUGUSTO,"LA PRáCTICA EN ESCENARIO SE LLEVARá A CABO EN LA UNEME-CECOSAMA GUSTAVO A. ROVIROSA, EN COYOACáN (COL. PEDREGAL DE SANTA ÚRSULA), A MITAD DEL SEMESTRE.",PSICOLOGIA CLINICA Y DE LA SALUD
1830,INTERVENCION EN GRUPOS I,,,,15:00 a 21:00 A 314,,,VILLANUEVA OROZCO GERARDO BENJAMÍN TONATIUH,,PSICOLOGIA CLINICA Y DE LA SALUD
1832,PSICOPATOLOGIA DE LA ADULTEZ,,,15:00 a 19:00 A 301,,,,ROSAS LANDA BAUTISTA HECTOR SEBASTIAN,,PSICOLOGIA CLINICA Y DE LA SALUD
1834,INTERVENCION EN NI�OS I,,,,11:00 a 14:00 Escenario,11:00 a 14:00 Edif C Salon 3,,PROFESOR PENDIENTE,"MTRA. VáZQUEZ (TEORíA) Y MTRA. TORAL (PRáCTICA). A PARTIR DE MARZO, AMBAS CLASES SE IMPARTIRáN EN EL CENTRO COMUNITARIO DR. JULIáN MACGREGOR Y SáNCHEZ NAVARRO.",PSICOLOGIA CLINICA Y DE LA SALUD
1835,PSICOPATOLOGIA DEL DESARR.INFANTIL,11:00 a 14:00 Edif C Salon 3,,,,12:00 a 15:00 A 204,,AYALA MURGUIA DAVID FRANCISCO,,PSICOLOGIA CLINICA Y DE LA SALUD
Grupo 8411,Grupo 8411,Grupo 8411,Grupo 8411,Grupo 8411,Grupo 8411,Grupo 8411,Grupo 8411,Grupo 8411,Grupo 8411,PSICOLOGIA CLINICA Y DE LA SALUD
1827,PRINCIPIOS DEL COMPORTAM.ADICTIVO,,,,,08:00 a 13:00 A 206,,PEREZ ROMERO LUIS ANGEL,,PSICOLOGIA CLINICA Y DE LA SALUD
1832,PSICOPATOLOGIA DE LA ADULTEZ,,,15:00 a 19:00 A 001,,,,CHAPA ROMERO ANA CELIA,,PSICOLOGIA CLINICA Y DE LA SALUD
1833,ALTERN.TERAPEUT.EN NI�OS Y ADOLESC.,09:00 a 11:00 A 310,,08:00 a 10:00 A 102,,,,HERNANDEZ TREJO LAURA AMADA,"A PRáCTICA EN ESCENARIO SE REALIZARá EN EL COLEGIO AGUSTíN GARCíA CONDE LOS DíAS LUNES, A PARTIR DE MARZO",PSICOLOGIA CLINICA Y DE LA SALUD
1836,PROMOC.Y EDUCACION PARA LA SALUD,,12:00 a 14:00 AULA PENDIENTE,,12:00 a 15:00 A 110,,,BARRERA GUTIERREZ JOSE LUIS,,PSICOLOGIA CLINICA Y DE LA SALUD
1837,SALUD COMUNITARIA Y EPIDEMIOLOGIA,,,,,15:00 a 18:00 A 101,,GAMIOCHIPI CANO MIREYA,,PSICOLOGIA CLINICA Y DE LA SALUD
Grupo 8412,Grupo 8412,Grupo 8412,Grupo 8412,Grupo 8412,Grupo 8412,Grupo 8412,Grupo 8412,Grupo 8412,Grupo 8412,PSICOLOGIA CLINICA Y DE LA SALUD
1830,INTERVENCION EN GRUPOS I,11:00 a 14:00 A 110,11:00 a 14:00 AULA PENDIENTE,,,,,MARQUEZ VERDUZCO DAVID,"LOS DÍAS MARTES: LAS PRIMERAS SESIONES SE REALIZARAN EN LÍNEA, POSTERIORMENTE TRABAJARAN EN ESCENARIO",PSICOLOGIA CLINICA Y DE LA SALUD
1832,PSICOPATOLOGIA DE LA ADULTEZ,,,,08:00 a 12:00 Edif C Salon 4,,,CONTRERAS VALDEZ JOSE ALFREDO,,PSICOLOGIA CLINICA Y DE LA SALUD
1834,INTERVENCION EN NI�OS I,16:00 a 18:00 A 203,16:00 a 20:00 A 102,,,,,REYES GONZALEZ JOSE LUIS,,PSICOLOGIA CLINICA Y DE LA SALUD
1837,SALUD COMUNITARIA Y EPIDEMIOLOGIA,,,10:00 a 13:00 A 309,,,,SOSA TORRALBA JANETT ESMERALDA,,PSICOLOGIA CLINICA Y DE LA SALUD
1838,TEMAS SELECT.EN PSICOL.DE LA SALUD,,,,,09:00 a 14:00 A 109,,LANDA RAMÍREZ EDGAR,PRáCTICA A PARTIR DE FEBRERO EN EL HOSPITAL GENERAL DR. MANUEL GEA GONZáLEZ. SE REQUIERE ESQUEMA COMPLETO DE VACUNACIóN CONTRA INFLUENZA Y COVID.,PSICOLOGIA CLINICA Y DE LA SALUD
Grupo 8413,Grupo 8413,Grupo 8413,Grupo 8413,Grupo 8413,Grupo 8413,Grupo 8413,Grupo 8413,Grupo 8413,Grupo 8413,PSICOLOGIA CLINICA Y DE LA SALUD
1828,TEORIAS Y MODELOS DE PREVENCION I,15:00 a 17:00 A 101,,12:00 a 15:00 A 003,,,,SANCHEZ XICOTENCATL CARLOS OMAR,,PSICOLOGIA CLINICA Y DE LA SALUD
1831,PSICOGERONTOLOGIA,,17:00 a 19:00 A 113,,17:00 a 19:00 A 001,,,PROFESOR PENDIENTE,LA CLASE SERá IMPARTIDA POR LA MTRA. MARIANA OVIEDO GOMEZ,PSICOLOGIA CLINICA Y DE LA SALUD
1833,ALTERN.TERAPEUT.EN NI�OS Y ADOLESC.,,,,,12:00 a 14:00 A 309,12:00 a 14:00 A 309,MACOUZET MENENDEZ BEATRIZ ALEJANDRA,GRUPO CON PRáCTICA EN ESCENARIO A PARTIR DE MARZO EN LA ESCUELA DE LANCASTER.,PSICOLOGIA CLINICA Y DE LA SALUD
1837,SALUD COMUNITARIA Y EPIDEMIOLOGIA,,,16:00 a 19:00 A 302,,,,PADILLA MARQUEZ XOCHITL BERENICE,,PSICOLOGIA CLINICA Y DE LA SALUD
Grupo 8414,Grupo 8414,Grupo 8414,Grupo 8414,Grupo 8414,Grupo 8414,Grupo 8414,Grupo 8414,Grupo 8414,Grupo 8414,PSICOLOGIA CLINICA Y DE LA SALUD
1829,TOPICOS SELECTOS EN ADICCIONES,,17:00 a 19:00 A 309,,17:00 a 20:00 A 309,,,FELIX ROMERO VIOLETA,"LA PRáCTICA EN ESCENARIO SE REALIZARá LOS JUEVES, A PARTIR DE MARZO, EN EL CENTRO DE PREVENCIóN DE ADICCIONES DR. HéCTOR AYALA",PSICOLOGIA CLINICA Y DE LA SALUD
1830,INTERVENCION EN GRUPOS I,09:00 a 12:00 A 308,,,11:00 a 14:00 A 310,,,GALAN LOPEZ QUETZAL NATALIA,"LA PRáCTICA EN ESCENARIO SE REALIZARá LOS JUEVES, A PARTIR DE MARZO, EN LA FUNDACIóN MEXICANA PARA LA FIBROMIALGIA",PSICOLOGIA CLINICA Y DE LA SALUD
1832,PSICOPATOLOGIA DE LA ADULTEZ,17:00 a 19:00 A 112,,15:00 a 17:00 A 304,,,,SANCHEZ XICOTENCATL CARLOS OMAR,,PSICOLOGIA CLINICA Y DE LA SALUD
1836,PROMOC.Y EDUCACION PARA LA SALUD,,14:00 a 17:00 A 308,,,15:00 a 17:00 A 310,,PROFESOR PENDIENTE,LA CLASE ES IMPARTIDA POR LA DRA. CENTLI GUILLéN DíAZ-BARRIGA- LA PRáCTICA ESTá ENFOCADA EN DESARROLLAR UNA PROPUESTA DE INTERVENCIóN PSICOLóGICA BREVE PARA LA PREVENCIóN DEL VIH. VISITA A CLíNICA ESPECIALIZADA CONDESA.,PSICOLOGIA CLINICA Y DE LA SALUD
1838,TEMAS SELECT.EN PSICOL.DE LA SALUD,,,09:00 a 14:00 Escenario,,,,MARTINEZ BASURTO AIME EDITH,"LAS PRIMERAS CLASES SERÁN EN LINEA, LA PRáCTICA EN ESCENARIO SE REALIZARá EN EL INSTITUTO NACIONAL DE ENFERMEDADES RESPIRATORIAS, A PARTIR DE MARZO.",PSICOLOGIA CLINICA Y DE LA SALUD
Grupo 8415,Grupo 8415,Grupo 8415,Grupo 8415,Grupo 8415,Grupo 8415,Grupo 8415,Grupo 8415,Grupo 8415,Grupo 8415,PSICOLOGIA CLINICA Y DE LA SALUD
1830,INTERVENCION EN GRUPOS I,,,15:00 a 18:00 A 309,,15:00 a 18:00 A 309,,MARQUEZ VERDUZCO DAVID,,PSICOLOGIA CLINICA Y DE LA SALUD
1832,PSICOPATOLOGIA DE LA ADULTEZ,,13:00 a 15:00 A 002,13:00 a 15:00 A 205,,,,PROFESOR PENDIENTE,LA CLASE ES IMPARTIDA POR LA DRA. SILVIA PLATAS ACEVEDO,PSICOLOGIA CLINICA Y DE LA SALUD
1833,ALTERN.TERAPEUT.EN NI�OS Y ADOLESC.,,18:00 a 20:00 A 205,,18:00 a 20:00 A 205,,,JOYA LAUREANO LILIA,,PSICOLOGIA CLINICA Y DE LA SALUD
1834,INTERVENCION EN NI�OS I,12:00 a 14:00 A 311,,,09:00 a 13:00 A 311,,,CERVANTES BAZAN KARLA ALEJANDRA,"LA PRáCTICA SE REALIZARá LOS JUEVES, A PARTIR DE ABRIL, EN EL CENTRO DE EXCELENCIA ACADéMICA EXCELA, UBICADA EN LA COL. DEL CARMEN, COYOACáN.",PSICOLOGIA CLINICA Y DE LA SALUD
1837,SALUD COMUNITARIA Y EPIDEMIOLOGIA,17:00 a 20:00 A 101,,,,,,GORDILLO MORENO TANIA,,PSICOLOGIA CLINICA Y DE LA SALUD
1838,TEMAS SELECT.EN PSICOL.DE LA SALUD,,,,,09:00 a 14:00 A 310,,MARTINEZ BASURTO AIME EDITH,"LA PRáCTICA EN ESCENARIO SE REALIZARá EN EL INSTITUTO NACIONAL DE ENFERMEDADES RESPIRATORIAS, A PARTIR DE MARZO.",PSICOLOGIA CLINICA Y DE LA SALUD
Selecciona el semestre a consultar  ----------- 2do Semestre 	4to Semestre 	6to Semestre 	8vo Semestre  OPTATIVAS DE GENERO (Plan 2008)  OPTATIVAS,Selecciona el tipo de busqueda  ----------- Grupo 	Asignatura,Selecciona el campo del conocimiento  ----------- CIENCIAS COGNITIVAS Y DEL COMPORTAMIENTO 	PROCESOS PSICOSOCIALES Y CULTURALES 	PSICOBIOLOGIA Y NEUROCIENCIAS 	PSICOLOGIA CLINICA Y DE LA SALUD 	PSICOLOGIA DE LA EDUCACION 	PSICOLOGIA ORGANIZACIONAL 	CONTEXTUAL,,,,,,,,PSICOLOGIA DE LA EDUCACION
,,,,,,,,,,PSICOLOGIA DE LA EDUCACION
,,,,,,,,,,PSICOLOGIA DE LA EDUCACION
Grupo 8501  CLAVE  ASIGNATURA  LUNES  MARTES  MIERCOLES  JUEVES  VIERNES  SABADO  PROFESOR  OBSERVACIONES  1849  DESARROLLO CURRICULAR  13:00 a 16:00 A 102  FIGUEROA CAMPOS MILAGROS  1850  DISE�O DE MODELOS Y ESTRAT.EDUCAT.  16:00 a 19:00 A 102  MURIA VILA IRENE DANIELA  1852  ENSE�ANZA DE LA PSICOLOGIA  16:00 a 19:00 A 204  CARLOS GUZMAN JOSE JESUS  Grupo 8502  CLAVE  ASIGNATURA  LUNES  MARTES  MIERCOLES  JUEVES  VIERNES  SABADO  PROFESOR  OBSERVACIONES  1849  DESARROLLO CURRICULAR  09:00 a 12:00 A 204  ROJAS FERNANDEZ GILDA TERESA  1850  DISE�O DE MODELOS Y ESTRAT.EDUCAT.  11:00 a 14:00 A 314  RIGO LEMINI MARCO ANTONIO  1854  INTEGRACION I: ENFOQUE EDUCATIVO  14:00 a 17:00 A 001  POLO MARTINEZ FERNANDO JAVIER  1856  MODELOS DE EVALUAC. PSICOPEDAGOGICA  12:00 a 15:00 AULA PENDIENTE  HERNANDEZ QUINTERO JOSE  LA CLASE SE IMPARTIRá 100% A DISTANCIA​  Grupo 8503  CLAVE  ASIGNATURA  LUNES  MARTES  MIERCOLES  JUEVES  VIERNES  SABADO  PROFESOR  OBSERVACIONES  1853  INTEGRAC.EDUCATIV: ENFOQUES ACTUALS.  09:00 a 12:00 A 204  TRIGO CLAPES ANA LAURA  1855  INTERVEN.EN EDUCAC.EN LA DIVERSI. I  08:00 a 14:00 AULA PENDIENTE  08:00 a 14:00 AULA PENDIENTE  PROFESOR PENDIENTE LA ASIGNATURA SERÁ IMPARTIDA POR LA MTRA. CECILA MORALES GARDUÑO  1856  MODELOS DE EVALUAC. PSICOPEDAGOGICA  15:00 a 18:00 A 304  FIERRO LUNA FERNANDO  Grupo 8504  CLAVE  ASIGNATURA  LUNES  MARTES  MIERCOLES  JUEVES  VIERNES  SABADO  PROFESOR  OBSERVACIONES  1853  INTEGRAC.EDUCATIV: ENFOQUES ACTUALS.  12:00 a 15:00 A 204  SAAD DAYAN ELISA  1855  INTERVEN.EN EDUCAC.EN LA DIVERSI. I  17:00 a 20:00 UDEMAT Edif A  17:00 a 20:00 UDEMAT Edif A  10:00 a 16:00 A 204  GUTIERREZ BENJAMIN RAFAEL  1856  MODELOS DE EVALUAC. PSICOPEDAGOGICA  16:00 a 19:00 A 307  PROFESOR PENDIENTE LA ASIGNATURA SERÁ IMPARTIDA POR LA LIC. SHARON ELISCHEVA GARIN NUÑEZ  Grupo 8505  CLAVE  ASIGNATURA  LUNES  MARTES  MIERCOLES  JUEVES  VIERNES  SABADO  PROFESOR  OBSERVACIONES  1854  INTEGRACION I: ENFOQUE EDUCATIVO  11:00 a 14:00 A 201  FIERRO LUNA FERNANDO  1855  INTERVEN.EN EDUCAC.EN LA DIVERSI. I  09:00 a 15:00 Sal. Juntas 2 Edif B  09:00 a 15:00 Sal. Juntas 2 Edif B  SAAD DAYAN ELISA  1860  MODELOS DE ORIENTACION PSICOEDUCAT.  16:00 a 19:00 A 102  MURIA VILA IRENE DANIELA  Grupo 8506  CLAVE  ASIGNATURA  LUNES  MARTES  MIERCOLES  JUEVES  VIERNES  SABADO  PROFESOR  OBSERVACIONES  1854  INTEGRACION I: ENFOQUE EDUCATIVO  15:00 a 18:00 A 204  FIERRO LUNA FERNANDO  1858  FORMACION DE AGENTES EDUCATIVOS  11:00 a 14:00 A 202  PROFESOR PENDIENTE LA ASIGNATURA SERÁ IMPARTIDA POR LA LIC. SHARON ELISCHEVA GARIN NUÑEZ  1859  INTERVENC.EN PSICOLOGIA ESCOLAR I  09:00 a 15:00 URIDES 2 Edif C  09:00 a 15:00 URIDES 2 Edif C  LOPEZ BANDA EDMUNDO ANTONIO  INICIO DE ACTIVIDADES EN ESCENARIO: 3 DE MARZO  Grupo 8507  CLAVE  ASIGNATURA  LUNES  MARTES  MIERCOLES  JUEVES  VIERNES  SABADO  PROFESOR  OBSERVACIONES  1857  CONSTRUCC.DE CONOCIMIEN.ESCOLARES  10:00 a 13:00 A 205  DELGADO CERVANTES NORMA GEORGINA  1860  MODELOS DE ORIENTACION PSICOEDUCAT.  12:00 a 15:00 A 204  FIGUEROA CAMPOS MILAGROS  Grupo 8508  CLAVE  ASIGNATURA  LUNES  MARTES  MIERCOLES  JUEVES  VIERNES  SABADO  PROFESOR  OBSERVACIONES  1859  INTERVENC.EN PSICOLOGIA ESCOLAR I  08:00 a 14:00 AULA PENDIENTE  08:00 a 14:00 AULA PENDIENTE  PROFESOR PENDIENTE LA ASIGNATURA SERÁ IMPARTIDA POR EL MTRO. JAVIER ALATORRE RICO  Grupo 8509  CLAVE  ASIGNATURA  LUNES  MARTES  MIERCOLES  JUEVES  VIERNES  SABADO  PROFESOR  OBSERVACIONES  1859  INTERVENC.EN PSICOLOGIA ESCOLAR I  08:00 a 14:00 Sal. Juntas 1 Edif B  08:00 a 14:00 Sal. Juntas 1 Edif B  TRIGO CLAPES ANA LAURA  INICIO DE ACTIVIDADES EN ESCENARIO: 10 DE FEBRERO​  Grupo 8510  CLAVE  ASIGNATURA  LUNES  MARTES  MIERCOLES  JUEVES  VIERNES  SABADO  PROFESOR  OBSERVACIONES  1859  INTERVENC.EN PSICOLOGIA ESCOLAR I  09:00 a 15:00 AULA PENDIENTE  09:00 a 15:00 AULA PENDIENTE  PROFESOR PENDIENTE IMPARTIDA POR: DELGADO CERVANTES NORMA GEORGINA  Grupo 8511  CLAVE  ASIGNATURA  LUNES  MARTES  MIERCOLES  JUEVES  VIERNES  SABADO  PROFESOR  OBSERVACIONES  1859  INTERVENC.EN PSICOLOGIA ESCOLAR I  14:00 a 20:00 Escenario  14:00 a 20:00 Escenario  GUZMAN CEDILLO YUNUEN IXCHEL  Grupo 8512  CLAVE  ASIGNATURA  LUNES  MARTES  MIERCOLES  JUEVES  VIERNES  SABADO  PROFESOR  OBSERVACIONES  1859  INTERVENC.EN PSICOLOGIA ESCOLAR I  09:00 a 15:00 URIDES 3 Edif C  09:00 a 15:00 URIDES 3 Edif C  MORALES BAUTISTA MARIA LUISA  INICIO DE ACTIVIDADES EN ESCENARIO: 3 DE MARZO​  Grupo 8513  CLAVE  ASIGNATURA  LUNES  MARTES  MIERCOLES  JUEVES  VIERNES  SABADO  PROFESOR  OBSERVACIONES  1859  INTERVENC.EN PSICOLOGIA ESCOLAR I  08:00 a 14:00 Escenario  08:00 a 14:00 Escenario  MATA ROSAS FERNANDO  INICIO DE ACTIVIDADES EN ESCENARIO: 3 DE FEBRERO​,Grupo 8501  CLAVE  ASIGNATURA  LUNES  MARTES  MIERCOLES  JUEVES  VIERNES  SABADO  PROFESOR  OBSERVACIONES  1849  DESARROLLO CURRICULAR  13:00 a 16:00 A 102  FIGUEROA CAMPOS MILAGROS  1850  DISE�O DE MODELOS Y ESTRAT.EDUCAT.  16:00 a 19:00 A 102  MURIA VILA IRENE DANIELA  1852  ENSE�ANZA DE LA PSICOLOGIA  16:00 a 19:00 A 204  CARLOS GUZMAN JOSE JESUS  Grupo 8502  CLAVE  ASIGNATURA  LUNES  MARTES  MIERCOLES  JUEVES  VIERNES  SABADO  PROFESOR  OBSERVACIONES  1849  DESARROLLO CURRICULAR  09:00 a 12:00 A 204  ROJAS FERNANDEZ GILDA TERESA  1850  DISE�O DE MODELOS Y ESTRAT.EDUCAT.  11:00 a 14:00 A 314  RIGO LEMINI MARCO ANTONIO  1854  INTEGRACION I: ENFOQUE EDUCATIVO  14:00 a 17:00 A 001  POLO MARTINEZ FERNANDO JAVIER  1856  MODELOS DE EVALUAC. PSICOPEDAGOGICA  12:00 a 15:00 AULA PENDIENTE  HERNANDEZ QUINTERO JOSE  LA CLASE SE IMPARTIRá 100% A DISTANCIA​  Grupo 8503  CLAVE  ASIGNATURA  LUNES  MARTES  MIERCOLES  JUEVES  VIERNES  SABADO  PROFESOR  OBSERVACIONES  1853  INTEGRAC.EDUCATIV: ENFOQUES ACTUALS.  09:00 a 12:00 A 204  TRIGO CLAPES ANA LAURA  1855  INTERVEN.EN EDUCAC.EN LA DIVERSI. I  08:00 a 14:00 AULA PENDIENTE  08:00 a 14:00 AULA PENDIENTE  PROFESOR PENDIENTE LA ASIGNATURA SERÁ IMPARTIDA POR LA MTRA. CECILA MORALES GARDUÑO  1856  MODELOS DE EVALUAC. PSICOPEDAGOGICA  15:00 a 18:00 A 304  FIERRO LUNA FERNANDO  Grupo 8504  CLAVE  ASIGNATURA  LUNES  MARTES  MIERCOLES  JUEVES  VIERNES  SABADO  PROFESOR  OBSERVACIONES  1853  INTEGRAC.EDUCATIV: ENFOQUES ACTUALS.  12:00 a 15:00 A 204  SAAD DAYAN ELISA  1855  INTERVEN.EN EDUCAC.EN LA DIVERSI. I  17:00 a 20:00 UDEMAT Edif A  17:00 a 20:00 UDEMAT Edif A  10:00 a 16:00 A 204  GUTIERREZ BENJAMIN RAFAEL  1856  MODELOS DE EVALUAC. PSICOPEDAGOGICA  16:00 a 19:00 A 307  PROFESOR PENDIENTE LA ASIGNATURA SERÁ IMPARTIDA POR LA LIC. SHARON ELISCHEVA GARIN NUÑEZ  Grupo 8505  CLAVE  ASIGNATURA  LUNES  MARTES  MIERCOLES  JUEVES  VIERNES  SABADO  PROFESOR  OBSERVACIONES  1854  INTEGRACION I: ENFOQUE EDUCATIVO  11:00 a 14:00 A 201  FIERRO LUNA FERNANDO  1855  INTERVEN.EN EDUCAC.EN LA DIVERSI. I  09:00 a 15:00 Sal. Juntas 2 Edif B  09:00 a 15:00 Sal. Juntas 2 Edif B  SAAD DAYAN ELISA  1860  MODELOS DE ORIENTACION PSICOEDUCAT.  16:00 a 19:00 A 102  MURIA VILA IRENE DANIELA  Grupo 8506  CLAVE  ASIGNATURA  LUNES  MARTES  MIERCOLES  JUEVES  VIERNES  SABADO  PROFESOR  OBSERVACIONES  1854  INTEGRACION I: ENFOQUE EDUCATIVO  15:00 a 18:00 A 204  FIERRO LUNA FERNANDO  1858  FORMACION DE AGENTES EDUCATIVOS  11:00 a 14:00 A 202  PROFESOR PENDIENTE LA ASIGNATURA SERÁ IMPARTIDA POR LA LIC. SHARON ELISCHEVA GARIN NUÑEZ  1859  INTERVENC.EN PSICOLOGIA ESCOLAR I  09:00 a 15:00 URIDES 2 Edif C  09:00 a 15:00 URIDES 2 Edif C  LOPEZ BANDA EDMUNDO ANTONIO  INICIO DE ACTIVIDADES EN ESCENARIO: 3 DE MARZO  Grupo 8507  CLAVE  ASIGNATURA  LUNES  MARTES  MIERCOLES  JUEVES  VIERNES  SABADO  PROFESOR  OBSERVACIONES  1857  CONSTRUCC.DE CONOCIMIEN.ESCOLARES  10:00 a 13:00 A 205  DELGADO CERVANTES NORMA GEORGINA  1860  MODELOS DE ORIENTACION PSICOEDUCAT.  12:00 a 15:00 A 204  FIGUEROA CAMPOS MILAGROS  Grupo 8508  CLAVE  ASIGNATURA  LUNES  MARTES  MIERCOLES  JUEVES  VIERNES  SABADO  PROFESOR  OBSERVACIONES  1859  INTERVENC.EN PSICOLOGIA ESCOLAR I  08:00 a 14:00 AULA PENDIENTE  08:00 a 14:00 AULA PENDIENTE  PROFESOR PENDIENTE LA ASIGNATURA SERÁ IMPARTIDA POR EL MTRO. JAVIER ALATORRE RICO  Grupo 8509  CLAVE  ASIGNATURA  LUNES  MARTES  MIERCOLES  JUEVES  VIERNES  SABADO  PROFESOR  OBSERVACIONES  1859  INTERVENC.EN PSICOLOGIA ESCOLAR I  08:00 a 14:00 Sal. Juntas 1 Edif B  08:00 a 14:00 Sal. Juntas 1 Edif B  TRIGO CLAPES ANA LAURA  INICIO DE ACTIVIDADES EN ESCENARIO: 10 DE FEBRERO​  Grupo 8510  CLAVE  ASIGNATURA  LUNES  MARTES  MIERCOLES  JUEVES  VIERNES  SABADO  PROFESOR  OBSERVACIONES  1859  INTERVENC.EN PSICOLOGIA ESCOLAR I  09:00 a 15:00 AULA PENDIENTE  09:00 a 15:00 AULA PENDIENTE  PROFESOR PENDIENTE IMPARTIDA POR: DELGADO CERVANTES NORMA GEORGINA  Grupo 8511  CLAVE  ASIGNATURA  LUNES  MARTES  MIERCOLES  JUEVES  VIERNES  SABADO  PROFESOR  OBSERVACIONES  1859  INTERVENC.EN PSICOLOGIA ESCOLAR I  14:00 a 20:00 Escenario  14:00 a 20:00 Escenario  GUZMAN CEDILLO YUNUEN IXCHEL  Grupo 8512  CLAVE  ASIGNATURA  LUNES  MARTES  MIERCOLES  JUEVES  VIERNES  SABADO  PROFESOR  OBSERVACIONES  1859  INTERVENC.EN PSICOLOGIA ESCOLAR I  09:00 a 15:00 URIDES 3 Edif C  09:00 a 15:00 URIDES 3 Edif C  MORALES BAUTISTA MARIA LUISA  INICIO DE ACTIVIDADES EN ESCENARIO: 3 DE MARZO​  Grupo 8513  CLAVE  ASIGNATURA  LUNES  MARTES  MIERCOLES  JUEVES  VIERNES  SABADO  PROFESOR  OBSERVACIONES  1859  INTERVENC.EN PSICOLOGIA ESCOLAR I  08:00 a 14:00 Escenario  08:00 a 14:00 Escenario  MATA ROSAS FERNANDO  INICIO DE ACTIVIDADES EN ESCENARIO: 3 DE FEBRERO​,Grupo 8501  CLAVE  ASIGNATURA  LUNES  MARTES  MIERCOLES  JUEVES  VIERNES  SABADO  PROFESOR  OBSERVACIONES  1849  DESARROLLO CURRICULAR  13:00 a 16:00 A 102  FIGUEROA CAMPOS MILAGROS  1850  DISE�O DE MODELOS Y ESTRAT.EDUCAT.  16:00 a 19:00 A 102  MURIA VILA IRENE DANIELA  1852  ENSE�ANZA DE LA PSICOLOGIA  16:00 a 19:00 A 204  CARLOS GUZMAN JOSE JESUS  Grupo 8502  CLAVE  ASIGNATURA  LUNES  MARTES  MIERCOLES  JUEVES  VIERNES  SABADO  PROFESOR  OBSERVACIONES  1849  DESARROLLO CURRICULAR  09:00 a 12:00 A 204  ROJAS FERNANDEZ GILDA TERESA  1850  DISE�O DE MODELOS Y ESTRAT.EDUCAT.  11:00 a 14:00 A 314  RIGO LEMINI MARCO ANTONIO  1854  INTEGRACION I: ENFOQUE EDUCATIVO  14:00 a 17:00 A 001  POLO MARTINEZ FERNANDO JAVIER  1856  MODELOS DE EVALUAC. PSICOPEDAGOGICA  12:00 a 15:00 AULA PENDIENTE  HERNANDEZ QUINTERO JOSE  LA CLASE SE IMPARTIRá 100% A DISTANCIA​  Grupo 8503  CLAVE  ASIGNATURA  LUNES  MARTES  MIERCOLES  JUEVES  VIERNES  SABADO  PROFESOR  OBSERVACIONES  1853  INTEGRAC.EDUCATIV: ENFOQUES ACTUALS.  09:00 a 12:00 A 204  TRIGO CLAPES ANA LAURA  1855  INTERVEN.EN EDUCAC.EN LA DIVERSI. I  08:00 a 14:00 AULA PENDIENTE  08:00 a 14:00 AULA PENDIENTE  PROFESOR PENDIENTE LA ASIGNATURA SERÁ IMPARTIDA POR LA MTRA. CECILA MORALES GARDUÑO  1856  MODELOS DE EVALUAC. PSICOPEDAGOGICA  15:00 a 18:00 A 304  FIERRO LUNA FERNANDO  Grupo 8504  CLAVE  ASIGNATURA  LUNES  MARTES  MIERCOLES  JUEVES  VIERNES  SABADO  PROFESOR  OBSERVACIONES  1853  INTEGRAC.EDUCATIV: ENFOQUES ACTUALS.  12:00 a 15:00 A 204  SAAD DAYAN ELISA  1855  INTERVEN.EN EDUCAC.EN LA DIVERSI. I  17:00 a 20:00 UDEMAT Edif A  17:00 a 20:00 UDEMAT Edif A  10:00 a 16:00 A 204  GUTIERREZ BENJAMIN RAFAEL  1856  MODELOS DE EVALUAC. PSICOPEDAGOGICA  16:00 a 19:00 A 307  PROFESOR PENDIENTE LA ASIGNATURA SERÁ IMPARTIDA POR LA LIC. SHARON ELISCHEVA GARIN NUÑEZ  Grupo 8505  CLAVE  ASIGNATURA  LUNES  MARTES  MIERCOLES  JUEVES  VIERNES  SABADO  PROFESOR  OBSERVACIONES  1854  INTEGRACION I: ENFOQUE EDUCATIVO  11:00 a 14:00 A 201  FIERRO LUNA FERNANDO  1855  INTERVEN.EN EDUCAC.EN LA DIVERSI. I  09:00 a 15:00 Sal. Juntas 2 Edif B  09:00 a 15:00 Sal. Juntas 2 Edif B  SAAD DAYAN ELISA  1860  MODELOS DE ORIENTACION PSICOEDUCAT.  16:00 a 19:00 A 102  MURIA VILA IRENE DANIELA  Grupo 8506  CLAVE  ASIGNATURA  LUNES  MARTES  MIERCOLES  JUEVES  VIERNES  SABADO  PROFESOR  OBSERVACIONES  1854  INTEGRACION I: ENFOQUE EDUCATIVO  15:00 a 18:00 A 204  FIERRO LUNA FERNANDO  1858  FORMACION DE AGENTES EDUCATIVOS  11:00 a 14:00 A 202  PROFESOR PENDIENTE LA ASIGNATURA SERÁ IMPARTIDA POR LA LIC. SHARON ELISCHEVA GARIN NUÑEZ  1859  INTERVENC.EN PSICOLOGIA ESCOLAR I  09:00 a 15:00 URIDES 2 Edif C  09:00 a 15:00 URIDES 2 Edif C  LOPEZ BANDA EDMUNDO ANTONIO  INICIO DE ACTIVIDADES EN ESCENARIO: 3 DE MARZO  Grupo 8507  CLAVE  ASIGNATURA  LUNES  MARTES  MIERCOLES  JUEVES  VIERNES  SABADO  PROFESOR  OBSERVACIONES  1857  CONSTRUCC.DE CONOCIMIEN.ESCOLARES  10:00 a 13:00 A 205  DELGADO CERVANTES NORMA GEORGINA  1860  MODELOS DE ORIENTACION PSICOEDUCAT.  12:00 a 15:00 A 204  FIGUEROA CAMPOS MILAGROS  Grupo 8508  CLAVE  ASIGNATURA  LUNES  MARTES  MIERCOLES  JUEVES  VIERNES  SABADO  PROFESOR  OBSERVACIONES  1859  INTERVENC.EN PSICOLOGIA ESCOLAR I  08:00 a 14:00 AULA PENDIENTE  08:00 a 14:00 AULA PENDIENTE  PROFESOR PENDIENTE LA ASIGNATURA SERÁ IMPARTIDA POR EL MTRO. JAVIER ALATORRE RICO  Grupo 8509  CLAVE  ASIGNATURA  LUNES  MARTES  MIERCOLES  JUEVES  VIERNES  SABADO  PROFESOR  OBSERVACIONES  1859  INTERVENC.EN PSICOLOGIA ESCOLAR I  08:00 a 14:00 Sal. Juntas 1 Edif B  08:00 a 14:00 Sal. Juntas 1 Edif B  TRIGO CLAPES ANA LAURA  INICIO DE ACTIVIDADES EN ESCENARIO: 10 DE FEBRERO​  Grupo 8510  CLAVE  ASIGNATURA  LUNES  MARTES  MIERCOLES  JUEVES  VIERNES  SABADO  PROFESOR  OBSERVACIONES  1859  INTERVENC.EN PSICOLOGIA ESCOLAR I  09:00 a 15:00 AULA PENDIENTE  09:00 a 15:00 AULA PENDIENTE  PROFESOR PENDIENTE IMPARTIDA POR: DELGADO CERVANTES NORMA GEORGINA  Grupo 8511  CLAVE  ASIGNATURA  LUNES  MARTES  MIERCOLES  JUEVES  VIERNES  SABADO  PROFESOR  OBSERVACIONES  1859  INTERVENC.EN PSICOLOGIA ESCOLAR I  14:00 a 20:00 Escenario  14:00 a 20:00 Escenario  GUZMAN CEDILLO YUNUEN IXCHEL  Grupo 8512  CLAVE  ASIGNATURA  LUNES  MARTES  MIERCOLES  JUEVES  VIERNES  SABADO  PROFESOR  OBSERVACIONES  1859  INTERVENC.EN PSICOLOGIA ESCOLAR I  09:00 a 15:00 URIDES 3 Edif C  09:00 a 15:00 URIDES 3 Edif C  MORALES BAUTISTA MARIA LUISA  INICIO DE ACTIVIDADES EN ESCENARIO: 3 DE MARZO​  Grupo 8513  CLAVE  ASIGNATURA  LUNES  MARTES  MIERCOLES  JUEVES  VIERNES  SABADO  PROFESOR  OBSERVACIONES  1859  INTERVENC.EN PSICOLOGIA ESCOLAR I  08:00 a 14:00 Escenario  08:00 a 14:00 Escenario  MATA ROSAS FERNANDO  INICIO DE ACTIVIDADES EN ESCENARIO: 3 DE FEBRERO​,,,,,,,,PSICOLOGIA DE LA EDUCACION
Grupo 8501,Grupo 8501,Grupo 8501,Grupo 8501,Grupo 8501,Grupo 8501,Grupo 8501,Grupo 8501,Grupo 8501,Grupo 8501,PSICOLOGIA DE LA EDUCACION
1849,DESARROLLO CURRICULAR,,,13:00 a 16:00 A 102,,,,FIGUEROA CAMPOS MILAGROS,,PSICOLOGIA DE LA EDUCACION
1850,DISE�O DE MODELOS Y ESTRAT.EDUCAT.,16:00 a 19:00 A 102,,,,,,MURIA VILA IRENE DANIELA,,PSICOLOGIA DE LA EDUCACION
1852,ENSE�ANZA DE LA PSICOLOGIA,,16:00 a 19:00 A 204,,,,,CARLOS GUZMAN JOSE JESUS,,PSICOLOGIA DE LA EDUCACION
Grupo 8502,Grupo 8502,Grupo 8502,Grupo 8502,Grupo 8502,Grupo 8502,Grupo 8502,Grupo 8502,Grupo 8502,Grupo 8502,PSICOLOGIA DE LA EDUCACION
1849,DESARROLLO CURRICULAR,,,,,09:00 a 12:00 A 204,,ROJAS FERNANDEZ GILDA TERESA,,PSICOLOGIA DE LA EDUCACION
1850,DISE�O DE MODELOS Y ESTRAT.EDUCAT.,,,11:00 a 14:00 A 314,,,,RIGO LEMINI MARCO ANTONIO,,PSICOLOGIA DE LA EDUCACION
1854,INTEGRACION I: ENFOQUE EDUCATIVO,,,,14:00 a 17:00 A 001,,,POLO MARTINEZ FERNANDO JAVIER,,PSICOLOGIA DE LA EDUCACION
1856,MODELOS DE EVALUAC. PSICOPEDAGOGICA,12:00 a 15:00 AULA PENDIENTE,,,,,,HERNANDEZ QUINTERO JOSE,LA CLASE SE IMPARTIRá 100% A DISTANCIA​,PSICOLOGIA DE LA EDUCACION
Grupo 8503,Grupo 8503,Grupo 8503,Grupo 8503,Grupo 8503,Grupo 8503,Grupo 8503,Grupo 8503,Grupo 8503,Grupo 8503,PSICOLOGIA DE LA EDUCACION
1853,INTEGRAC.EDUCATIV: ENFOQUES ACTUALS.,09:00 a 12:00 A 204,,,,,,TRIGO CLAPES ANA LAURA,,PSICOLOGIA DE LA EDUCACION
1855,INTERVEN.EN EDUCAC.EN LA DIVERSI. I,,08:00 a 14:00 AULA PENDIENTE,,08:00 a 14:00 AULA PENDIENTE,,,PROFESOR PENDIENTE,LA ASIGNATURA SERÁ IMPARTIDA POR LA MTRA. CECILA MORALES GARDUÑO,PSICOLOGIA DE LA EDUCACION
1856,MODELOS DE EVALUAC. PSICOPEDAGOGICA,15:00 a 18:00 A 304,,,,,,FIERRO LUNA FERNANDO,,PSICOLOGIA DE LA EDUCACION
Grupo 8504,Grupo 8504,Grupo 8504,Grupo 8504,Grupo 8504,Grupo 8504,Grupo 8504,Grupo 8504,Grupo 8504,Grupo 8504,PSICOLOGIA DE LA EDUCACION
1853,INTEGRAC.EDUCATIV: ENFOQUES ACTUALS.,,,12:00 a 15:00 A 204,,,,SAAD DAYAN ELISA,,PSICOLOGIA DE LA EDUCACION
1855,INTERVEN.EN EDUCAC.EN LA DIVERSI. I,,17:00 a 20:00 UDEMAT Edif A,,17:00 a 20:00 UDEMAT Edif A,,10:00 a 16:00 A 204,GUTIERREZ BENJAMIN RAFAEL,,PSICOLOGIA DE LA EDUCACION
1856,MODELOS DE EVALUAC. PSICOPEDAGOGICA,,,16:00 a 19:00 A 307,,,,PROFESOR PENDIENTE,LA ASIGNATURA SERÁ IMPARTIDA POR LA LIC. SHARON ELISCHEVA GARIN NUÑEZ,PSICOLOGIA DE LA EDUCACION
Grupo 8505,Grupo 8505,Grupo 8505,Grupo 8505,Grupo 8505,Grupo 8505,Grupo 8505,Grupo 8505,Grupo 8505,Grupo 8505,PSICOLOGIA DE LA EDUCACION
1854,INTEGRACION I: ENFOQUE EDUCATIVO,,,11:00 a 14:00 A 201,,,,FIERRO LUNA FERNANDO,,PSICOLOGIA DE LA EDUCACION
1855,INTERVEN.EN EDUCAC.EN LA DIVERSI. I,,09:00 a 15:00 Sal. Juntas 2 Edif B,,09:00 a 15:00 Sal. Juntas 2 Edif B,,,SAAD DAYAN ELISA,,PSICOLOGIA DE LA EDUCACION
1860,MODELOS DE ORIENTACION PSICOEDUCAT.,,,16:00 a 19:00 A 102,,,,MURIA VILA IRENE DANIELA,,PSICOLOGIA DE LA EDUCACION
Grupo 8506,Grupo 8506,Grupo 8506,Grupo 8506,Grupo 8506,Grupo 8506,Grupo 8506,Grupo 8506,Grupo 8506,Grupo 8506,PSICOLOGIA DE LA EDUCACION
1854,INTEGRACION I: ENFOQUE EDUCATIVO,,,15:00 a 18:00 A 204,,,,FIERRO LUNA FERNANDO,,PSICOLOGIA DE LA EDUCACION
1858,FORMACION DE AGENTES EDUCATIVOS,,,11:00 a 14:00 A 202,,,,PROFESOR PENDIENTE,LA ASIGNATURA SERÁ IMPARTIDA POR LA LIC. SHARON ELISCHEVA GARIN NUÑEZ,PSICOLOGIA DE LA EDUCACION
1859,INTERVENC.EN PSICOLOGIA ESCOLAR I,,09:00 a 15:00 URIDES 2 Edif C,,09:00 a 15:00 URIDES 2 Edif C,,,LOPEZ BANDA EDMUNDO ANTONIO,INICIO DE ACTIVIDADES EN ESCENARIO: 3 DE MARZO,PSICOLOGIA DE LA EDUCACION
Grupo 8507,Grupo 8507,Grupo 8507,Grupo 8507,Grupo 8507,Grupo 8507,Grupo 8507,Grupo 8507,Grupo 8507,Grupo 8507,PSICOLOGIA DE LA EDUCACION
1857,CONSTRUCC.DE CONOCIMIEN.ESCOLARES,10:00 a 13:00 A 205,,,,,,DELGADO CERVANTES NORMA GEORGINA,,PSICOLOGIA DE LA EDUCACION
1860,MODELOS DE ORIENTACION PSICOEDUCAT.,,12:00 a 15:00 A 204,,,,,FIGUEROA CAMPOS MILAGROS,,PSICOLOGIA DE LA EDUCACION
Grupo 8508,Grupo 8508,Grupo 8508,Grupo 8508,Grupo 8508,Grupo 8508,Grupo 8508,Grupo 8508,Grupo 8508,Grupo 8508,PSICOLOGIA DE LA EDUCACION
1859,INTERVENC.EN PSICOLOGIA ESCOLAR I,,08:00 a 14:00 AULA PENDIENTE,,08:00 a 14:00 AULA PENDIENTE,,,PROFESOR PENDIENTE,LA ASIGNATURA SERÁ IMPARTIDA POR EL MTRO. JAVIER ALATORRE RICO,PSICOLOGIA DE LA EDUCACION
Grupo 8509,Grupo 8509,Grupo 8509,Grupo 8509,Grupo 8509,Grupo 8509,Grupo 8509,Grupo 8509,Grupo 8509,Grupo 8509,PSICOLOGIA DE LA EDUCACION
1859,INTERVENC.EN PSICOLOGIA ESCOLAR I,,08:00 a 14:00 Sal. Juntas 1 Edif B,,08:00 a 14:00 Sal. Juntas 1 Edif B,,,TRIGO CLAPES ANA LAURA,INICIO DE ACTIVIDADES EN ESCENARIO: 10 DE FEBRERO​,PSICOLOGIA DE LA EDUCACION
Grupo 8510,Grupo 8510,Grupo 8510,Grupo 8510,Grupo 8510,Grupo 8510,Grupo 8510,Grupo 8510,Grupo 8510,Grupo 8510,PSICOLOGIA DE LA EDUCACION
1859,INTERVENC.EN PSICOLOGIA ESCOLAR I,,09:00 a 15:00 AULA PENDIENTE,,09:00 a 15:00 AULA PENDIENTE,,,PROFESOR PENDIENTE,IMPARTIDA POR: DELGADO CERVANTES NORMA GEORGINA,PSICOLOGIA DE LA EDUCACION
Grupo 8511,Grupo 8511,Grupo 8511,Grupo 8511,Grupo 8511,Grupo 8511,Grupo 8511,Grupo 8511,Grupo 8511,Grupo 8511,PSICOLOGIA DE LA EDUCACION
1859,INTERVENC.EN PSICOLOGIA ESCOLAR I,,14:00 a 20:00 Escenario,,14:00 a 20:00 Escenario,,,GUZMAN CEDILLO YUNUEN IXCHEL,,PSICOLOGIA DE LA EDUCACION
Grupo 8512,Grupo 8512,Grupo 8512,Grupo 8512,Grupo 8512,Grupo 8512,Grupo 8512,Grupo 8512,Grupo 8512,Grupo 8512,PSICOLOGIA DE LA EDUCACION
1859,INTERVENC.EN PSICOLOGIA ESCOLAR I,,09:00 a 15:00 URIDES 3 Edif C,,09:00 a 15:00 URIDES 3 Edif C,,,MORALES BAUTISTA MARIA LUISA,INICIO DE ACTIVIDADES EN ESCENARIO: 3 DE MARZO​,PSICOLOGIA DE LA EDUCACION
Grupo 8513,Grupo 8513,Grupo 8513,Grupo 8513,Grupo 8513,Grupo 8513,Grupo 8513,Grupo 8513,Grupo 8513,Grupo 8513,PSICOLOGIA DE LA EDUCACION
1859,INTERVENC.EN PSICOLOGIA ESCOLAR I,,08:00 a 14:00 Escenario,,08:00 a 14:00 Escenario,,,MATA ROSAS FERNANDO,INICIO DE ACTIVIDADES EN ESCENARIO: 3 DE FEBRERO​,PSICOLOGIA DE LA EDUCACION
Selecciona el semestre a consultar  ----------- 2do Semestre 	4to Semestre 	6to Semestre 	8vo Semestre  OPTATIVAS DE GENERO (Plan 2008)  OPTATIVAS,Selecciona el tipo de busqueda  ----------- Grupo 	Asignatura,Selecciona el campo del conocimiento  ----------- CIENCIAS COGNITIVAS Y DEL COMPORTAMIENTO 	PROCESOS PSICOSOCIALES Y CULTURALES 	PSICOBIOLOGIA Y NEUROCIENCIAS 	PSICOLOGIA CLINICA Y DE LA SALUD 	PSICOLOGIA DE LA EDUCACION 	PSICOLOGIA ORGANIZACIONAL 	CONTEXTUAL,,,,,,,,PSICOLOGIA ORGANIZACIONAL
,,,,,,,,,,PSICOLOGIA ORGANIZACIONAL
,,,,,,,,,,PSICOLOGIA ORGANIZACIONAL
"Grupo 8601  CLAVE  ASIGNATURA  LUNES  MARTES  MIERCOLES  JUEVES  VIERNES  SABADO  PROFESOR  OBSERVACIONES  1841  FORMACION DE DIRECTIVOS  09:00 a 12:00 A 113  RIVERA GARCIA JORGE LUIS  1845  PROCESOS DE MEJORA CONTINUA  09:00 a 12:00 A 314  REYES DOMINGUEZ DAVID RAUNEL  1847  INVESTIGACION DE MERCADO  08:00 a 11:00 A 314  ONGAY VALLE MIRNA ROCIO  1848  METROLOGIA PSICOLOGICA  12:00 a 15:00 A 211  RIVERA GARCIA JORGE LUIS  Grupo 8602  CLAVE  ASIGNATURA  LUNES  MARTES  MIERCOLES  JUEVES  VIERNES  SABADO  PROFESOR  OBSERVACIONES  1840  DESARROLLO DE EQUIPOS DE TRABAJO  12:00 a 15:00 A 205  SOUZA COLIN ERIKA  1843  PSICOLOG.DE LA SALUD EN ELTRABAJO  08:00 a 11:00 A 301  MARTINEZ MEJIA EMMANUEL  1844  CALIDAD,PRODUCTIV.Y COMPETITIVID.  09:00 a 12:00 Edif C Salon 4  REYES DOMINGUEZ DAVID RAUNEL  1847  INVESTIGACION DE MERCADO  10:00 a 13:00 A 307  MUÑOZ PERTIERRA MERCEDES XOCHITL  Grupo 8603  CLAVE  ASIGNATURA  LUNES  MARTES  MIERCOLES  JUEVES  VIERNES  SABADO  PROFESOR  OBSERVACIONES  1839  CULTURA Y COMPORTAMIENTO ORGANIZAC.  08:00 a 11:00 A 301  PUENTE LOMELIN ARTURO  1841  FORMACION DE DIRECTIVOS  07:00 a 10:00 A 204  MUÑOZ PERTIERRA MERCEDES XOCHITL  1842  IMPACTO PSICOSOCIAL DE LS EMPRESAS  11:00 a 14:00 A 301  GARCIA SAISO ALEJANDRA  1843  PSICOLOG.DE LA SALUD EN ELTRABAJO  11:00 a 14:00 A 207  GARCIA SAISO ALEJANDRA  1847  INVESTIGACION DE MERCADO  08:00 a 11:00 B 17  ONGAY VALLE MIRNA ROCIO  1848  METROLOGIA PSICOLOGICA  12:00 a 15:00 A 204  SALVADOR GINEZ OCTAVIO  Grupo 8604  CLAVE  ASIGNATURA  LUNES  MARTES  MIERCOLES  JUEVES  VIERNES  SABADO  PROFESOR  OBSERVACIONES  1840  DESARROLLO DE EQUIPOS DE TRABAJO  12:00 a 15:00 B 07  SOUZA COLIN ERIKA  1841  FORMACION DE DIRECTIVOS  11:00 a 14:00 A 211  LOZADA VAZQUEZ RICARDO ALBERTO  1846  INTRODUCCION A LA MERCADOTECNIA  08:00 a 11:00 A 102  ONGAY VALLE MIRNA ROCIO  Grupo 8605  CLAVE  ASIGNATURA  LUNES  MARTES  MIERCOLES  JUEVES  VIERNES  SABADO  PROFESOR  OBSERVACIONES  1842  IMPACTO PSICOSOCIAL DE LS EMPRESAS  11:00 a 14:00 Edif C Salon 1  PATLAN PEREZ JUANA  1845  PROCESOS DE MEJORA CONTINUA  12:00 a 15:00 Edif C Salon 1  PATLAN PEREZ JUANA  1846  INTRODUCCION A LA MERCADOTECNIA  08:00 a 11:00 A 304  ONGAY VALLE MIRNA ROCIO  Grupo 8606  CLAVE  ASIGNATURA  LUNES  MARTES  MIERCOLES  JUEVES  VIERNES  SABADO  PROFESOR  OBSERVACIONES  1843  PSICOLOG.DE LA SALUD EN ELTRABAJO  09:00 a 12:00 A 302  PENICHE AMANTE RODRIGO  1846  INTRODUCCION A LA MERCADOTECNIA  07:00 a 10:00 A 314  MUÑOZ PERTIERRA MERCEDES XOCHITL  Grupo 8607  CLAVE  ASIGNATURA  LUNES  MARTES  MIERCOLES  JUEVES  VIERNES  SABADO  PROFESOR  OBSERVACIONES  1841  FORMACION DE DIRECTIVOS  16:00 a 19:00 A 302  RIVERA GARCIA JORGE LUIS  1845  PROCESOS DE MEJORA CONTINUA  17:00 a 20:00 Edif C Salon 3  TIERRABLANCA BERMUDEZ JEANNETTE BERENICE  1846  INTRODUCCION A LA MERCADOTECNIA  15:00 a 18:00 A 314  PENICHE AMANTE RODRIGO  1847  INVESTIGACION DE MERCADO  15:00 a 18:00 A 201  PENICHE AMANTE RODRIGO  1848  METROLOGIA PSICOLOGICA  16:00 a 19:00 A 314  SALVADOR GINEZ OCTAVIO  Grupo 8608  CLAVE  ASIGNATURA  LUNES  MARTES  MIERCOLES  JUEVES  VIERNES  SABADO  PROFESOR  OBSERVACIONES  1839  CULTURA Y COMPORTAMIENTO ORGANIZAC.  16:00 a 19:00 B 17  GARCIA SAISO ALEJANDRA  1843  PSICOLOG.DE LA SALUD EN ELTRABAJO  16:00 a 19:00 B 17  GARCIA SAISO ALEJANDRA  Grupo 8609  CLAVE  ASIGNATURA  LUNES  MARTES  MIERCOLES  JUEVES  VIERNES  SABADO  PROFESOR  OBSERVACIONES  1839  CULTURA Y COMPORTAMIENTO ORGANIZAC.  17:00 a 20:00 A 202  PATLAN PEREZ JUANA  1840  DESARROLLO DE EQUIPOS DE TRABAJO  16:00 a 19:00 A 202  PROFESOR PENDIENTE LA ASIGNATURA SERá IMPARTIDA POR LA MTRA. ABIGAIL PéREZ AGUILAR  1842  IMPACTO PSICOSOCIAL DE LS EMPRESAS  15:00 a 18:00 A 202  MARTINEZ MEJIA EMMANUEL  1843  PSICOLOG.DE LA SALUD EN ELTRABAJO  16:00 a 19:00 A 202  RIVERA GARCIA JORGE LUIS  Grupo 8610  CLAVE  ASIGNATURA  LUNES  MARTES  MIERCOLES  JUEVES  VIERNES  SABADO  PROFESOR  OBSERVACIONES  1841  FORMACION DE DIRECTIVOS  17:00 a 20:00 Edif C Salon 4  PROFESOR PENDIENTE LA ASIGNATURA SERá IMPARTIDA POR EL DR. VíCTOR SERRANO GARCíA 1844  CALIDAD,PRODUCTIV.Y COMPETITIVID.  17:00 a 20:00 Edif C Salon 4  TIERRABLANCA BERMUDEZ JEANNETTE BERENICE","Grupo 8601  CLAVE  ASIGNATURA  LUNES  MARTES  MIERCOLES  JUEVES  VIERNES  SABADO  PROFESOR  OBSERVACIONES  1841  FORMACION DE DIRECTIVOS  09:00 a 12:00 A 113  RIVERA GARCIA JORGE LUIS  1845  PROCESOS DE MEJORA CONTINUA  09:00 a 12:00 A 314  REYES DOMINGUEZ DAVID RAUNEL  1847  INVESTIGACION DE MERCADO  08:00 a 11:00 A 314  ONGAY VALLE MIRNA ROCIO  1848  METROLOGIA PSICOLOGICA  12:00 a 15:00 A 211  RIVERA GARCIA JORGE LUIS  Grupo 8602  CLAVE  ASIGNATURA  LUNES  MARTES  MIERCOLES  JUEVES  VIERNES  SABADO  PROFESOR  OBSERVACIONES  1840  DESARROLLO DE EQUIPOS DE TRABAJO  12:00 a 15:00 A 205  SOUZA COLIN ERIKA  1843  PSICOLOG.DE LA SALUD EN ELTRABAJO  08:00 a 11:00 A 301  MARTINEZ MEJIA EMMANUEL  1844  CALIDAD,PRODUCTIV.Y COMPETITIVID.  09:00 a 12:00 Edif C Salon 4  REYES DOMINGUEZ DAVID RAUNEL  1847  INVESTIGACION DE MERCADO  10:00 a 13:00 A 307  MUÑOZ PERTIERRA MERCEDES XOCHITL  Grupo 8603  CLAVE  ASIGNATURA  LUNES  MARTES  MIERCOLES  JUEVES  VIERNES  SABADO  PROFESOR  OBSERVACIONES  1839  CULTURA Y COMPORTAMIENTO ORGANIZAC.  08:00 a 11:00 A 301  PUENTE LOMELIN ARTURO  1841  FORMACION DE DIRECTIVOS  07:00 a 10:00 A 204  MUÑOZ PERTIERRA MERCEDES XOCHITL  1842  IMPACTO PSICOSOCIAL DE LS EMPRESAS  11:00 a 14:00 A 301  GARCIA SAISO ALEJANDRA  1843  PSICOLOG.DE LA SALUD EN ELTRABAJO  11:00 a 14:00 A 207  GARCIA SAISO ALEJANDRA  1847  INVESTIGACION DE MERCADO  08:00 a 11:00 B 17  ONGAY VALLE MIRNA ROCIO  1848  METROLOGIA PSICOLOGICA  12:00 a 15:00 A 204  SALVADOR GINEZ OCTAVIO  Grupo 8604  CLAVE  ASIGNATURA  LUNES  MARTES  MIERCOLES  JUEVES  VIERNES  SABADO  PROFESOR  OBSERVACIONES  1840  DESARROLLO DE EQUIPOS DE TRABAJO  12:00 a 15:00 B 07  SOUZA COLIN ERIKA  1841  FORMACION DE DIRECTIVOS  11:00 a 14:00 A 211  LOZADA VAZQUEZ RICARDO ALBERTO  1846  INTRODUCCION A LA MERCADOTECNIA  08:00 a 11:00 A 102  ONGAY VALLE MIRNA ROCIO  Grupo 8605  CLAVE  ASIGNATURA  LUNES  MARTES  MIERCOLES  JUEVES  VIERNES  SABADO  PROFESOR  OBSERVACIONES  1842  IMPACTO PSICOSOCIAL DE LS EMPRESAS  11:00 a 14:00 Edif C Salon 1  PATLAN PEREZ JUANA  1845  PROCESOS DE MEJORA CONTINUA  12:00 a 15:00 Edif C Salon 1  PATLAN PEREZ JUANA  1846  INTRODUCCION A LA MERCADOTECNIA  08:00 a 11:00 A 304  ONGAY VALLE MIRNA ROCIO  Grupo 8606  CLAVE  ASIGNATURA  LUNES  MARTES  MIERCOLES  JUEVES  VIERNES  SABADO  PROFESOR  OBSERVACIONES  1843  PSICOLOG.DE LA SALUD EN ELTRABAJO  09:00 a 12:00 A 302  PENICHE AMANTE RODRIGO  1846  INTRODUCCION A LA MERCADOTECNIA  07:00 a 10:00 A 314  MUÑOZ PERTIERRA MERCEDES XOCHITL  Grupo 8607  CLAVE  ASIGNATURA  LUNES  MARTES  MIERCOLES  JUEVES  VIERNES  SABADO  PROFESOR  OBSERVACIONES  1841  FORMACION DE DIRECTIVOS  16:00 a 19:00 A 302  RIVERA GARCIA JORGE LUIS  1845  PROCESOS DE MEJORA CONTINUA  17:00 a 20:00 Edif C Salon 3  TIERRABLANCA BERMUDEZ JEANNETTE BERENICE  1846  INTRODUCCION A LA MERCADOTECNIA  15:00 a 18:00 A 314  PENICHE AMANTE RODRIGO  1847  INVESTIGACION DE MERCADO  15:00 a 18:00 A 201  PENICHE AMANTE RODRIGO  1848  METROLOGIA PSICOLOGICA  16:00 a 19:00 A 314  SALVADOR GINEZ OCTAVIO  Grupo 8608  CLAVE  ASIGNATURA  LUNES  MARTES  MIERCOLES  JUEVES  VIERNES  SABADO  PROFESOR  OBSERVACIONES  1839  CULTURA Y COMPORTAMIENTO ORGANIZAC.  16:00 a 19:00 B 17  GARCIA SAISO ALEJANDRA  1843  PSICOLOG.DE LA SALUD EN ELTRABAJO  16:00 a 19:00 B 17  GARCIA SAISO ALEJANDRA  Grupo 8609  CLAVE  ASIGNATURA  LUNES  MARTES  MIERCOLES  JUEVES  VIERNES  SABADO  PROFESOR  OBSERVACIONES  1839  CULTURA Y COMPORTAMIENTO ORGANIZAC.  17:00 a 20:00 A 202  PATLAN PEREZ JUANA  1840  DESARROLLO DE EQUIPOS DE TRABAJO  16:00 a 19:00 A 202  PROFESOR PENDIENTE LA ASIGNATURA SERá IMPARTIDA POR LA MTRA. ABIGAIL PéREZ AGUILAR  1842  IMPACTO PSICOSOCIAL DE LS EMPRESAS  15:00 a 18:00 A 202  MARTINEZ MEJIA EMMANUEL  1843  PSICOLOG.DE LA SALUD EN ELTRABAJO  16:00 a 19:00 A 202  RIVERA GARCIA JORGE LUIS  Grupo 8610  CLAVE  ASIGNATURA  LUNES  MARTES  MIERCOLES  JUEVES  VIERNES  SABADO  PROFESOR  OBSERVACIONES  1841  FORMACION DE DIRECTIVOS  17:00 a 20:00 Edif C Salon 4  PROFESOR PENDIENTE LA ASIGNATURA SERá IMPARTIDA POR EL DR. VíCTOR SERRANO GARCíA 1844  CALIDAD,PRODUCTIV.Y COMPETITIVID.  17:00 a 20:00 Edif C Salon 4  TIERRABLANCA BERMUDEZ JEANNETTE BERENICE","Grupo 8601  CLAVE  ASIGNATURA  LUNES  MARTES  MIERCOLES  JUEVES  VIERNES  SABADO  PROFESOR  OBSERVACIONES  1841  FORMACION DE DIRECTIVOS  09:00 a 12:00 A 113  RIVERA GARCIA JORGE LUIS  1845  PROCESOS DE MEJORA CONTINUA  09:00 a 12:00 A 314  REYES DOMINGUEZ DAVID RAUNEL  1847  INVESTIGACION DE MERCADO  08:00 a 11:00 A 314  ONGAY VALLE MIRNA ROCIO  1848  METROLOGIA PSICOLOGICA  12:00 a 15:00 A 211  RIVERA GARCIA JORGE LUIS  Grupo 8602  CLAVE  ASIGNATURA  LUNES  MARTES  MIERCOLES  JUEVES  VIERNES  SABADO  PROFESOR  OBSERVACIONES  1840  DESARROLLO DE EQUIPOS DE TRABAJO  12:00 a 15:00 A 205  SOUZA COLIN ERIKA  1843  PSICOLOG.DE LA SALUD EN ELTRABAJO  08:00 a 11:00 A 301  MARTINEZ MEJIA EMMANUEL  1844  CALIDAD,PRODUCTIV.Y COMPETITIVID.  09:00 a 12:00 Edif C Salon 4  REYES DOMINGUEZ DAVID RAUNEL  1847  INVESTIGACION DE MERCADO  10:00 a 13:00 A 307  MUÑOZ PERTIERRA MERCEDES XOCHITL  Grupo 8603  CLAVE  ASIGNATURA  LUNES  MARTES  MIERCOLES  JUEVES  VIERNES  SABADO  PROFESOR  OBSERVACIONES  1839  CULTURA Y COMPORTAMIENTO ORGANIZAC.  08:00 a 11:00 A 301  PUENTE LOMELIN ARTURO  1841  FORMACION DE DIRECTIVOS  07:00 a 10:00 A 204  MUÑOZ PERTIERRA MERCEDES XOCHITL  1842  IMPACTO PSICOSOCIAL DE LS EMPRESAS  11:00 a 14:00 A 301  GARCIA SAISO ALEJANDRA  1843  PSICOLOG.DE LA SALUD EN ELTRABAJO  11:00 a 14:00 A 207  GARCIA SAISO ALEJANDRA  1847  INVESTIGACION DE MERCADO  08:00 a 11:00 B 17  ONGAY VALLE MIRNA ROCIO  1848  METROLOGIA PSICOLOGICA  12:00 a 15:00 A 204  SALVADOR GINEZ OCTAVIO  Grupo 8604  CLAVE  ASIGNATURA  LUNES  MARTES  MIERCOLES  JUEVES  VIERNES  SABADO  PROFESOR  OBSERVACIONES  1840  DESARROLLO DE EQUIPOS DE TRABAJO  12:00 a 15:00 B 07  SOUZA COLIN ERIKA  1841  FORMACION DE DIRECTIVOS  11:00 a 14:00 A 211  LOZADA VAZQUEZ RICARDO ALBERTO  1846  INTRODUCCION A LA MERCADOTECNIA  08:00 a 11:00 A 102  ONGAY VALLE MIRNA ROCIO  Grupo 8605  CLAVE  ASIGNATURA  LUNES  MARTES  MIERCOLES  JUEVES  VIERNES  SABADO  PROFESOR  OBSERVACIONES  1842  IMPACTO PSICOSOCIAL DE LS EMPRESAS  11:00 a 14:00 Edif C Salon 1  PATLAN PEREZ JUANA  1845  PROCESOS DE MEJORA CONTINUA  12:00 a 15:00 Edif C Salon 1  PATLAN PEREZ JUANA  1846  INTRODUCCION A LA MERCADOTECNIA  08:00 a 11:00 A 304  ONGAY VALLE MIRNA ROCIO  Grupo 8606  CLAVE  ASIGNATURA  LUNES  MARTES  MIERCOLES  JUEVES  VIERNES  SABADO  PROFESOR  OBSERVACIONES  1843  PSICOLOG.DE LA SALUD EN ELTRABAJO  09:00 a 12:00 A 302  PENICHE AMANTE RODRIGO  1846  INTRODUCCION A LA MERCADOTECNIA  07:00 a 10:00 A 314  MUÑOZ PERTIERRA MERCEDES XOCHITL  Grupo 8607  CLAVE  ASIGNATURA  LUNES  MARTES  MIERCOLES  JUEVES  VIERNES  SABADO  PROFESOR  OBSERVACIONES  1841  FORMACION DE DIRECTIVOS  16:00 a 19:00 A 302  RIVERA GARCIA JORGE LUIS  1845  PROCESOS DE MEJORA CONTINUA  17:00 a 20:00 Edif C Salon 3  TIERRABLANCA BERMUDEZ JEANNETTE BERENICE  1846  INTRODUCCION A LA MERCADOTECNIA  15:00 a 18:00 A 314  PENICHE AMANTE RODRIGO  1847  INVESTIGACION DE MERCADO  15:00 a 18:00 A 201  PENICHE AMANTE RODRIGO  1848  METROLOGIA PSICOLOGICA  16:00 a 19:00 A 314  SALVADOR GINEZ OCTAVIO  Grupo 8608  CLAVE  ASIGNATURA  LUNES  MARTES  MIERCOLES  JUEVES  VIERNES  SABADO  PROFESOR  OBSERVACIONES  1839  CULTURA Y COMPORTAMIENTO ORGANIZAC.  16:00 a 19:00 B 17  GARCIA SAISO ALEJANDRA  1843  PSICOLOG.DE LA SALUD EN ELTRABAJO  16:00 a 19:00 B 17  GARCIA SAISO ALEJANDRA  Grupo 8609  CLAVE  ASIGNATURA  LUNES  MARTES  MIERCOLES  JUEVES  VIERNES  SABADO  PROFESOR  OBSERVACIONES  1839  CULTURA Y COMPORTAMIENTO ORGANIZAC.  17:00 a 20:00 A 202  PATLAN PEREZ JUANA  1840  DESARROLLO DE EQUIPOS DE TRABAJO  16:00 a 19:00 A 202  PROFESOR PENDIENTE LA ASIGNATURA SERá IMPARTIDA POR LA MTRA. ABIGAIL PéREZ AGUILAR  1842  IMPACTO PSICOSOCIAL DE LS EMPRESAS  15:00 a 18:00 A 202  MARTINEZ MEJIA EMMANUEL  1843  PSICOLOG.DE LA SALUD EN ELTRABAJO  16:00 a 19:00 A 202  RIVERA GARCIA JORGE LUIS  Grupo 8610  CLAVE  ASIGNATURA  LUNES  MARTES  MIERCOLES  JUEVES  VIERNES  SABADO  PROFESOR  OBSERVACIONES  1841  FORMACION DE DIRECTIVOS  17:00 a 20:00 Edif C Salon 4  PROFESOR PENDIENTE LA ASIGNATURA SERá IMPARTIDA POR EL DR. VíCTOR SERRANO GARCíA 1844  CALIDAD,PRODUCTIV.Y COMPETITIVID.  17:00 a 20:00 Edif C Salon 4  TIERRABLANCA BERMUDEZ JEANNETTE BERENICE",,,,,,,,PSICOLOGIA ORGANIZACIONAL
Grupo 8601,Grupo 8601,Grupo 8601,Grupo 8601,Grupo 8601,Grupo 8601,Grupo 8601,Grupo 8601,Grupo 8601,Grupo 8601,PSICOLOGIA ORGANIZACIONAL
1841,FORMACION DE DIRECTIVOS,,,,,09:00 a 12:00 A 113,,RIVERA GARCIA JORGE LUIS,,PSICOLOGIA ORGANIZACIONAL
1845,PROCESOS DE MEJORA CONTINUA,,,,09:00 a 12:00 A 314,,,REYES DOMINGUEZ DAVID RAUNEL,,PSICOLOGIA ORGANIZACIONAL
1847,INVESTIGACION DE MERCADO,,,08:00 a 11:00 A 314,,,,ONGAY VALLE MIRNA ROCIO,,PSICOLOGIA ORGANIZACIONAL
1848,METROLOGIA PSICOLOGICA,,,,,12:00 a 15:00 A 211,,RIVERA GARCIA JORGE LUIS,,PSICOLOGIA ORGANIZACIONAL
Grupo 8602,Grupo 8602,Grupo 8602,Grupo 8602,Grupo 8602,Grupo 8602,Grupo 8602,Grupo 8602,Grupo 8602,Grupo 8602,PSICOLOGIA ORGANIZACIONAL
1840,DESARROLLO DE EQUIPOS DE TRABAJO,,,,12:00 a 15:00 A 205,,,SOUZA COLIN ERIKA,,PSICOLOGIA ORGANIZACIONAL
1843,PSICOLOG.DE LA SALUD EN ELTRABAJO,,,,08:00 a 11:00 A 301,,,MARTINEZ MEJIA EMMANUEL,,PSICOLOGIA ORGANIZACIONAL
1844,"CALIDAD,PRODUCTIV.Y COMPETITIVID.",,09:00 a 12:00 Edif C Salon 4,,,,,REYES DOMINGUEZ DAVID RAUNEL,,PSICOLOGIA ORGANIZACIONAL
1847,INVESTIGACION DE MERCADO,10:00 a 13:00 A 307,,,,,,MUÑOZ PERTIERRA MERCEDES XOCHITL,,PSICOLOGIA ORGANIZACIONAL
Grupo 8603,Grupo 8603,Grupo 8603,Grupo 8603,Grupo 8603,Grupo 8603,Grupo 8603,Grupo 8603,Grupo 8603,Grupo 8603,PSICOLOGIA ORGANIZACIONAL
1839,CULTURA Y COMPORTAMIENTO ORGANIZAC.,,08:00 a 11:00 A 301,,,,,PUENTE LOMELIN ARTURO,,PSICOLOGIA ORGANIZACIONAL
1841,FORMACION DE DIRECTIVOS,,,07:00 a 10:00 A 204,,,,MUÑOZ PERTIERRA MERCEDES XOCHITL,,PSICOLOGIA ORGANIZACIONAL
1842,IMPACTO PSICOSOCIAL DE LS EMPRESAS,,,,11:00 a 14:00 A 301,,,GARCIA SAISO ALEJANDRA,,PSICOLOGIA ORGANIZACIONAL
1843,PSICOLOG.DE LA SALUD EN ELTRABAJO,,11:00 a 14:00 A 207,,,,,GARCIA SAISO ALEJANDRA,,PSICOLOGIA ORGANIZACIONAL
1847,INVESTIGACION DE MERCADO,,,,,08:00 a 11:00 B 17,,ONGAY VALLE MIRNA ROCIO,,PSICOLOGIA ORGANIZACIONAL
1848,METROLOGIA PSICOLOGICA,12:00 a 15:00 A 204,,,,,,SALVADOR GINEZ OCTAVIO,,PSICOLOGIA ORGANIZACIONAL
Grupo 8604,Grupo 8604,Grupo 8604,Grupo 8604,Grupo 8604,Grupo 8604,Grupo 8604,Grupo 8604,Grupo 8604,Grupo 8604,PSICOLOGIA ORGANIZACIONAL
1840,DESARROLLO DE EQUIPOS DE TRABAJO,,12:00 a 15:00 B 07,,,,,SOUZA COLIN ERIKA,,PSICOLOGIA ORGANIZACIONAL
1841,FORMACION DE DIRECTIVOS,11:00 a 14:00 A 211,,,,,,LOZADA VAZQUEZ RICARDO ALBERTO,,PSICOLOGIA ORGANIZACIONAL
1846,INTRODUCCION A LA MERCADOTECNIA,,,,08:00 a 11:00 A 102,,,ONGAY VALLE MIRNA ROCIO,,PSICOLOGIA ORGANIZACIONAL
Grupo 8605,Grupo 8605,Grupo 8605,Grupo 8605,Grupo 8605,Grupo 8605,Grupo 8605,Grupo 8605,Grupo 8605,Grupo 8605,PSICOLOGIA ORGANIZACIONAL
1842,IMPACTO PSICOSOCIAL DE LS EMPRESAS,,,11:00 a 14:00 Edif C Salon 1,,,,PATLAN PEREZ JUANA,,PSICOLOGIA ORGANIZACIONAL
1845,PROCESOS DE MEJORA CONTINUA,,12:00 a 15:00 Edif C Salon 1,,,,,PATLAN PEREZ JUANA,,PSICOLOGIA ORGANIZACIONAL
1846,INTRODUCCION A LA MERCADOTECNIA,08:00 a 11:00 A 304,,,,,,ONGAY VALLE MIRNA ROCIO,,PSICOLOGIA ORGANIZACIONAL
Grupo 8606,Grupo 8606,Grupo 8606,Grupo 8606,Grupo 8606,Grupo 8606,Grupo 8606,Grupo 8606,Grupo 8606,Grupo 8606,PSICOLOGIA ORGANIZACIONAL
1843,PSICOLOG.DE LA SALUD EN ELTRABAJO,,,,,09:00 a 12:00 A 302,,PENICHE AMANTE RODRIGO,,PSICOLOGIA ORGANIZACIONAL
1846,INTRODUCCION A LA MERCADOTECNIA,07:00 a 10:00 A 314,,,,,,MUÑOZ PERTIERRA MERCEDES XOCHITL,,PSICOLOGIA ORGANIZACIONAL
Grupo 8607,Grupo 8607,Grupo 8607,Grupo 8607,Grupo 8607,Grupo 8607,Grupo 8607,Grupo 8607,Grupo 8607,Grupo 8607,PSICOLOGIA ORGANIZACIONAL
1841,FORMACION DE DIRECTIVOS,16:00 a 19:00 A 302,,,,,,RIVERA GARCIA JORGE LUIS,,PSICOLOGIA ORGANIZACIONAL
1845,PROCESOS DE MEJORA CONTINUA,,,17:00 a 20:00 Edif C Salon 3,,,,TIERRABLANCA BERMUDEZ JEANNETTE BERENICE,,PSICOLOGIA ORGANIZACIONAL
1846,INTRODUCCION A LA MERCADOTECNIA,,15:00 a 18:00 A 314,,,,,PENICHE AMANTE RODRIGO,,PSICOLOGIA ORGANIZACIONAL
1847,INVESTIGACION DE MERCADO,,,,15:00 a 18:00 A 201,,,PENICHE AMANTE RODRIGO,,PSICOLOGIA ORGANIZACIONAL
1848,METROLOGIA PSICOLOGICA,,,,,16:00 a 19:00 A 314,,SALVADOR GINEZ OCTAVIO,,PSICOLOGIA ORGANIZACIONAL
Grupo 8608,Grupo 8608,Grupo 8608,Grupo 8608,Grupo 8608,Grupo 8608,Grupo 8608,Grupo 8608,Grupo 8608,Grupo 8608,PSICOLOGIA ORGANIZACIONAL
1839,CULTURA Y COMPORTAMIENTO ORGANIZAC.,16:00 a 19:00 B 17,,,,,,GARCIA SAISO ALEJANDRA,,PSICOLOGIA ORGANIZACIONAL
1843,PSICOLOG.DE LA SALUD EN ELTRABAJO,,16:00 a 19:00 B 17,,,,,GARCIA SAISO ALEJANDRA,,PSICOLOGIA ORGANIZACIONAL
Grupo 8609,Grupo 8609,Grupo 8609,Grupo 8609,Grupo 8609,Grupo 8609,Grupo 8609,Grupo 8609,Grupo 8609,Grupo 8609,PSICOLOGIA ORGANIZACIONAL
1839,CULTURA Y COMPORTAMIENTO ORGANIZAC.,,17:00 a 20:00 A 202,,,,,PATLAN PEREZ JUANA,,PSICOLOGIA ORGANIZACIONAL
1840,DESARROLLO DE EQUIPOS DE TRABAJO,,,,16:00 a 19:00 A 202,,,PROFESOR PENDIENTE,LA ASIGNATURA SERá IMPARTIDA POR LA MTRA. ABIGAIL PéREZ AGUILAR,PSICOLOGIA ORGANIZACIONAL
1842,IMPACTO PSICOSOCIAL DE LS EMPRESAS,15:00 a 18:00 A 202,,,,,,MARTINEZ MEJIA EMMANUEL,,PSICOLOGIA ORGANIZACIONAL
1843,PSICOLOG.DE LA SALUD EN ELTRABAJO,,,16:00 a 19:00 A 202,,,,RIVERA GARCIA JORGE LUIS,,PSICOLOGIA ORGANIZACIONAL
Grupo 8610,Grupo 8610,Grupo 8610,Grupo 8610,Grupo 8610,Grupo 8610,Grupo 8610,Grupo 8610,Grupo 8610,Grupo 8610,PSICOLOGIA ORGANIZACIONAL
1841,FORMACION DE DIRECTIVOS,,,,17:00 a 20:00 Edif C Salon 4,,,PROFESOR PENDIENTE,LA ASIGNATURA SERá IMPARTIDA POR EL DR. VíCTOR SERRANO GARCíA,PSICOLOGIA ORGANIZACIONAL
1844,"CALIDAD,PRODUCTIV.Y COMPETITIVID.",,17:00 a 20:00 Edif C Salon 4,,,,,TIERRABLANCA BERMUDEZ JEANNETTE BERENICE,,PSICOLOGIA ORGANIZACIONAL
Selecciona el semestre a consultar  ----------- 2do Semestre 	4to Semestre 	6to Semestre 	8vo Semestre  OPTATIVAS DE GENERO (Plan 2008)  OPTATIVAS,Selecciona el tipo de busqueda  ----------- Grupo 	Asignatura,Selecciona el campo del conocimiento  ----------- CIENCIAS COGNITIVAS Y DEL COMPORTAMIENTO 	PROCESOS PSICOSOCIALES Y CULTURALES 	PSICOBIOLOGIA Y NEUROCIENCIAS 	PSICOLOGIA CLINICA Y DE LA SALUD 	PSICOLOGIA DE LA EDUCACION 	PSICOLOGIA ORGANIZACIONAL 	CONTEXTUAL,,,,,,,,CONTEXTUAL
,,,,,,,,,,CONTEXTUAL
,,,,,,,,,,CONTEXTUAL
Grupo 8701  CLAVE  ASIGNATURA  LUNES  MARTES  MIERCOLES  JUEVES  VIERNES  SABADO  PROFESOR  OBSERVACIONES  1800  COMPRENSION DE LA REALIDAD SOC. III  17:00 a 19:00 A 109  NAVARRO CORONA CLAUDIA IVETTE  Grupo 8702  CLAVE  ASIGNATURA  LUNES  MARTES  MIERCOLES  JUEVES  VIERNES  SABADO  PROFESOR  OBSERVACIONES  1800  COMPRENSION DE LA REALIDAD SOC. III  09:00 a 11:00 A 109  VALENCIA CRUZ ALEJANDRA  Grupo 8703  CLAVE  ASIGNATURA  LUNES  MARTES  MIERCOLES  JUEVES  VIERNES  SABADO  PROFESOR  OBSERVACIONES  1800  COMPRENSION DE LA REALIDAD SOC. III  07:00 a 09:00 A 106  BUZO CASANOVA ENRIQUE RICARDO  Grupo 8704  CLAVE  ASIGNATURA  LUNES  MARTES  MIERCOLES  JUEVES  VIERNES  SABADO  PROFESOR  OBSERVACIONES  1800  COMPRENSION DE LA REALIDAD SOC. III  10:00 a 12:00 A 107  JURADO CARDENAS RAUL  Grupo 8705  CLAVE  ASIGNATURA  LUNES  MARTES  MIERCOLES  JUEVES  VIERNES  SABADO  PROFESOR  OBSERVACIONES  1800  COMPRENSION DE LA REALIDAD SOC. III  16:00 a 18:00 A 106  PROFESOR PENDIENTE LA CLASE LA IMPARTIRA LA PROFESORA YAMILET TORRES  Grupo 8706  CLAVE  ASIGNATURA  LUNES  MARTES  MIERCOLES  JUEVES  VIERNES  SABADO  PROFESOR  OBSERVACIONES  1800  COMPRENSION DE LA REALIDAD SOC. III  18:00 a 20:00 A 306  CARRILLO URIBE ALEJANDRO  Grupo 8707  CLAVE  ASIGNATURA  LUNES  MARTES  MIERCOLES  JUEVES  VIERNES  SABADO  PROFESOR  OBSERVACIONES  1800  COMPRENSION DE LA REALIDAD SOC. III  08:00 a 10:00 A 305  JURADO CARDENAS RAUL  Grupo 8708  CLAVE  ASIGNATURA  LUNES  MARTES  MIERCOLES  JUEVES  VIERNES  SABADO  PROFESOR  OBSERVACIONES  1800  COMPRENSION DE LA REALIDAD SOC. III  16:00 a 18:00 A 109  NAVARRO CORONA CLAUDIA IVETTE  Grupo 8709  CLAVE  ASIGNATURA  LUNES  MARTES  MIERCOLES  JUEVES  VIERNES  SABADO  PROFESOR  OBSERVACIONES  1800  COMPRENSION DE LA REALIDAD SOC. III  16:00 a 18:00 A 109  TREJO MORALES MARTHA PATRICIA  Grupo 8710  CLAVE  ASIGNATURA  LUNES  MARTES  MIERCOLES  JUEVES  VIERNES  SABADO  PROFESOR  OBSERVACIONES  1800  COMPRENSION DE LA REALIDAD SOC. III  13:00 a 15:00 AULA PENDIENTE  NAVARRO CORONA CLAUDIA IVETTE  Grupo 8711  CLAVE  ASIGNATURA  LUNES  MARTES  MIERCOLES  JUEVES  VIERNES  SABADO  PROFESOR  OBSERVACIONES  1800  COMPRENSION DE LA REALIDAD SOC. III  16:00 a 18:00 A 108  PROFESOR PENDIENTE LA CLASE LA IMPARTIRÁ EL PROF. SANTIAGO VILLASEÑOR  Grupo 8712  CLAVE  ASIGNATURA  LUNES  MARTES  MIERCOLES  JUEVES  VIERNES  SABADO  PROFESOR  OBSERVACIONES  1800  COMPRENSION DE LA REALIDAD SOC. III  07:00 a 09:00 A 104  BUZO CASANOVA ENRIQUE RICARDO  Grupo 8713  CLAVE  ASIGNATURA  LUNES  MARTES  MIERCOLES  JUEVES  VIERNES  SABADO  PROFESOR  OBSERVACIONES  1800  COMPRENSION DE LA REALIDAD SOC. III  12:00 a 14:00 A 306  PROFESOR PENDIENTE TEMáTICA: MéXICO NACIóN MULTICULTURAL A CARGO DEL PUIC.,Grupo 8701  CLAVE  ASIGNATURA  LUNES  MARTES  MIERCOLES  JUEVES  VIERNES  SABADO  PROFESOR  OBSERVACIONES  1800  COMPRENSION DE LA REALIDAD SOC. III  17:00 a 19:00 A 109  NAVARRO CORONA CLAUDIA IVETTE  Grupo 8702  CLAVE  ASIGNATURA  LUNES  MARTES  MIERCOLES  JUEVES  VIERNES  SABADO  PROFESOR  OBSERVACIONES  1800  COMPRENSION DE LA REALIDAD SOC. III  09:00 a 11:00 A 109  VALENCIA CRUZ ALEJANDRA  Grupo 8703  CLAVE  ASIGNATURA  LUNES  MARTES  MIERCOLES  JUEVES  VIERNES  SABADO  PROFESOR  OBSERVACIONES  1800  COMPRENSION DE LA REALIDAD SOC. III  07:00 a 09:00 A 106  BUZO CASANOVA ENRIQUE RICARDO  Grupo 8704  CLAVE  ASIGNATURA  LUNES  MARTES  MIERCOLES  JUEVES  VIERNES  SABADO  PROFESOR  OBSERVACIONES  1800  COMPRENSION DE LA REALIDAD SOC. III  10:00 a 12:00 A 107  JURADO CARDENAS RAUL  Grupo 8705  CLAVE  ASIGNATURA  LUNES  MARTES  MIERCOLES  JUEVES  VIERNES  SABADO  PROFESOR  OBSERVACIONES  1800  COMPRENSION DE LA REALIDAD SOC. III  16:00 a 18:00 A 106  PROFESOR PENDIENTE LA CLASE LA IMPARTIRA LA PROFESORA YAMILET TORRES  Grupo 8706  CLAVE  ASIGNATURA  LUNES  MARTES  MIERCOLES  JUEVES  VIERNES  SABADO  PROFESOR  OBSERVACIONES  1800  COMPRENSION DE LA REALIDAD SOC. III  18:00 a 20:00 A 306  CARRILLO URIBE ALEJANDRO  Grupo 8707  CLAVE  ASIGNATURA  LUNES  MARTES  MIERCOLES  JUEVES  VIERNES  SABADO  PROFESOR  OBSERVACIONES  1800  COMPRENSION DE LA REALIDAD SOC. III  08:00 a 10:00 A 305  JURADO CARDENAS RAUL  Grupo 8708  CLAVE  ASIGNATURA  LUNES  MARTES  MIERCOLES  JUEVES  VIERNES  SABADO  PROFESOR  OBSERVACIONES  1800  COMPRENSION DE LA REALIDAD SOC. III  16:00 a 18:00 A 109  NAVARRO CORONA CLAUDIA IVETTE  Grupo 8709  CLAVE  ASIGNATURA  LUNES  MARTES  MIERCOLES  JUEVES  VIERNES  SABADO  PROFESOR  OBSERVACIONES  1800  COMPRENSION DE LA REALIDAD SOC. III  16:00 a 18:00 A 109  TREJO MORALES MARTHA PATRICIA  Grupo 8710  CLAVE  ASIGNATURA  LUNES  MARTES  MIERCOLES  JUEVES  VIERNES  SABADO  PROFESOR  OBSERVACIONES  1800  COMPRENSION DE LA REALIDAD SOC. III  13:00 a 15:00 AULA PENDIENTE  NAVARRO CORONA CLAUDIA IVETTE  Grupo 8711  CLAVE  ASIGNATURA  LUNES  MARTES  MIERCOLES  JUEVES  VIERNES  SABADO  PROFESOR  OBSERVACIONES  1800  COMPRENSION DE LA REALIDAD SOC. III  16:00 a 18:00 A 108  PROFESOR PENDIENTE LA CLASE LA IMPARTIRÁ EL PROF. SANTIAGO VILLASEÑOR  Grupo 8712  CLAVE  ASIGNATURA  LUNES  MARTES  MIERCOLES  JUEVES  VIERNES  SABADO  PROFESOR  OBSERVACIONES  1800  COMPRENSION DE LA REALIDAD SOC. III  07:00 a 09:00 A 104  BUZO CASANOVA ENRIQUE RICARDO  Grupo 8713  CLAVE  ASIGNATURA  LUNES  MARTES  MIERCOLES  JUEVES  VIERNES  SABADO  PROFESOR  OBSERVACIONES  1800  COMPRENSION DE LA REALIDAD SOC. III  12:00 a 14:00 A 306  PROFESOR PENDIENTE TEMáTICA: MéXICO NACIóN MULTICULTURAL A CARGO DEL PUIC.,Grupo 8701  CLAVE  ASIGNATURA  LUNES  MARTES  MIERCOLES  JUEVES  VIERNES  SABADO  PROFESOR  OBSERVACIONES  1800  COMPRENSION DE LA REALIDAD SOC. III  17:00 a 19:00 A 109  NAVARRO CORONA CLAUDIA IVETTE  Grupo 8702  CLAVE  ASIGNATURA  LUNES  MARTES  MIERCOLES  JUEVES  VIERNES  SABADO  PROFESOR  OBSERVACIONES  1800  COMPRENSION DE LA REALIDAD SOC. III  09:00 a 11:00 A 109  VALENCIA CRUZ ALEJANDRA  Grupo 8703  CLAVE  ASIGNATURA  LUNES  MARTES  MIERCOLES  JUEVES  VIERNES  SABADO  PROFESOR  OBSERVACIONES  1800  COMPRENSION DE LA REALIDAD SOC. III  07:00 a 09:00 A 106  BUZO CASANOVA ENRIQUE RICARDO  Grupo 8704  CLAVE  ASIGNATURA  LUNES  MARTES  MIERCOLES  JUEVES  VIERNES  SABADO  PROFESOR  OBSERVACIONES  1800  COMPRENSION DE LA REALIDAD SOC. III  10:00 a 12:00 A 107  JURADO CARDENAS RAUL  Grupo 8705  CLAVE  ASIGNATURA  LUNES  MARTES  MIERCOLES  JUEVES  VIERNES  SABADO  PROFESOR  OBSERVACIONES  1800  COMPRENSION DE LA REALIDAD SOC. III  16:00 a 18:00 A 106  PROFESOR PENDIENTE LA CLASE LA IMPARTIRA LA PROFESORA YAMILET TORRES  Grupo 8706  CLAVE  ASIGNATURA  LUNES  MARTES  MIERCOLES  JUEVES  VIERNES  SABADO  PROFESOR  OBSERVACIONES  1800  COMPRENSION DE LA REALIDAD SOC. III  18:00 a 20:00 A 306  CARRILLO URIBE ALEJANDRO  Grupo 8707  CLAVE  ASIGNATURA  LUNES  MARTES  MIERCOLES  JUEVES  VIERNES  SABADO  PROFESOR  OBSERVACIONES  1800  COMPRENSION DE LA REALIDAD SOC. III  08:00 a 10:00 A 305  JURADO CARDENAS RAUL  Grupo 8708  CLAVE  ASIGNATURA  LUNES  MARTES  MIERCOLES  JUEVES  VIERNES  SABADO  PROFESOR  OBSERVACIONES  1800  COMPRENSION DE LA REALIDAD SOC. III  16:00 a 18:00 A 109  NAVARRO CORONA CLAUDIA IVETTE  Grupo 8709  CLAVE  ASIGNATURA  LUNES  MARTES  MIERCOLES  JUEVES  VIERNES  SABADO  PROFESOR  OBSERVACIONES  1800  COMPRENSION DE LA REALIDAD SOC. III  16:00 a 18:00 A 109  TREJO MORALES MARTHA PATRICIA  Grupo 8710  CLAVE  ASIGNATURA  LUNES  MARTES  MIERCOLES  JUEVES  VIERNES  SABADO  PROFESOR  OBSERVACIONES  1800  COMPRENSION DE LA REALIDAD SOC. III  13:00 a 15:00 AULA PENDIENTE  NAVARRO CORONA CLAUDIA IVETTE  Grupo 8711  CLAVE  ASIGNATURA  LUNES  MARTES  MIERCOLES  JUEVES  VIERNES  SABADO  PROFESOR  OBSERVACIONES  1800  COMPRENSION DE LA REALIDAD SOC. III  16:00 a 18:00 A 108  PROFESOR PENDIENTE LA CLASE LA IMPARTIRÁ EL PROF. SANTIAGO VILLASEÑOR  Grupo 8712  CLAVE  ASIGNATURA  LUNES  MARTES  MIERCOLES  JUEVES  VIERNES  SABADO  PROFESOR  OBSERVACIONES  1800  COMPRENSION DE LA REALIDAD SOC. III  07:00 a 09:00 A 104  BUZO CASANOVA ENRIQUE RICARDO  Grupo 8713  CLAVE  ASIGNATURA  LUNES  MARTES  MIERCOLES  JUEVES  VIERNES  SABADO  PROFESOR  OBSERVACIONES  1800  COMPRENSION DE LA REALIDAD SOC. III  12:00 a 14:00 A 306  PROFESOR PENDIENTE TEMáTICA: MéXICO NACIóN MULTICULTURAL A CARGO DEL PUIC.,,,,,,,,CONTEXTUAL
Grupo 8701,Grupo 8701,Grupo 8701,Grupo 8701,Grupo 8701,Grupo 8701,Grupo 8701,Grupo 8701,Grupo 8701,Grupo 8701,CONTEXTUAL
1800,COMPRENSION DE LA REALIDAD SOC. III,17:00 a 19:00 A 109,,,,,,NAVARRO CORONA CLAUDIA IVETTE,,CONTEXTUAL
Grupo 8702,Grupo 8702,Grupo 8702,Grupo 8702,Grupo 8702,Grupo 8702,Grupo 8702,Grupo 8702,Grupo 8702,Grupo 8702,CONTEXTUAL
1800,COMPRENSION DE LA REALIDAD SOC. III,,,09:00 a 11:00 A 109,,,,VALENCIA CRUZ ALEJANDRA,,CONTEXTUAL
Grupo 8703,Grupo 8703,Grupo 8703,Grupo 8703,Grupo 8703,Grupo 8703,Grupo 8703,Grupo 8703,Grupo 8703,Grupo 8703,CONTEXTUAL
1800,COMPRENSION DE LA REALIDAD SOC. III,07:00 a 09:00 A 106,,,,,,BUZO CASANOVA ENRIQUE RICARDO,,CONTEXTUAL
Grupo 8704,Grupo 8704,Grupo 8704,Grupo 8704,Grupo 8704,Grupo 8704,Grupo 8704,Grupo 8704,Grupo 8704,Grupo 8704,CONTEXTUAL
1800,COMPRENSION DE LA REALIDAD SOC. III,,,10:00 a 12:00 A 107,,,,JURADO CARDENAS RAUL,,CONTEXTUAL
Grupo 8705,Grupo 8705,Grupo 8705,Grupo 8705,Grupo 8705,Grupo 8705,Grupo 8705,Grupo 8705,Grupo 8705,Grupo 8705,CONTEXTUAL
1800,COMPRENSION DE LA REALIDAD SOC. III,16:00 a 18:00 A 106,,,,,,PROFESOR PENDIENTE,LA CLASE LA IMPARTIRA LA PROFESORA YAMILET TORRES,CONTEXTUAL
Grupo 8706,Grupo 8706,Grupo 8706,Grupo 8706,Grupo 8706,Grupo 8706,Grupo 8706,Grupo 8706,Grupo 8706,Grupo 8706,CONTEXTUAL
1800,COMPRENSION DE LA REALIDAD SOC. III,,18:00 a 20:00 A 306,,,,,CARRILLO URIBE ALEJANDRO,,CONTEXTUAL
Grupo 8707,Grupo 8707,Grupo 8707,Grupo 8707,Grupo 8707,Grupo 8707,Grupo 8707,Grupo 8707,Grupo 8707,Grupo 8707,CONTEXTUAL
1800,COMPRENSION DE LA REALIDAD SOC. III,08:00 a 10:00 A 305,,,,,,JURADO CARDENAS RAUL,,CONTEXTUAL
Grupo 8708,Grupo 8708,Grupo 8708,Grupo 8708,Grupo 8708,Grupo 8708,Grupo 8708,Grupo 8708,Grupo 8708,Grupo 8708,CONTEXTUAL
1800,COMPRENSION DE LA REALIDAD SOC. III,,,,16:00 a 18:00 A 109,,,NAVARRO CORONA CLAUDIA IVETTE,,CONTEXTUAL
Grupo 8709,Grupo 8709,Grupo 8709,Grupo 8709,Grupo 8709,Grupo 8709,Grupo 8709,Grupo 8709,Grupo 8709,Grupo 8709,CONTEXTUAL
1800,COMPRENSION DE LA REALIDAD SOC. III,,16:00 a 18:00 A 109,,,,,TREJO MORALES MARTHA PATRICIA,,CONTEXTUAL
Grupo 8710,Grupo 8710,Grupo 8710,Grupo 8710,Grupo 8710,Grupo 8710,Grupo 8710,Grupo 8710,Grupo 8710,Grupo 8710,CONTEXTUAL
1800,COMPRENSION DE LA REALIDAD SOC. III,,,,13:00 a 15:00 AULA PENDIENTE,,,NAVARRO CORONA CLAUDIA IVETTE,,CONTEXTUAL
Grupo 8711,Grupo 8711,Grupo 8711,Grupo 8711,Grupo 8711,Grupo 8711,Grupo 8711,Grupo 8711,Grupo 8711,Grupo 8711,CONTEXTUAL
1800,COMPRENSION DE LA REALIDAD SOC. III,,,,,16:00 a 18:00 A 108,,PROFESOR PENDIENTE,LA CLASE LA IMPARTIRÁ EL PROF. SANTIAGO VILLASEÑOR,CONTEXTUAL
Grupo 8712,Grupo 8712,Grupo 8712,Grupo 8712,Grupo 8712,Grupo 8712,Grupo 8712,Grupo 8712,Grupo 8712,Grupo 8712,CONTEXTUAL
1800,COMPRENSION DE LA REALIDAD SOC. III,,07:00 a 09:00 A 104,,,,,BUZO CASANOVA ENRIQUE RICARDO,,CONTEXTUAL
Grupo 8713,Grupo 8713,Grupo 8713,Grupo 8713,Grupo 8713,Grupo 8713,Grupo 8713,Grupo 8713,Grupo 8713,Grupo 8713,CONTEXTUAL
1800,COMPRENSION DE LA REALIDAD SOC. III,12:00 a 14:00 A 306,,,,,,PROFESOR PENDIENTE,TEMáTICA: MéXICO NACIóN MULTICULTURAL A CARGO DEL PUIC.,CONTEXTUAL
